"Date","Price","Open","High","Low","Vol.","Change %"
"08/21/2026","563.57","571.48","572.95","563.07","1.10M","-1.38%"
"08/20/2026","571.48","586.67","591.68","569.54","1.56M","-3.00%"
"08/19/2026","589.15","605.00","606.07","589.04","1.01M","-2.97%"
"08/18/2026","607.17","600.07","612.75","600.07","1.02M","2.26%"
"08/17/2026","593.74","605.50","607.03","593.56","880.69K","-2.45%"
"08/14/2026","608.68","603.00","609.24","599.11","862.63K","1.78%"
"08/13/2026","598.01","609.78","609.78","596.48","798.42K","-1.44%"
"08/12/2026","606.72","595.48","610.36","588.01","1.04M","1.50%"
"08/11/2026","597.77","600.31","602.75","592.89","924.97K","-0.89%"
"08/10/2026","603.16","591.77","606.65","589.72","1.19M","2.59%"
"08/07/2026","587.95","581.11","588.39","577.00","749.59K","0.88%"
"08/06/2026","582.85","584.31","588.49","577.81","738.80K","0.91%"
"08/05/2026","577.60","593.00","593.69","577.13","954.71K","-1.99%"
"08/04/2026","589.33","587.19","592.50","578.30","1.18M","0.52%"
"08/03/2026","586.29","583.50","589.41","579.03","1.24M","0.61%"
"07/31/2026","582.74","574.11","583.89","570.89","1.42M","1.50%"
"07/30/2026","574.11","565.76","574.76","556.55","1.51M","0.86%"
"07/29/2026","569.20","585.00","587.00","568.73","1.61M","-2.08%"
"07/28/2026","581.31","589.00","593.77","576.73","1.28M","0.23%"
"07/27/2026","580.00","581.88","587.99","578.00","1.08M","-0.45%"
"07/24/2026","582.60","568.59","588.41","568.59","1.74M","2.46%"
"07/23/2026","568.59","545.00","576.00","545.00","3.28M","10.54%"
"07/22/2026","514.36","515.79","521.00","512.00","1.14M","1.43%"
"07/21/2026","507.09","501.00","507.75","487.15","1.32M","-0.48%"
"07/20/2026","509.54","510.63","515.84","507.74","998.39K","0.15%"
"07/17/2026","508.77","519.00","527.33","507.68","1.27M","-0.92%"
"07/16/2026","513.52","514.99","520.13","511.31","758.10K","-0.18%"
"07/15/2026","514.46","514.83","520.68","512.78","816.49K","-0.10%"
"07/14/2026","514.99","518.36","526.26","514.87","698.46K","-1.09%"
"07/13/2026","520.68","525.01","527.45","517.26","714.61K","-0.49%"
"07/10/2026","523.22","516.42","524.00","513.81","662.79K","0.96%"
"07/09/2026","518.26","522.50","525.01","515.55","989.60K","-1.84%"
"07/08/2026","527.96","537.63","537.63","525.35","927.70K","-1.39%"
"07/07/2026","535.38","546.00","547.47","531.77","847.56K","-0.49%"
"07/06/2026","538.00","545.00","545.91","535.17","937.94K","-1.45%"
"07/02/2026","545.91","529.00","545.99","529.00","1.40M","4.62%"
"07/01/2026","521.82","517.00","524.24","514.34","1.28M","2.43%"
"06/30/2026","509.46","504.00","509.46","498.30","1.16M","1.47%"
"06/29/2026","502.07","508.50","510.14","501.75","997.48K","-1.05%"
"06/26/2026","507.40","505.25","518.24","503.90","3.67M","0.47%"
"06/25/2026","505.02","495.95","512.57","494.25","1.38M","2.72%"
"06/24/2026","491.64","502.93","503.34","491.49","1.29M","-2.39%"
"06/23/2026","503.67","498.83","504.30","496.53","827.47K","2.04%"
"06/22/2026","493.60","508.50","510.00","490.05","1.70M","-3.40%"
"06/18/2026","510.95","535.56","536.90","505.18","3.98M","-4.01%"
"06/17/2026","532.32","530.25","539.47","528.90","1.14M","-0.68%"
"06/16/2026","535.95","531.26","538.50","527.01","848.11K","1.05%"
"06/15/2026","530.36","535.42","535.80","528.59","1.20M","-1.85%"
"06/12/2026","540.33","547.00","550.86","538.31","1.03M","-1.52%"
"06/11/2026","548.68","528.62","550.99","528.26","1.38M","4.51%"
"06/10/2026","525.02","534.25","535.20","524.81","934.26K","-0.96%"
"06/09/2026","530.13","519.00","530.18","518.87","1.02M","1.93%"
"06/08/2026","520.07","523.00","527.11","516.85","847.80K","-0.70%"
"06/05/2026","523.76","520.00","528.01","519.95","903.14K","0.91%"
"06/04/2026","519.05","517.74","522.70","514.14","851.28K","1.37%"
"06/03/2026","512.03","512.25","524.54","510.54","1.04M","-0.27%"
"06/02/2026","513.43","514.50","516.71","510.10","1.08M","-0.59%"
"06/01/2026","516.50","523.98","525.99","515.88","1.37M","-2.63%"
"05/29/2026","530.45","536.24","537.25","527.95","2.25M","-1.26%"
"05/28/2026","537.21","534.16","541.21","531.14","1.14M","1.14%"
"05/27/2026","531.14","531.98","533.57","524.25","1.05M","-0.33%"
"05/26/2026","532.90","536.00","536.02","529.00","1.35M","-0.06%"
"05/22/2026","533.24","524.86","534.27","524.00","1.05M","2.00%"
"05/21/2026","522.79","523.24","529.48","517.02","1.64M","0.04%"
"05/20/2026","522.59","526.63","526.85","517.00","1.02M","-0.77%"
"05/19/2026","526.63","527.51","530.26","523.48","1.11M","-0.32%"
"05/18/2026","528.31","517.81","528.39","512.76","1.38M","2.38%"
"05/15/2026","516.01","521.36","524.93","514.73","1.30M","-0.85%"
"05/14/2026","520.41","520.74","521.43","515.25","856.60K","0.09%"
"05/13/2026","519.94","517.47","520.87","510.79","824.65K","-0.20%"
"05/12/2026","521.00","512.50","522.51","512.50","1.16M","1.71%"
"05/11/2026","512.25","505.00","515.63","502.45","1.36M","1.13%"
"05/08/2026","506.51","508.59","512.00","504.50","1.29M","-1.15%"
"05/07/2026","512.41","515.03","515.50","503.03","2.06M","-0.36%"
"05/06/2026","514.26","508.95","514.47","500.31","1.59M","1.05%"
"05/05/2026","508.93","520.00","520.00","507.49","1.37M","-1.78%"
"05/04/2026","518.15","513.41","524.50","512.00","1.37M","1.05%"
"05/01/2026","512.77","517.95","519.58","512.12","1.40M","-1.00%"
"04/30/2026","517.97","511.08","518.23","507.90","1.59M","1.60%"
"04/29/2026","509.81","513.97","516.00","501.95","1.62M","-0.48%"
"04/28/2026","512.29","518.44","518.68","507.56","1.46M","-0.21%"
"04/27/2026","513.35","514.05","527.66","511.91","2.11M","-0.02%"
"04/24/2026","513.45","525.00","526.80","503.60","3.09M","-3.08%"
"04/23/2026","529.79","533.91","538.81","522.26","3.21M","-4.62%"
"04/22/2026","555.43","575.88","576.07","550.19","2.29M","-2.89%"
"04/21/2026","571.95","580.29","580.97","568.84","1.60M","-1.61%"
"04/20/2026","581.28","593.60","598.00","578.23","1.72M","-1.84%"
"04/17/2026","592.19","604.33","609.38","588.41","1.70M","-2.52%"
"04/16/2026","607.49","610.71","613.00","601.41","853.84K","-0.59%"
"04/15/2026","611.10","611.00","615.59","607.34","879.31K","-0.08%"
"04/14/2026","611.58","617.00","617.00","609.06","905.71K","-1.31%"
"04/13/2026","619.69","617.87","622.51","615.01","678.73K","0.97%"
"04/10/2026","613.72","619.28","621.70","607.16","874.04K","-1.63%"
"04/09/2026","623.87","627.99","636.88","623.09","911.06K","-0.74%"
"04/08/2026","628.50","612.27","630.67","605.50","1.28M","0.13%"
"04/07/2026","627.70","635.60","636.80","625.82","732.12K","-1.60%"
"04/06/2026","637.90","623.11","637.92","621.36","1.13M","2.43%"
"04/02/2026","622.79","616.70","626.51","616.01","1.12M","0.83%"
"04/01/2026","617.64","608.82","619.10","606.11","1.12M","2.19%"
"03/31/2026","604.39","604.50","610.00","598.70","1.33M","0.97%"
"03/30/2026","598.57","621.03","623.32","593.88","1.85M","-2.80%"
"03/27/2026","615.84","625.70","631.45","613.66","1.06M","-1.83%"
"03/26/2026","627.33","619.80","632.92","619.80","1.26M","0.50%"
"03/25/2026","624.20","612.50","626.93","612.42","1.19M","2.30%"
"03/24/2026","610.17","612.95","615.30","605.00","1.08M","-0.99%"
"03/23/2026","616.25","629.07","629.66","610.63","1.39M","-1.78%"
"03/20/2026","627.43","635.86","638.51","622.37","6.51M","-1.58%"
"03/19/2026","637.51","639.06","640.00","623.75","1.54M","-0.74%"
"03/18/2026","642.28","641.11","645.85","636.45","1.03M","0.94%"
"03/17/2026","636.33","644.96","645.00","632.79","1.39M","-1.37%"
"03/16/2026","645.20","645.22","651.55","639.00","1.18M","-0.12%"
"03/13/2026","646.00","652.67","660.00","640.50","1.07M","-1.05%"
"03/12/2026","652.83","651.95","661.00","646.63","1.41M","0.52%"
"03/11/2026","649.47","645.32","657.00","644.13","1.37M","-0.27%"
"03/10/2026","651.22","657.95","659.89","646.20","1.65M","-1.95%"
"03/09/2026","664.15","675.58","676.08","657.34","2.37M","-1.13%"
"03/06/2026","671.77","661.65","672.86","656.40","1.90M","2.56%"
"03/05/2026","655.00","662.10","663.00","647.23","1.72M","-1.43%"
"03/04/2026","664.48","670.00","671.00","652.54","1.65M","-0.50%"
"03/03/2026","667.82","682.00","686.47","657.56","2.14M","-1.31%"
"03/02/2026","676.70","685.50","692.00","664.01","3.25M","2.83%"
"02/27/2026","658.08","648.09","662.47","647.10","2.60M","2.56%"
"02/26/2026","641.63","646.46","647.50","638.03","1.27M","-0.91%"
"02/25/2026","647.50","662.44","663.55","634.03","1.66M","-2.55%"
"02/24/2026","664.43","658.29","669.10","652.57","1.36M","0.58%"
"02/23/2026","660.62","655.62","663.27","653.69","1.20M","0.36%"
"02/20/2026","658.26","666.77","668.25","648.41","1.45M","-1.24%"
"02/19/2026","666.51","656.50","669.75","655.50","1.37M","2.57%"
"02/18/2026","649.81","657.17","660.55","647.19","1.35M","0.04%"
"02/17/2026","649.58","653.00","656.22","642.00","1.17M","-0.46%"
"02/13/2026","652.58","639.00","656.34","639.00","1.49M","2.38%"
"02/12/2026","637.43","630.00","644.25","630.00","1.75M","1.39%"
"02/11/2026","628.70","631.23","633.59","621.67","1.02M","-0.14%"
"02/10/2026","629.56","637.47","638.29","626.51","1.21M","-1.37%"
"02/09/2026","638.29","625.28","638.97","625.01","1.59M","2.36%"
"02/06/2026","623.58","614.59","624.09","611.20","1.10M","2.36%"
"02/05/2026","609.18","602.73","614.00","595.00","1.68M","1.07%"
"02/04/2026","602.76","630.82","632.05","596.23","2.65M","-4.06%"
"02/03/2026","628.26","640.00","646.59","618.45","2.30M","-1.22%"
"02/02/2026","636.00","620.00","640.98","615.18","1.97M","0.28%"
"01/30/2026","634.22","621.00","641.19","615.51","2.10M","1.88%"
"01/29/2026","622.51","609.24","645.67","607.56","3.93M","4.23%"
"01/28/2026","597.27","592.90","599.32","583.00","1.32M","0.39%"
"01/27/2026","594.95","580.00","595.87","573.82","1.71M","2.28%"
"01/26/2026","581.66","590.00","590.40","575.63","1.46M","-1.55%"
"01/23/2026","590.82","594.64","596.22","586.01","1.27M","-0.52%"
"01/22/2026","593.91","585.18","595.95","582.49","1.49M","1.31%"
"01/21/2026","586.23","576.06","588.97","576.06","1.82M","1.77%"
"01/20/2026","576.06","580.00","586.85","573.39","1.52M","-1.09%"
"01/16/2026","582.43","578.21","582.93","577.42","2.38M","0.79%"
"01/15/2026","577.89","568.66","579.60","559.73","1.76M","0.91%"
"01/14/2026","572.70","556.99","578.04","556.12","2.64M","2.58%"
"01/13/2026","558.30","560.02","563.30","550.84","2.01M","1.28%"
"01/12/2026","551.24","548.96","554.27","540.31","2.97M","1.53%"
"01/09/2026","542.92","525.88","546.07","525.88","2.65M","4.72%"
"01/08/2026","518.44","531.89","542.87","513.01","4.11M","4.34%"
"01/07/2026","496.87","525.31","532.38","496.00","4.08M","-4.82%"
"01/06/2026","522.04","517.06","538.73","517.06","2.81M","2.05%"
"01/05/2026","511.57","503.93","515.88","503.00","1.98M","2.92%"
"01/02/2026","497.07","483.25","497.16","476.54","1.13M","2.77%"
"12/31/2025","483.67","489.00","489.68","483.52","670.34K","-0.89%"
"12/30/2025","488.00","489.34","491.70","487.94","996.45K","-0.18%"
"12/29/2025","488.87","483.83","489.43","483.29","933.38K","1.21%"
"12/26/2025","483.03","485.20","487.06","481.18","606.02K","-0.56%"
"12/24/2025","485.75","485.00","491.18","484.45","581.60K","0.66%"
"12/23/2025","482.55","484.00","484.95","481.00","864.25K","-0.21%"
"12/22/2025","483.57","474.96","485.02","474.96","1.12M","1.99%"
"12/19/2025","474.13","466.34","475.72","464.88","2.83M","0.85%"
"12/18/2025","470.14","472.41","476.20","469.00","1.36M","-0.98%"
"12/17/2025","474.79","471.00","476.89","462.25","1.99M","-0.48%"
"12/16/2025","477.06","479.61","479.79","473.86","1.26M","-1.52%"
"12/15/2025","484.42","478.99","484.77","477.23","1.00M","0.87%"
"12/12/2025","480.25","475.66","480.84","470.79","1.38M","1.13%"
"12/11/2025","474.88","470.29","479.70","470.29","1.29M","1.48%"
"12/10/2025","467.94","465.21","473.08","455.88","2.31M","0.22%"
"12/09/2025","466.89","466.28","472.81","465.00","1.10M","0.32%"
"12/08/2025","465.38","453.50","465.56","451.48","1.39M","2.91%"
"12/05/2025","452.20","447.78","452.82","446.41","1.29M","0.86%"
"12/04/2025","448.35","448.18","449.53","445.43","1.28M","0.35%"
"12/03/2025","446.80","443.41","448.47","439.05","1.75M","1.13%"
"12/02/2025","441.82","440.98","442.75","437.25","1.54M","0.60%"
"12/01/2025","439.19","453.28","454.08","438.50","1.66M","-4.08%"
"11/28/2025","457.86","454.54","457.86","452.61","748.02K","0.81%"
"11/26/2025","454.16","453.30","457.26","452.98","1.30M","0.39%"
"11/25/2025","452.41","451.06","454.03","448.48","1.62M","0.30%"
"11/24/2025","451.06","459.43","461.19","450.06","1.41M","-2.11%"
"11/21/2025","460.78","468.60","469.40","459.96","1.58M","-1.60%"
"11/20/2025","468.26","473.88","477.43","465.02","1.04M","-0.35%"
"11/19/2025","469.91","472.00","472.42","468.30","861.61K","-1.01%"
"11/18/2025","474.72","475.22","485.00","471.20","1.24M","0.84%"
"11/17/2025","470.78","467.28","471.60","464.72","1.82M","1.08%"
"11/14/2025","465.77","455.85","466.39","454.00","1.18M","2.18%"
"11/13/2025","455.85","458.01","460.91","455.10","819.82K","-0.26%"
"11/12/2025","457.04","456.14","459.77","455.22","935.76K","-0.01%"
"11/11/2025","457.07","451.77","461.77","451.00","1.32M","1.10%"
"11/10/2025","452.10","456.00","457.10","448.48","1.63M","-1.36%"
"11/07/2025","458.35","468.90","469.40","456.20","2.51M","-2.25%"
"11/06/2025","468.92","473.11","474.18","466.11","1.09M","-0.89%"
"11/05/2025","473.14","483.02","485.85","473.14","1.71M","-2.44%"
"11/04/2025","484.98","484.46","488.50","481.00","1.17M","-0.61%"
"11/03/2025","487.94","491.00","491.51","484.75","846.72K","-0.80%"
"10/31/2025","491.88","489.00","493.61","486.05","1.19M","0.44%"
"10/30/2025","489.72","485.57","494.46","485.50","1.08M","0.90%"
"10/29/2025","485.33","485.00","488.82","483.67","971.47K","-0.09%"
"10/28/2025","485.77","486.37","489.40","483.62","1.22M","-0.23%"
"10/27/2025","486.91","484.08","487.31","479.87","1.42M","0.31%"
"10/24/2025","485.41","490.28","491.82","484.08","1.37M","-0.54%"
"10/23/2025","488.05","488.12","493.98","486.52","1.45M","0.19%"
"10/22/2025","487.14","491.47","492.41","482.54","1.73M","-0.48%"
"10/21/2025","489.50","482.71","506.60","482.71","2.87M","-3.24%"
"10/20/2025","505.90","496.43","505.90","496.43","1.43M","2.17%"
"10/17/2025","495.15","490.48","496.68","488.10","1.92M","0.39%"
"10/16/2025","493.25","500.74","501.31","492.00","1.10M","-1.23%"
"10/15/2025","499.41","503.00","505.00","485.48","1.68M","-1.14%"
"10/14/2025","505.18","501.25","507.00","499.00","1.08M","0.27%"
"10/13/2025","503.83","502.30","507.43","500.00","926.72K","-0.24%"
"10/10/2025","505.05","508.83","513.45","500.54","1.31M","-0.53%"
"10/09/2025","507.76","513.89","515.19","503.81","1.19M","-1.22%"
"10/08/2025","514.02","515.25","516.00","511.22","798.43K","0.58%"
"10/07/2025","511.07","514.20","515.98","509.14","922.41K","-0.62%"
"10/06/2025","514.24","506.63","515.43","506.63","1.39M","1.93%"
"10/03/2025","504.49","499.42","506.81","499.24","1.01M","1.03%"
"10/02/2025","499.36","499.24","503.60","497.01","915.83K","0.07%"
"10/01/2025","499.00","496.17","504.07","495.00","1.19M","-0.04%"
"09/30/2025","499.21","492.58","499.89","491.14","1.31M","1.47%"
"09/29/2025","491.98","497.00","498.99","489.22","1.39M","0.93%"
"09/26/2025","487.44","487.91","490.75","484.57","914.28K","0.64%"
"09/25/2025","484.34","489.58","490.74","484.06","1.21M","-0.39%"
"09/24/2025","486.25","487.15","495.24","485.51","1.42M","-0.09%"
"09/23/2025","486.67","480.90","486.78","479.34","1.14M","1.31%"
"09/22/2025","480.39","473.67","482.07","473.01","1.41M","1.58%"
"09/19/2025","472.94","474.23","477.00","471.38","2.84M","-0.14%"
"09/18/2025","473.62","471.12","474.36","467.99","1.11M","0.11%"
"09/17/2025","473.12","474.93","477.19","472.64","1.02M","-0.25%"
"09/16/2025","474.32","473.59","478.44","471.67","1.16M","0.23%"
"09/15/2025","473.25","471.47","474.29","468.99","1.15M","0.41%"
"09/12/2025","471.31","468.93","472.98","467.17","1.04M","0.12%"
"09/11/2025","470.73","463.85","472.40","462.99","1.62M","1.48%"
"09/10/2025","463.87","456.21","464.38","455.71","1.08M","1.49%"
"09/09/2025","457.06","457.61","457.87","452.42","1.01M","-0.45%"
"09/08/2025","459.11","462.92","462.92","452.77","1.48M","-1.03%"
"09/05/2025","463.90","456.77","463.98","456.77","1.47M","1.54%"
"09/04/2025","456.85","450.96","457.17","449.50","1.45M","1.73%"
"09/03/2025","449.06","451.07","452.00","446.69","1.54M","-0.76%"
"09/02/2025","452.50","453.80","455.77","447.59","1.65M","-0.69%"
"08/29/2025","455.63","457.52","459.90","454.88","1.37M","-0.12%"
"08/28/2025","456.18","453.87","456.55","450.36","1.39M","0.38%"
"08/27/2025","454.47","456.87","459.47","454.00","1.29M","-0.22%"
"08/26/2025","455.46","450.52","456.37","447.00","2.05M","1.73%"
"08/25/2025","447.72","447.07","448.75","445.10","985.19K","0.34%"
"08/22/2025","446.20","449.99","452.56","444.86","1.89M","-0.22%"
"08/21/2025","447.20","444.99","448.49","444.70","1.03M","0.27%"
"08/20/2025","446.00","440.14","447.08","440.14","1.28M","1.11%"
"08/19/2025","441.10","439.86","444.50","438.60","1.25M","0.10%"
"08/18/2025","440.64","440.55","443.77","439.12","1.15M","0.70%"
"08/15/2025","437.56","437.84","441.42","436.46","1.50M","0.05%"
"08/14/2025","437.32","436.04","443.90","434.84","1.73M","-1.19%"
"08/13/2025","442.57","432.52","443.45","431.42","1.89M","2.55%"
"08/12/2025","431.56","425.92","431.59","425.00","1.49M","1.24%"
"08/11/2025","426.26","426.00","427.82","424.12","1.46M","0.15%"
"08/08/2025","425.63","431.19","433.59","423.91","1.48M","-1.19%"
"08/07/2025","430.75","430.43","434.85","428.05","1.49M","-0.94%"
"08/06/2025","434.85","427.77","436.62","427.66","2.03M","1.54%"
"08/05/2025","428.24","423.33","430.07","421.86","1.64M","1.07%"
"08/04/2025","423.70","420.00","424.60","419.00","1.55M","0.64%"
"08/01/2025","421.01","420.76","423.96","417.00","2.01M","0.01%"
"07/31/2025","420.98","417.13","422.58","412.55","2.18M","0.55%"
"07/30/2025","418.68","420.13","422.80","417.15","1.63M","-0.35%"
"07/29/2025","420.13","422.74","423.65","417.35","2.43M","-0.29%"
"07/28/2025","421.34","425.90","428.86","421.17","2.42M","0.04%"
"07/25/2025","421.17","421.54","425.67","418.51","2.46M","0.15%"
"07/24/2025","420.55","421.00","426.88","420.13","3.08M","0.28%"
"07/23/2025","419.39","413.76","423.37","411.00","4.58M","2.11%"
"07/22/2025","410.74","422.75","437.45","410.11","8.89M","-10.81%"
"07/21/2025","460.53","464.64","467.36","460.53","1.58M","-0.74%"
"07/18/2025","463.96","469.22","471.21","460.97","1.85M","-1.12%"
"07/17/2025","469.20","470.50","474.40","467.71","926.15K","-0.48%"
"07/16/2025","471.47","469.67","472.60","466.41","935.24K","0.29%"
"07/15/2025","470.12","473.29","473.94","468.51","1.04M","-0.73%"
"07/14/2025","473.57","470.00","474.76","468.00","1.49M","1.30%"
"07/11/2025","467.51","464.75","468.21","461.82","1.21M","0.69%"
"07/10/2025","464.31","458.68","466.48","456.00","1.26M","0.27%"
"07/09/2025","463.06","465.38","465.99","460.20","892.70K","0.01%"
"07/08/2025","463.01","464.20","466.62","460.65","1.24M","-1.29%"
"07/07/2025","469.06","464.50","470.55","461.37","1.22M","1.41%"
"07/03/2025","462.52","463.71","465.35","460.97","707.86K","-0.01%"
"07/02/2025","462.55","466.00","466.92","458.61","1.13M","-0.73%"
"07/01/2025","465.94","463.00","469.44","460.00","1.24M","0.60%"
"06/30/2025","463.14","459.45","463.82","457.88","1.21M","0.99%"
"06/27/2025","458.59","455.64","459.18","451.46","2.00M","0.15%"
"06/26/2025","457.90","459.31","464.07","456.64","1.59M","-0.11%"
"06/25/2025","458.39","464.21","464.88","456.50","1.27M","-0.39%"
"06/24/2025","460.20","467.85","468.70","457.68","1.97M","-2.59%"
"06/23/2025","472.46","472.93","482.37","468.53","2.67M","0.40%"
"06/20/2025","470.56","469.00","474.31","461.11","2.42M","0.42%"
"06/18/2025","468.60","478.45","482.36","467.96","1.87M","-2.24%"
"06/17/2025","479.34","470.76","481.58","467.50","2.19M","2.63%"
"06/16/2025","467.06","482.01","482.73","464.52","2.77M","-3.99%"
"06/13/2025","486.45","478.97","488.30","473.35","2.73M","3.66%"
"06/12/2025","469.27","457.31","469.27","456.50","1.70M","2.77%"
"06/11/2025","456.60","464.15","464.15","443.41","3.62M","-4.26%"
"06/10/2025","476.90","480.00","481.65","475.64","1.15M","-0.82%"
"06/09/2025","480.83","480.28","482.84","476.62","1.06M","-0.18%"
"06/06/2025","481.69","477.80","481.96","476.97","714.57K","0.77%"
"06/05/2025","478.03","484.37","485.13","471.75","1.06M","-0.87%"
"06/04/2025","482.21","481.99","486.86","481.68","1.27M","0.42%"
"06/03/2025","480.17","479.00","481.13","476.54","1.03M","0.28%"
"06/02/2025","478.82","478.26","479.73","474.00","1.15M","-0.74%"
"05/30/2025","482.38","473.67","482.38","471.06","2.20M","1.83%"
"05/29/2025","473.69","467.93","474.56","465.32","851.60K","0.79%"
"05/28/2025","469.98","477.54","478.98","469.00","956.93K","-1.44%"
"05/27/2025","476.85","470.80","476.85","468.65","1.55M","1.70%"
"05/23/2025","468.88","467.96","469.55","465.56","866.69K","-0.33%"
"05/22/2025","470.45","468.79","472.87","467.12","885.14K","0.04%"
"05/21/2025","470.28","480.83","480.93","470.05","1.44M","-1.16%"
"05/20/2025","475.82","471.23","477.10","470.89","1.06M","0.58%"
"05/19/2025","473.06","469.41","474.44","467.78","1.20M","1.01%"
"05/16/2025","468.32","466.21","468.49","462.66","1.32M","0.68%"
"05/15/2025","465.14","458.97","465.41","455.03","1.76M","3.55%"
"05/14/2025","449.18","460.84","461.80","445.06","2.13M","-2.32%"
"05/13/2025","459.83","472.81","472.81","459.14","1.86M","-2.82%"
"05/12/2025","473.16","473.50","475.68","465.77","1.36M","-0.08%"
"05/09/2025","473.52","475.27","476.63","468.08","979.22K","-0.21%"
"05/08/2025","474.53","473.00","479.00","471.73","1.09M","0.68%"
"05/07/2025","471.32","468.40","474.90","467.06","1.20M","0.66%"
"05/06/2025","468.21","469.77","471.16","463.46","1.14M","-0.71%"
"05/05/2025","471.56","474.00","474.49","469.34","1.15M","-0.26%"
"05/02/2025","472.80","484.75","491.07","467.51","2.09M","-1.03%"
"05/01/2025","477.72","476.00","479.45","473.00","986.35K","-0.01%"
"04/30/2025","477.75","478.27","478.61","471.13","1.10M","0.39%"
"04/29/2025","475.88","475.98","479.30","473.35","897.22K","-0.09%"
"04/28/2025","476.29","479.31","483.79","474.29","1.16M","-0.28%"
"04/25/2025","477.64","469.98","478.46","467.90","1.52M","2.32%"
"04/24/2025","466.81","465.77","467.59","460.16","1.11M","0.70%"
"04/23/2025","463.55","467.00","471.39","457.65","1.35M","0.32%"
"04/22/2025","462.08","458.05","470.77","442.35","2.88M","0.82%"
"04/21/2025","458.33","459.26","463.23","452.79","1.53M","-1.24%"
"04/17/2025","464.08","461.64","469.67","448.39","3.05M","-2.72%"
"04/16/2025","477.08","477.33","482.82","474.53","1.53M","1.60%"
"04/15/2025","469.58","474.27","475.34","468.00","1.22M","-1.21%"
"04/14/2025","475.34","472.80","478.75","467.59","1.08M","0.09%"
"04/11/2025","474.90","464.33","478.17","460.32","1.45M","2.42%"
"04/10/2025","463.70","460.00","469.10","450.38","1.83M","0.32%"
"04/09/2025","462.24","439.24","468.33","435.38","2.29M","4.26%"
"04/08/2025","443.36","448.43","451.39","437.43","2.15M","2.91%"
"04/07/2025","430.82","422.20","438.91","418.88","1.97M","-0.31%"
"04/04/2025","432.15","450.00","454.92","432.13","2.39M","-4.98%"
"04/03/2025","454.78","453.51","461.88","450.80","1.81M","0.42%"
"04/02/2025","452.87","446.22","455.92","445.01","1.27M","0.94%"
"04/01/2025","448.64","448.00","451.25","444.48","1.04M","0.43%"
"03/31/2025","446.71","441.57","451.06","440.74","1.69M","1.18%"
"03/28/2025","441.49","442.23","445.76","439.56","1.60M","-0.18%"
"03/27/2025","442.28","446.03","448.14","440.22","1.56M","-0.65%"
"03/26/2025","445.17","444.28","451.20","443.00","1.35M","0.70%"
"03/25/2025","442.07","436.77","444.01","433.00","1.60M","1.63%"
"03/24/2025","434.98","425.63","435.77","424.30","3.02M","-1.07%"
"03/21/2025","439.70","478.09","481.50","432.51","7.14M","-5.79%"
"03/20/2025","466.74","469.16","469.90","464.21","922.08K","-0.81%"
"03/19/2025","470.55","471.23","475.69","466.77","1.12M","0.27%"
"03/18/2025","469.28","468.12","471.63","465.39","881.96K","0.36%"
"03/17/2025","467.61","463.84","472.27","462.83","1.05M","0.31%"
"03/14/2025","466.17","465.92","469.00","461.96","972.66K","-0.38%"
"03/13/2025","467.93","460.05","468.53","459.86","1.16M","1.39%"
"03/12/2025","461.50","465.14","466.82","456.00","1.27M","-1.57%"
"03/11/2025","468.88","476.71","478.65","466.54","1.46M","-2.15%"
"03/10/2025","479.17","475.46","494.20","473.70","2.28M","1.17%"
"03/07/2025","473.65","458.00","477.49","458.00","2.17M","2.63%"
"03/06/2025","461.50","461.32","463.50","453.41","1.40M","0.23%"
"03/05/2025","460.42","451.13","463.48","449.37","2.06M","2.58%"
"03/04/2025","448.82","450.78","463.74","448.49","2.27M","-0.69%"
"03/03/2025","451.94","452.87","454.43","448.83","1.58M","0.35%"
"02/28/2025","450.37","447.00","450.80","445.03","1.43M","0.88%"
"02/27/2025","446.46","442.19","447.08","441.45","1.46M","1.12%"
"02/26/2025","441.50","445.83","448.00","439.34","1.47M","-1.55%"
"02/25/2025","448.46","441.75","451.67","441.00","1.72M","1.86%"
"02/24/2025","440.27","442.00","448.28","438.54","1.95M","-0.10%"
"02/21/2025","440.72","436.39","443.73","435.67","1.65M","1.02%"
"02/20/2025","436.29","429.58","438.00","429.31","1.36M","0.77%"
"02/19/2025","432.95","431.00","438.00","425.58","2.80M","1.03%"
"02/18/2025","428.54","429.69","432.93","423.50","2.81M","1.26%"
"02/14/2025","423.19","433.55","435.16","419.70","3.25M","-2.65%"
"02/13/2025","434.72","442.50","445.30","432.01","2.40M","-1.64%"
"02/12/2025","441.97","447.26","449.14","441.05","1.28M","-1.64%"
"02/11/2025","449.36","447.90","451.80","444.99","906.23K","0.25%"
"02/10/2025","448.22","444.80","448.94","440.71","1.43M","0.86%"
"02/07/2025","444.39","449.90","451.50","443.78","1.35M","-0.92%"
"02/06/2025","448.52","450.00","452.17","444.63","1.29M","-0.30%"
"02/05/2025","449.87","457.00","457.10","448.77","1.14M","-0.84%"
"02/04/2025","453.68","454.00","455.41","451.26","1.23M","-0.38%"
"02/03/2025","455.42","458.80","461.33","453.58","1.48M","-1.63%"
"01/31/2025","462.95","460.00","464.23","457.15","1.47M","0.72%"
"01/30/2025","459.65","456.58","459.89","451.32","1.91M","1.16%"
"01/29/2025","454.36","460.00","462.49","449.40","2.40M","-0.68%"
"01/28/2025","457.45","473.70","479.73","457.27","4.02M","-9.18%"
"01/27/2025","503.69","500.09","507.11","496.78","1.95M","1.35%"
"01/24/2025","496.96","495.00","497.29","494.60","759.70K","-0.06%"
"01/23/2025","497.28","503.52","506.00","493.98","913.14K","-0.41%"
"01/22/2025","499.34","503.24","505.53","495.18","1.33M","-1.37%"
"01/21/2025","506.29","495.00","509.55","494.72","1.62M","3.26%"
"01/17/2025","490.32","487.54","492.05","484.19","1.34M","0.71%"
"01/16/2025","486.86","481.80","487.00","481.50","956.52K","0.60%"
"01/15/2025","483.97","487.76","487.76","480.37","882.41K","-0.10%"
"01/14/2025","484.46","485.00","485.20","477.97","1.16M","0.27%"
"01/13/2025","483.16","469.00","484.82","468.80","1.44M","3.23%"
"01/10/2025","468.05","468.00","471.59","465.73","1.13M","-0.17%"
"01/08/2025","468.85","463.50","469.22","461.24","998.67K","1.05%"
"01/07/2025","463.96","465.72","473.42","462.94","1.28M","-0.44%"
"01/06/2025","466.00","478.75","480.00","465.86","1.70M","-3.28%"
"01/03/2025","481.82","481.42","483.92","480.91","817.60K","-0.09%"
"01/02/2025","482.25","485.94","489.72","481.42","953.95K","-0.76%"
"12/31/2024","485.94","484.38","486.53","482.00","731.99K","0.53%"
"12/30/2024","483.37","486.00","486.55","481.85","887.81K","-1.15%"
"12/27/2024","488.97","488.38","493.40","486.38","820.79K","-0.21%"
"12/26/2024","489.98","488.00","493.47","486.27","662.46K","0.38%"
"12/24/2024","488.13","486.06","488.73","484.01","375.89K","0.34%"
"12/23/2024","486.49","487.43","488.85","481.83","1.05M","-0.52%"
"12/20/2024","489.02","479.45","489.02","477.77","3.97M","1.95%"
"12/19/2024","479.66","480.00","484.00","477.30","1.25M","-0.68%"
"12/18/2024","482.94","489.50","490.24","482.41","1.42M","-1.56%"
"12/17/2024","490.61","489.05","493.00","487.76","1.35M","-0.21%"
"12/16/2024","491.65","494.80","494.80","490.15","1.48M","-0.61%"
"12/13/2024","494.65","495.57","499.22","492.18","990.25K","-0.39%"
"12/12/2024","496.58","500.00","501.10","488.71","1.86M","-1.52%"
"12/11/2024","504.24","513.80","514.00","503.30","1.31M","-1.70%"
"12/10/2024","512.94","509.16","514.61","508.10","1.18M","0.57%"
"12/09/2024","510.01","511.19","516.36","508.55","1.17M","-0.59%"
"12/06/2024","513.03","515.72","517.44","509.60","1.29M","-0.86%"
"12/05/2024","517.48","517.42","520.56","514.01","1.11M","0.00%"
"12/04/2024","517.50","516.13","519.83","513.14","1.54M","0.10%"
"12/03/2024","517.00","520.14","521.50","516.25","1.19M","-0.64%"
"12/02/2024","520.34","525.25","526.78","519.30","1.12M","-1.71%"
"11/29/2024","529.41","527.77","529.48","524.59","658.25K","0.70%"
"11/27/2024","525.75","523.54","529.99","523.17","890.39K","0.82%"
"11/26/2024","521.45","519.39","524.06","519.39","1.35M","-0.08%"
"11/25/2024","521.89","532.98","534.16","514.90","3.61M","-3.75%"
"11/22/2024","542.22","545.00","546.00","539.92","1.31M","0.04%"
"11/21/2024","542.01","535.14","544.68","533.72","1.32M","1.36%"
"11/20/2024","534.73","534.18","535.23","529.20","994.37K","0.28%"
"11/19/2024","533.26","537.08","539.32","531.21","936.05K","0.43%"
"11/18/2024","530.96","536.40","537.98","528.74","1.30M","-0.72%"
"11/15/2024","534.83","537.87","542.54","531.42","1.76M","-0.77%"
"11/14/2024","538.99","561.35","561.35","533.78","1.97M","-3.36%"
"11/13/2024","557.73","564.00","565.00","556.33","1.12M","-1.45%"
"11/12/2024","565.96","574.32","576.43","564.80","1.13M","-0.81%"
"11/11/2024","570.58","570.22","576.15","569.80","1.17M","1.07%"
"11/08/2024","564.56","555.47","566.81","554.72","1.17M","2.31%"
"11/07/2024","551.84","555.00","557.00","549.67","818.60K","0.00%"
"11/06/2024","551.82","561.40","561.40","540.00","1.75M","0.93%"
"11/05/2024","546.75","545.00","547.17","542.00","610.14K","0.67%"
"11/04/2024","543.10","545.70","548.81","540.41","827.56K","-0.41%"
"11/01/2024","545.35","548.00","549.33","544.62","792.76K","-0.13%"
"10/31/2024","546.05","547.04","551.68","542.67","1.25M","0.02%"
"10/30/2024","545.94","546.90","551.26","543.20","1.01M","-0.16%"
"10/29/2024","546.80","552.80","553.40","546.41","1.04M","-1.51%"
"10/28/2024","555.17","563.00","563.16","554.49","1.28M","-1.27%"
"10/25/2024","562.29","566.70","569.98","561.10","1.08M","-0.34%"
"10/24/2024","564.21","570.73","573.93","564.18","1.10M","-1.21%"
"10/23/2024","571.10","577.02","582.18","571.00","1.40M","-1.02%"
"10/22/2024","576.98","606.90","608.34","574.00","2.26M","-6.12%"
"10/21/2024","614.61","615.64","618.95","611.36","1.02M","0.46%"
"10/18/2024","611.81","611.39","613.37","608.49","864.09K","0.36%"
"10/17/2024","609.62","612.83","614.48","607.24","617.49K","-0.52%"
"10/16/2024","612.83","603.00","613.01","602.62","549.40K","1.29%"
"10/15/2024","605.00","612.50","614.62","603.72","849.84K","-0.96%"
"10/14/2024","610.87","606.00","611.99","603.78","562.29K","1.11%"
"10/11/2024","604.17","600.58","604.55","600.09","526.03K","1.12%"
"10/10/2024","597.49","606.11","607.29","596.22","853.77K","-1.26%"
"10/09/2024","605.11","606.71","607.14","603.02","543.84K","-0.48%"
"10/08/2024","608.05","607.22","610.75","603.09","571.79K","0.41%"
"10/07/2024","605.54","607.00","611.59","604.00","1.10M","0.07%"
"10/04/2024","605.13","603.66","606.29","599.32","560.05K","-0.11%"
"10/03/2024","605.82","604.44","609.00","601.00","856.58K","0.43%"
"10/02/2024","603.20","604.94","610.00","601.42","1.19M","-0.44%"
"10/01/2024","605.86","586.12","611.49","581.91","2.36M","3.64%"
"09/30/2024","584.56","584.14","584.95","579.21","975.50K","0.38%"
"09/27/2024","582.36","577.65","584.07","575.33","848.12K","0.86%"
"09/26/2024","577.40","575.00","582.53","574.44","746.29K","-0.09%"
"09/25/2024","577.94","581.56","583.75","576.86","844.52K","-0.12%"
"09/24/2024","578.63","578.93","581.16","576.15","690.12K","-0.32%"
"09/23/2024","580.51","571.50","581.75","570.82","884.70K","1.50%"
"09/20/2024","571.92","563.08","573.50","562.94","3.79M","1.19%"
"09/19/2024","565.18","566.47","567.53","562.16","917.67K","-0.05%"
"09/18/2024","565.49","566.32","569.54","562.28","731.82K","-0.27%"
"09/17/2024","567.01","566.66","568.11","563.60","739.89K","-1.03%"
"09/16/2024","572.92","574.41","577.00","568.99","597.81K","0.53%"
"09/13/2024","569.91","567.00","572.46","564.53","638.81K","0.29%"
"09/12/2024","568.27","565.00","568.97","563.90","739.42K","0.23%"
"09/11/2024","566.96","571.20","572.41","561.07","809.24K","-0.91%"
"09/10/2024","572.19","577.56","577.85","570.42","756.53K","-0.76%"
"09/09/2024","576.57","567.51","578.00","567.48","810.17K","1.75%"
"09/06/2024","566.63","569.05","572.11","564.95","976.69K","-0.34%"
"09/05/2024","568.59","575.20","575.92","564.41","841.03K","-1.08%"
"09/04/2024","574.78","569.34","578.73","568.72","941.77K","1.33%"
"09/03/2024","567.22","567.33","572.00","565.19","1.27M","-0.15%"
"08/30/2024","568.10","564.97","569.09","562.55","1.08M","0.22%"
"08/29/2024","566.85","564.00","568.57","563.00","662.46K","0.51%"
"08/28/2024","563.98","562.20","568.73","561.78","829.31K","0.64%"
"08/27/2024","560.41","559.45","562.19","557.02","749.83K","0.41%"
"08/26/2024","558.10","556.11","560.14","556.11","795.36K","0.56%"
"08/23/2024","555.01","558.00","558.87","552.78","870.36K","-0.36%"
"08/22/2024","557.03","554.18","558.18","553.27","774.58K","0.59%"
"08/21/2024","553.76","558.38","559.99","553.31","883.06K","-0.58%"
"08/20/2024","557.01","557.97","558.90","550.96","972.25K","-0.25%"
"08/19/2024","558.39","555.32","562.76","555.25","709.74K","-0.31%"
"08/16/2024","560.13","561.30","562.42","557.00","912.02K","-0.03%"
"08/15/2024","560.29","561.80","564.08","558.83","974.59K","-0.52%"
"08/14/2024","563.22","558.08","564.22","557.00","796.73K","0.68%"
"08/13/2024","559.42","556.90","559.69","552.31","793.61K","0.45%"
"08/12/2024","556.91","551.07","557.56","550.40","793.92K","0.97%"
"08/09/2024","551.58","552.16","553.61","548.13","825.29K","-0.01%"
"08/08/2024","551.62","545.51","553.68","543.69","846.34K","0.57%"
"08/07/2024","548.51","539.87","552.17","536.74","1.31M","1.28%"
"08/06/2024","541.56","545.98","549.48","541.14","1.03M","-0.70%"
"08/05/2024","545.38","553.16","562.60","538.24","1.68M","-0.62%"
"08/02/2024","548.77","551.12","561.12","541.39","1.48M","-0.02%"
"08/01/2024","548.86","544.04","549.12","540.69","1.27M","1.28%"
"07/31/2024","541.92","543.00","547.00","538.18","1.48M","0.79%"
"07/30/2024","537.66","527.95","538.46","525.03","1.23M","1.90%"
"07/29/2024","527.64","523.00","529.46","519.26","961.35K","0.54%"
"07/26/2024","524.80","522.29","528.64","520.01","1.14M","0.65%"
"07/25/2024","521.40","515.00","526.69","512.87","1.92M","1.20%"
"07/24/2024","515.20","505.00","519.59","501.41","2.58M","2.77%"
"07/23/2024","501.29","488.84","501.77","482.86","2.58M","5.63%"
"07/22/2024","474.59","475.00","476.13","472.85","881.56K","-0.07%"
"07/19/2024","474.92","479.54","479.54","472.81","889.36K","-0.23%"
"07/18/2024","476.00","474.50","480.86","473.02","981.06K","-0.01%"
"07/17/2024","476.07","470.00","476.77","469.70","1.12M","1.60%"
"07/16/2024","468.58","463.75","469.19","463.75","736.55K","1.01%"
"07/15/2024","463.88","466.71","467.25","462.78","783.09K","0.03%"
"07/12/2024","463.73","462.36","464.90","459.53","579.44K","0.73%"
"07/11/2024","460.38","459.92","465.77","456.11","1.13M","-0.14%"
"07/10/2024","461.01","460.37","461.39","457.25","655.97K","0.15%"
"07/09/2024","460.30","461.70","462.62","459.76","537.21K","-0.32%"
"07/08/2024","461.76","462.68","464.57","461.12","447.87K","-0.09%"
"07/05/2024","462.16","464.98","465.00","459.69","631.60K","-0.83%"
"07/03/2024","466.03","465.49","466.47","464.13","313.28K","0.07%"
"07/02/2024","465.70","465.60","466.67","464.02","502.49K","-0.16%"
"07/01/2024","466.44","470.77","471.68","464.76","562.56K","-0.14%"
"06/28/2024","467.10","470.05","471.75","464.87","3.47M","-0.01%"
"06/27/2024","467.13","468.88","468.88","465.30","871.22K","0.03%"
"06/26/2024","466.99","467.00","468.10","463.72","932.06K","-0.23%"
"06/25/2024","468.07","470.82","471.62","466.66","715.82K","-0.73%"
"06/24/2024","471.51","468.96","475.69","467.82","1.03M","0.84%"
"06/21/2024","467.60","467.15","469.80","463.65","3.37M","0.27%"
"06/20/2024","466.34","460.00","467.49","459.16","1.04M","1.38%"
"06/18/2024","460.00","459.80","460.70","457.39","658.08K","0.22%"
"06/17/2024","459.01","457.75","459.19","456.30","669.78K","0.15%"
"06/14/2024","458.34","456.50","458.56","454.44","702.88K","-0.05%"
"06/13/2024","458.56","458.64","459.75","456.01","742.03K","-0.12%"
"06/12/2024","459.11","462.30","463.23","457.67","1.03M","-0.80%"
"06/11/2024","462.80","465.68","466.58","462.58","908.42K","-1.00%"
"06/10/2024","467.46","470.75","470.75","465.76","900.46K","-0.57%"
"06/07/2024","470.13","468.81","475.29","468.62","1.04M","0.32%"
"06/06/2024","468.62","465.23","469.79","464.35","768.31K","0.73%"
"06/05/2024","465.23","468.42","468.85","463.62","915.41K","-0.78%"
"06/04/2024","468.89","467.51","470.16","466.16","845.78K","0.28%"
"06/03/2024","467.60","466.00","470.52","465.01","990.13K","-0.58%"
"05/31/2024","470.34","460.90","470.36","459.49","1.65M","2.04%"
"05/30/2024","460.94","455.00","462.94","455.00","1.17M","1.82%"
"05/29/2024","452.72","455.98","456.00","451.80","1.27M","-1.26%"
"05/28/2024","458.48","465.61","466.00","457.25","1.15M","-1.90%"
"05/24/2024","467.35","467.67","468.66","465.47","513.80K","0.06%"
"05/23/2024","467.08","468.09","469.68","466.23","866.96K","-0.56%"
"05/22/2024","469.71","467.47","469.90","466.78","548.81K","0.30%"
"05/21/2024","468.31","468.00","469.12","466.84","558.98K","0.26%"
"05/20/2024","467.08","467.77","468.77","464.92","735.29K","0.19%"
"05/17/2024","466.20","465.84","467.00","463.15","677.22K","0.29%"
"05/16/2024","464.83","463.60","468.32","453.00","1.13M","0.16%"
"05/15/2024","464.08","466.28","467.40","463.51","804.06K","-0.66%"
"05/14/2024","467.18","471.11","471.11","466.80","565.69K","-0.72%"
"05/13/2024","470.56","469.88","472.35","469.50","634.36K","0.36%"
"05/10/2024","468.88","469.00","470.62","467.98","482.56K","0.10%"
"05/09/2024","468.39","466.08","468.76","465.21","595.05K","0.48%"
"05/08/2024","466.16","467.50","468.00","463.78","599.05K","-0.11%"
"05/07/2024","466.68","464.00","466.81","463.16","723.44K","0.84%"
"05/06/2024","462.78","463.16","463.50","460.18","796.39K","0.19%"
"05/03/2024","461.91","462.93","462.93","457.17","910.78K","-0.28%"
"05/02/2024","463.20","461.10","463.60","459.00","1.01M","0.32%"
"05/01/2024","461.73","462.61","465.40","460.56","995.05K","-0.69%"
"04/30/2024","464.93","467.08","467.98","463.61","711.76K","-0.56%"
"04/29/2024","467.55","461.99","467.65","461.95","951.56K","1.36%"
"04/26/2024","461.29","463.90","466.00","459.17","857.96K","-0.75%"
"04/25/2024","464.78","457.95","465.60","457.53","927.71K","1.23%"
"04/24/2024","459.14","462.70","463.69","456.06","1.02M","-0.20%"
"04/23/2024","460.08","466.11","473.54","457.66","1.79M","-0.27%"
"04/22/2024","461.33","465.23","469.54","460.41","1.82M","-0.55%"
"04/19/2024","463.87","457.80","465.36","457.28","1.39M","1.71%"
"04/18/2024","456.09","454.84","458.05","454.27","715.04K","0.01%"
"04/17/2024","456.05","456.71","457.24","451.73","848.29K","0.38%"
"04/16/2024","454.31","454.71","458.85","453.63","1.45M","0.27%"
"04/15/2024","453.08","458.99","459.30","451.63","2.44M","0.60%"
"04/12/2024","450.40","454.11","457.98","450.11","1.25M","-0.42%"
"04/11/2024","452.32","451.50","453.75","448.95","942.78K","0.14%"
"04/10/2024","451.71","444.69","452.61","442.83","1.25M","0.92%"
"04/09/2024","447.57","448.69","452.06","446.18","842.96K","-1.06%"
"04/08/2024","452.38","456.00","457.00","452.27","751.18K","-0.66%"
"04/05/2024","455.38","452.41","455.57","449.85","892.12K","0.30%"
"04/04/2024","454.04","450.26","455.98","447.14","1.40M","1.37%"
"04/03/2024","447.90","452.92","454.15","447.59","758.77K","-1.18%"
"04/02/2024","453.24","453.63","455.69","452.56","837.97K","0.10%"
"04/01/2024","452.79","454.14","455.36","451.22","717.23K","-0.46%"
"03/28/2024","454.87","456.80","457.11","453.95","1.12M","-0.42%"
"03/27/2024","456.78","447.88","457.11","447.86","1.28M","2.42%"
"03/26/2024","445.99","446.50","448.62","445.86","766.72K","-0.07%"
"03/25/2024","446.31","447.86","448.55","444.81","775.12K","0.10%"
"03/22/2024","445.88","444.50","446.25","443.67","1.01M","0.61%"
"03/21/2024","443.16","441.36","443.89","439.33","912.24K","0.62%"
"03/20/2024","440.41","437.03","440.96","436.56","845.00K","0.74%"
"03/19/2024","437.19","435.25","437.29","433.98","898.86K","0.92%"
"03/18/2024","433.20","435.82","436.09","431.68","965.43K","-0.60%"
"03/15/2024","435.82","433.15","438.21","433.15","5.15M","0.01%"
"03/14/2024","435.77","436.36","437.61","433.30","1.15M","0.27%"
"03/13/2024","434.60","435.71","437.79","433.74","987.11K","-0.07%"
"03/12/2024","434.91","432.92","435.77","432.35","825.09K","0.04%"
"03/11/2024","434.75","434.31","436.01","432.60","951.00K","0.43%"
"03/08/2024","432.90","428.50","432.98","427.57","763.17K","0.68%"
"03/07/2024","429.99","434.00","435.58","429.48","1.09M","-0.81%"
"03/06/2024","433.48","431.98","433.81","430.92","775.39K","0.35%"
"03/05/2024","431.98","433.74","436.01","429.76","1.04M","0.01%"
"03/04/2024","431.94","428.57","433.88","426.95","1.27M","1.29%"
"03/01/2024","426.46","427.90","428.91","424.00","1.06M","-0.42%"
"02/29/2024","428.24","429.33","430.75","427.56","1.50M","-0.98%"
"02/28/2024","432.48","431.88","435.02","430.84","1.03M","0.48%"
"02/27/2024","430.43","428.68","431.23","426.50","886.99K","0.29%"
"02/26/2024","429.18","431.50","432.45","426.79","980.64K","-0.45%"
"02/23/2024","431.12","428.87","431.43","428.20","842.23K","0.52%"
"02/22/2024","428.89","425.09","429.48","423.83","1.24M","0.31%"
"02/21/2024","427.55","426.21","428.22","424.37","970.02K","0.77%"
"02/20/2024","424.27","425.19","428.29","423.77","1.36M","0.05%"
"02/16/2024","424.07","423.12","425.16","422.54","805.98K","0.22%"
"02/15/2024","423.12","418.58","423.35","418.58","1.14M","1.18%"
"02/14/2024","418.19","427.68","428.50","413.92","2.50M","-1.95%"
"02/13/2024","426.52","429.34","431.90","423.24","1.09M","-0.36%"
"02/12/2024","428.07","426.75","430.55","426.00","1.01M","0.37%"
"02/09/2024","426.50","427.53","427.67","424.47","1.04M","-0.12%"
"02/08/2024","427.00","429.36","429.75","425.73","972.22K","-0.72%"
"02/07/2024","430.10","426.54","430.29","426.54","980.87K","0.74%"
"02/06/2024","426.95","421.98","429.02","420.36","1.07M","1.24%"
"02/05/2024","421.70","424.00","424.37","419.83","1.38M","-1.00%"
"02/02/2024","425.97","428.14","428.89","424.38","973.88K","-0.88%"
"02/01/2024","429.77","430.23","431.77","426.70","1.18M","0.08%"
"01/31/2024","429.41","432.35","433.72","429.06","1.12M","-0.53%"
"01/30/2024","431.68","431.27","431.85","427.77","1.02M","0.86%"
"01/29/2024","428.01","431.00","432.03","425.57","1.90M","-0.44%"
"01/26/2024","429.91","431.97","433.42","426.71","1.26M","-0.26%"
"01/25/2024","431.04","430.00","433.94","425.75","1.81M","-0.14%"
"01/24/2024","431.65","439.52","443.20","431.55","1.77M","-1.82%"
"01/23/2024","439.67","458.59","459.00","433.89","3.61M","-4.16%"
"01/22/2024","458.76","457.59","460.83","455.44","1.22M","0.22%"
"01/19/2024","457.76","460.56","460.85","455.96","866.58K","-0.39%"
"01/18/2024","459.57","456.10","459.98","453.54","780.47K","0.68%"
"01/17/2024","456.47","457.67","462.79","455.08","920.83K","-0.30%"
"01/16/2024","457.84","466.27","466.27","456.36","814.92K","-1.15%"
"01/12/2024","463.18","457.37","463.38","456.53","966.48K","2.22%"
"01/11/2024","453.13","456.56","457.80","449.36","784.78K","-0.50%"
"01/10/2024","455.40","456.20","459.65","454.78","666.09K","-0.20%"
"01/09/2024","456.29","458.55","458.61","453.27","733.05K","-0.50%"
"01/08/2024","458.60","454.41","458.69","453.53","716.22K","0.46%"
"01/05/2024","456.50","460.04","460.11","453.27","705.32K","-0.30%"
"01/04/2024","457.87","462.31","463.95","457.77","1.09M","-0.27%"
"01/03/2024","459.12","458.79","464.10","457.80","1.17M","0.66%"
"01/02/2024","456.12","454.30","462.05","454.30","1.21M","0.64%"
"12/29/2023","453.24","452.00","453.50","451.15","832.54K","0.45%"
"12/28/2023","451.23","448.97","451.83","448.46","741.85K","0.50%"
"12/27/2023","448.97","448.55","451.02","448.41","699.96K","-0.27%"
"12/26/2023","450.18","448.15","451.44","447.82","516.99K","0.44%"
"12/22/2023","448.22","450.00","451.74","448.11","623.78K","0.04%"
"12/21/2023","448.02","444.24","448.10","444.21","637.24K","1.22%"
"12/20/2023","442.60","448.04","448.55","442.57","1.31M","-1.16%"
"12/19/2023","447.79","447.68","448.59","446.15","695.03K","0.20%"
"12/18/2023","446.91","442.71","447.26","442.27","1.20M","1.15%"
"12/15/2023","441.81","441.00","444.55","438.71","3.97M","-0.78%"
"12/14/2023","445.27","450.51","450.87","441.44","1.89M","-1.37%"
"12/13/2023","451.44","452.95","454.19","450.50","1.30M","-0.04%"
"12/12/2023","451.63","451.68","453.75","450.37","1.01M","0.08%"
"12/11/2023","451.26","451.88","453.26","449.51","1.02M","0.72%"
"12/08/2023","448.02","448.57","450.53","447.46","761.18K","0.20%"
"12/07/2023","447.11","450.42","451.39","446.29","861.19K","-0.51%"
"12/06/2023","449.41","445.50","450.44","445.50","864.23K","0.71%"
"12/05/2023","446.24","450.29","450.64","445.90","1.06M","-0.99%"
"12/04/2023","450.69","447.37","450.96","446.11","1.27M","0.28%"
"12/01/2023","449.41","448.40","450.66","448.15","856.93K","0.37%"
"11/30/2023","447.77","443.00","447.86","442.51","1.51M","0.62%"
"11/29/2023","445.01","449.54","449.54","443.91","1.27M","-0.73%"
"11/28/2023","448.27","447.86","450.88","446.00","1.12M","0.62%"
"11/27/2023","445.49","451.86","452.83","445.43","1.50M","-1.44%"
"11/24/2023","452.01","451.69","452.59","449.74","326.64K","0.36%"
"11/22/2023","450.40","447.50","451.70","447.50","833.77K","0.50%"
"11/21/2023","448.15","445.00","448.57","444.15","1.18M","0.98%"
"11/20/2023","443.81","444.03","445.59","440.76","982.11K","-0.20%"
"11/17/2023","444.68","446.64","447.23","444.22","898.62K","-0.20%"
"11/16/2023","445.59","445.80","447.67","443.55","912.98K","0.10%"
"11/15/2023","445.14","443.47","448.01","443.47","1.10M","0.21%"
"11/14/2023","444.22","443.00","446.73","441.86","1.34M","-0.18%"
"11/13/2023","445.03","445.00","448.57","443.29","1.00M","0.04%"
"11/10/2023","444.87","444.01","445.83","440.97","1.53M","0.54%"
"11/09/2023","442.46","445.41","445.61","439.68","1.78M","-0.49%"
"11/08/2023","444.66","450.15","451.77","444.03","1.39M","-1.22%"
"11/07/2023","450.15","453.16","453.16","449.69","1.22M","-0.22%"
"11/06/2023","451.16","454.84","454.84","450.64","1.44M","-0.48%"
"11/03/2023","453.34","455.11","457.76","451.13","1.37M","-1.03%"
"11/02/2023","458.04","450.75","458.22","450.75","1.24M","1.25%"
"11/01/2023","452.38","456.33","456.70","451.46","1.27M","-0.50%"
"10/31/2023","454.64","447.30","455.13","445.41","1.42M","1.97%"
"10/30/2023","445.84","444.42","446.86","442.80","948.80K","0.55%"
"10/27/2023","443.39","443.42","447.66","440.23","1.29M","-0.58%"
"10/26/2023","445.97","448.01","451.09","443.68","1.43M","-0.38%"
"10/25/2023","447.69","444.34","449.38","443.68","1.23M","1.54%"
"10/24/2023","440.90","449.13","450.61","440.34","1.37M","-1.18%"
"10/23/2023","446.16","444.21","452.06","443.49","1.50M","0.45%"
"10/20/2023","444.17","451.37","452.60","444.01","1.72M","-1.12%"
"10/19/2023","449.18","443.66","449.67","442.19","2.01M","0.70%"
"10/18/2023","446.07","443.31","447.89","440.27","2.02M","1.12%"
"10/17/2023","441.13","436.56","452.79","435.13","3.10M","0.16%"
"10/16/2023","440.41","439.42","443.50","434.39","1.93M","-0.15%"
"10/13/2023","441.06","438.53","443.12","434.67","1.52M","1.59%"
"10/12/2023","434.14","438.05","439.09","430.11","1.12M","-0.57%"
"10/11/2023","436.65","434.72","438.80","433.30","1.42M","0.36%"
"10/10/2023","435.10","441.52","442.62","432.53","2.63M","-0.33%"
"10/09/2023","436.53","428.72","436.60","423.39","5.34M","8.93%"
"10/06/2023","400.73","395.40","402.42","393.77","1.14M","0.85%"
"10/05/2023","397.35","400.96","401.43","394.62","1.16M","-0.99%"
"10/04/2023","401.33","400.66","402.00","397.11","1.24M","-0.62%"
"10/03/2023","403.83","407.39","407.50","402.59","899.18K","-0.98%"
"10/02/2023","407.82","408.96","410.99","405.89","733.26K","-0.28%"
"09/29/2023","408.96","410.96","411.45","407.59","764.06K","-0.49%"
"09/28/2023","410.96","409.90","412.86","408.82","819.81K","0.55%"
"09/27/2023","408.72","409.18","410.00","405.72","1.32M","-0.01%"
"09/26/2023","408.75","410.63","411.27","407.75","1.11M","-1.01%"
"09/25/2023","412.90","413.23","413.95","411.51","748.38K","-0.18%"
"09/22/2023","413.65","415.94","417.50","413.23","1.45M","-0.93%"
"09/21/2023","417.54","425.73","426.61","417.19","1.67M","-2.20%"
"09/20/2023","426.95","426.95","430.85","426.67","1.04M","0.39%"
"09/19/2023","425.31","430.25","431.08","425.06","862.44K","-1.06%"
"09/18/2023","429.86","427.66","431.45","426.60","951.21K","1.37%"
"09/15/2023","424.05","423.91","428.88","423.71","1.68M","-0.43%"
"09/14/2023","425.89","420.73","426.65","420.73","992.41K","1.16%"
"09/13/2023","420.99","419.82","422.25","418.58","971.57K","0.76%"
"09/12/2023","417.83","419.54","420.11","415.94","1.31M","-0.67%"
"09/11/2023","420.66","422.22","422.73","416.52","1.62M","-0.57%"
"09/08/2023","423.09","426.33","426.44","422.25","1.16M","-0.67%"
"09/07/2023","425.94","424.00","427.77","422.00","1.20M","0.47%"
"09/06/2023","423.94","440.24","441.34","423.66","2.55M","-4.77%"
"09/05/2023","445.19","448.00","448.33","445.05","854.11K","-0.67%"
"09/01/2023","448.18","450.32","451.89","447.78","668.75K","-0.04%"
"08/31/2023","448.35","450.82","453.62","448.14","826.50K","-0.90%"
"08/30/2023","452.41","449.44","455.92","448.48","876.09K","0.89%"
"08/29/2023","448.40","452.32","453.26","444.49","1.05M","-0.87%"
"08/28/2023","452.32","450.81","453.33","450.27","641.01K","0.27%"
"08/25/2023","451.09","455.26","455.26","449.06","785.31K","-0.32%"
"08/24/2023","452.55","453.26","457.67","452.44","697.79K","-0.44%"
"08/23/2023","454.57","454.58","454.89","452.08","1.04M","0.36%"
"08/22/2023","452.94","451.74","453.89","450.46","671.89K","0.32%"
"08/21/2023","451.49","449.84","453.03","449.00","573.50K","0.32%"
"08/18/2023","450.06","445.42","455.36","445.38","1.08M","0.76%"
"08/17/2023","446.68","446.64","450.22","446.43","635.78K","0.35%"
"08/16/2023","445.13","442.86","447.03","442.30","821.97K","0.35%"
"08/15/2023","443.58","448.00","450.00","443.28","725.27K","-1.44%"
"08/14/2023","450.08","454.59","455.61","449.66","752.31K","-0.87%"
"08/11/2023","454.05","451.18","454.09","450.52","690.71K","0.89%"
"08/10/2023","450.05","452.00","453.97","449.26","688.92K","-0.61%"
"08/09/2023","452.81","450.08","454.05","449.99","1.21M","0.74%"
"08/08/2023","449.47","449.00","450.51","447.57","791.64K","-0.07%"
"08/07/2023","449.78","447.32","450.47","446.28","746.80K","0.91%"
"08/04/2023","445.72","448.58","450.29","445.31","846.95K","-0.49%"
"08/03/2023","447.92","447.32","450.20","445.98","1.24M","-0.14%"
"08/02/2023","448.56","451.28","453.13","447.91","905.98K","-0.60%"
"08/01/2023","451.28","447.03","453.12","446.90","1.05M","1.10%"
"07/31/2023","446.37","449.71","449.71","444.63","1.81M","-0.59%"
"07/28/2023","449.00","448.00","450.65","446.49","1.16M","0.08%"
"07/27/2023","448.64","451.50","452.42","445.32","1.60M","-0.92%"
"07/26/2023","452.81","454.33","457.05","451.87","1.32M","-0.30%"
"07/25/2023","454.15","452.43","454.76","447.42","1.21M","-0.58%"
"07/24/2023","456.80","456.00","457.95","454.04","892.43K","0.45%"
"07/21/2023","454.76","454.81","456.93","453.35","934.41K","-0.27%"
"07/20/2023","456.01","452.63","458.20","452.00","1.35M","1.00%"
"07/19/2023","451.51","457.00","459.28","448.11","2.14M","-0.92%"
"07/18/2023","455.70","474.37","479.50","454.28","3.12M","-3.04%"
"07/17/2023","469.97","466.29","473.99","465.62","1.89M","1.22%"
"07/14/2023","464.31","466.00","466.52","462.36","933.20K","-0.44%"
"07/13/2023","466.38","461.00","467.44","460.33","821.86K","0.96%"
"07/12/2023","461.96","467.20","467.22","461.12","1.07M","-0.93%"
"07/11/2023","466.29","461.27","467.10","459.79","709.25K","1.28%"
"07/10/2023","460.38","458.50","462.59","458.05","718.37K","0.36%"
"07/07/2023","458.71","460.00","461.89","458.10","642.17K","-0.63%"
"07/06/2023","461.64","463.00","463.00","459.34","675.97K","-0.24%"
"07/05/2023","462.76","461.57","463.35","458.93","625.51K","0.04%"
"07/03/2023","462.58","460.00","463.33","457.55","385.45K","0.48%"
"06/30/2023","460.38","459.24","462.67","456.79","982.76K","0.64%"
"06/29/2023","457.44","449.92","457.53","448.78","684.26K","1.73%"
"06/28/2023","449.66","453.58","453.76","447.46","849.00K","-0.77%"
"06/27/2023","453.15","452.79","455.63","452.42","671.17K","0.08%"
"06/26/2023","452.80","455.94","456.16","446.68","997.18K","-1.43%"
"06/23/2023","459.36","463.52","465.42","458.13","1.35M","-0.88%"
"06/22/2023","463.43","465.52","466.05","461.50","688.68K","-0.56%"
"06/21/2023","466.04","461.06","467.17","458.01","907.07K","1.67%"
"06/20/2023","458.38","459.48","461.89","457.48","775.25K","-0.17%"
"06/16/2023","459.17","457.73","461.77","456.60","1.64M","0.71%"
"06/15/2023","455.95","454.00","458.51","453.92","892.55K","0.75%"
"06/14/2023","452.55","451.41","453.42","448.57","945.89K","0.04%"
"06/13/2023","452.37","456.01","456.97","445.89","1.49M","-1.63%"
"06/12/2023","459.87","462.79","462.87","458.18","954.66K","-0.61%"
"06/09/2023","462.69","465.39","465.39","460.39","713.25K","-0.32%"
"06/08/2023","464.17","462.18","466.42","461.46","863.51K","0.52%"
"06/07/2023","461.75","458.12","463.75","455.01","893.32K","0.68%"
"06/06/2023","458.63","456.52","459.34","454.39","816.87K","0.87%"
"06/05/2023","454.69","456.14","456.94","452.48","873.99K","0.04%"
"06/02/2023","454.49","452.12","456.36","450.55","894.66K","1.07%"
"06/01/2023","449.67","445.60","450.78","443.42","878.68K","1.27%"
"05/31/2023","444.01","444.62","445.93","443.00","1.67M","-0.88%"
"05/30/2023","447.97","448.08","449.05","444.24","1.16M","-0.11%"
"05/26/2023","448.45","442.86","451.77","442.10","1.14M","1.27%"
"05/25/2023","442.83","451.50","451.50","439.70","1.21M","-2.18%"
"05/24/2023","452.72","453.24","456.74","451.18","858.76K","0.02%"
"05/23/2023","452.63","452.11","456.40","450.00","1.03M","-0.46%"
"05/22/2023","454.72","454.00","457.36","451.59","628.09K","0.05%"
"05/19/2023","454.49","457.03","458.27","452.86","804.26K","-0.28%"
"05/18/2023","455.75","455.41","456.74","449.40","1.46M","-0.34%"
"05/17/2023","457.30","450.00","458.41","449.94","1.10M","2.14%"
"05/16/2023","447.73","452.09","452.44","447.66","569.70K","-0.93%"
"05/15/2023","451.92","450.79","453.35","449.42","668.31K","0.25%"
"05/12/2023","450.79","452.80","453.87","447.80","696.61K","0.02%"
"05/11/2023","450.69","450.58","452.22","448.54","645.43K","-0.54%"
"05/10/2023","453.15","452.81","453.29","448.71","851.08K","0.25%"
"05/09/2023","452.04","452.90","453.91","450.10","623.92K","0.24%"
"05/08/2023","450.96","456.49","458.30","450.07","808.32K","-1.01%"
"05/05/2023","455.54","452.69","457.10","452.08","930.63K","0.80%"
"05/04/2023","451.93","453.66","454.04","446.21","962.89K","-0.25%"
"05/03/2023","453.07","458.20","459.47","452.69","1.12M","-1.27%"
"05/02/2023","458.89","468.38","468.53","457.25","1.11M","-2.25%"
"05/01/2023","469.43","465.04","471.08","464.55","1.52M","1.07%"
"04/28/2023","464.45","464.82","466.16","462.39","1.04M","-0.12%"
"04/27/2023","465.00","461.85","466.33","461.15","1.49M","0.73%"
"04/26/2023","461.62","473.95","473.95","459.60","1.57M","-2.94%"
"04/25/2023","475.58","480.70","480.92","475.56","839.25K","-1.11%"
"04/24/2023","480.92","482.39","483.53","478.72","955.28K","-0.34%"
"04/21/2023","482.55","491.24","491.28","480.61","1.38M","-1.64%"
"04/20/2023","490.60","495.83","495.83","489.06","839.98K","-0.92%"
"04/19/2023","495.16","502.00","503.33","493.88","962.23K","-1.25%"
"04/18/2023","501.41","499.00","508.10","498.00","2.56M","2.40%"
"04/17/2023","489.64","486.57","492.26","486.57","1.29M","0.34%"
"04/14/2023","487.99","489.94","491.50","485.11","843.22K","-0.84%"
"04/13/2023","492.14","486.82","493.51","485.98","909.54K","0.83%"
"04/12/2023","488.10","482.80","491.25","481.69","1.11M","0.05%"
"04/11/2023","487.84","496.38","496.75","487.01","1.22M","-1.79%"
"04/10/2023","496.75","491.77","498.42","491.77","1.02M","1.34%"
"04/06/2023","490.17","491.47","496.98","489.01","1.09M","0.04%"
"04/05/2023","489.99","488.00","493.83","487.03","1.31M","0.30%"
"04/04/2023","488.54","485.59","490.63","484.75","1.08M","0.39%"
"04/03/2023","486.62","473.00","487.90","472.75","1.66M","2.94%"
"03/31/2023","472.73","474.19","475.35","471.03","1.41M","-0.10%"
"03/30/2023","473.18","474.54","475.80","471.73","950.39K","-0.21%"
"03/29/2023","474.19","471.26","474.30","470.68","1.15M","0.58%"
"03/28/2023","471.44","474.00","475.61","471.16","1.08M","-0.41%"
"03/27/2023","473.39","477.11","477.56","472.41","1.27M","-0.24%"
"03/24/2023","474.54","467.90","475.67","467.15","1.13M","1.42%"
"03/23/2023","467.90","468.63","470.95","466.50","1.17M","-0.21%"
"03/22/2023","468.90","475.44","476.77","468.32","1.26M","-1.23%"
"03/21/2023","474.76","478.87","479.25","471.30","1.07M","-0.20%"
"03/20/2023","475.70","468.22","477.77","465.21","1.52M","2.11%"
"03/17/2023","465.87","474.12","474.92","463.29","6.53M","-1.56%"
"03/16/2023","473.24","470.94","478.05","467.74","1.63M","-0.01%"
"03/15/2023","473.31","475.00","475.13","464.57","2.27M","-1.16%"
"03/14/2023","478.87","480.29","481.27","474.87","1.76M","0.32%"
"03/13/2023","477.33","471.87","478.90","470.80","1.70M","0.38%"
"03/10/2023","475.50","475.71","482.30","474.42","1.34M","-0.07%"
"03/09/2023","475.85","483.00","483.26","474.61","1.04M","-0.76%"
"03/08/2023","479.50","481.04","487.64","476.71","1.25M","0.18%"
"03/07/2023","478.66","481.50","485.09","478.00","1.14M","-0.31%"
"03/06/2023","480.17","476.82","481.80","476.82","905.74K","0.48%"
"03/03/2023","477.89","478.90","479.54","476.38","1.06M","-0.09%"
"03/02/2023","478.31","472.98","479.17","472.97","835.81K","0.84%"
"03/01/2023","474.33","473.27","477.21","471.29","957.72K","0.01%"
"02/28/2023","474.26","477.04","478.53","471.82","1.16M","-1.09%"
"02/27/2023","479.49","480.53","484.10","477.19","1.15M","-0.19%"
"02/24/2023","480.40","479.46","481.80","477.30","1.01M","0.28%"
"02/23/2023","479.08","480.00","483.09","475.53","917.42K","-0.09%"
"02/22/2023","479.53","478.81","481.67","477.47","900.55K","0.07%"
"02/21/2023","479.19","480.51","482.40","475.20","1.38M","0.75%"
"02/17/2023","475.63","471.79","475.66","470.84","1.18M","0.93%"
"02/16/2023","471.25","477.00","477.58","466.10","1.94M","-1.93%"
"02/15/2023","480.51","480.83","484.25","477.40","927.17K","-0.22%"
"02/14/2023","481.58","482.45","485.00","479.66","875.68K","-0.08%"
"02/13/2023","481.97","485.19","489.50","480.10","1.20M","0.24%"
"02/10/2023","480.83","472.38","481.86","472.38","1.44M","2.28%"
"02/09/2023","470.09","472.43","474.34","468.20","799.05K","0.09%"
"02/08/2023","469.65","464.97","471.38","463.32","865.03K","0.28%"
"02/07/2023","468.33","472.55","472.99","463.15","1.33M","-0.16%"
"02/06/2023","469.10","463.58","469.77","462.75","1.39M","2.18%"
"02/03/2023","459.08","459.27","462.60","454.94","1.30M","0.41%"
"02/02/2023","457.19","458.37","460.43","453.92","2.10M","-1.09%"
"02/01/2023","462.25","462.51","465.28","459.80","1.24M","-0.22%"
"01/31/2023","463.26","462.28","463.48","459.01","2.06M","0.58%"
"01/30/2023","460.59","462.00","466.70","459.90","1.64M","0.22%"
"01/27/2023","459.60","460.86","466.68","457.45","1.59M","-0.05%"
"01/26/2023","459.81","455.35","463.76","452.83","2.17M","1.24%"
"01/25/2023","454.16","448.00","455.81","444.84","2.35M","1.10%"
"01/24/2023","449.23","442.17","450.96","437.69","2.87M","1.80%"
"01/23/2023","441.28","443.11","446.83","440.86","1.74M","-0.45%"
"01/20/2023","443.28","441.34","443.35","437.62","1.41M","0.90%"
"01/19/2023","439.31","442.76","445.92","439.03","1.47M","-0.44%"
"01/18/2023","441.27","447.16","448.23","440.65","1.65M","-1.32%"
"01/17/2023","447.16","450.30","453.50","446.67","1.75M","-0.59%"
"01/13/2023","449.83","446.50","453.71","444.74","2.21M","-2.58%"
"01/12/2023","461.74","462.99","465.88","459.19","936.69K","-0.27%"
"01/11/2023","463.00","463.37","465.55","461.04","1.06M","0.15%"
"01/10/2023","462.29","462.18","465.47","456.89","1.00M","0.72%"
"01/09/2023","458.99","467.79","470.79","455.30","2.38M","-3.01%"
"01/06/2023","473.24","480.00","488.00","465.77","1.97M","-0.80%"
"01/05/2023","477.07","475.69","478.14","469.90","1.21M","0.12%"
"01/04/2023","476.50","473.25","479.70","469.30","1.39M","-0.22%"
"01/03/2023","477.53","483.39","484.25","474.01","1.66M","-1.84%"
"12/30/2022","486.49","488.00","489.81","481.23","910.04K","-0.11%"
"12/29/2022","487.05","484.00","489.57","483.30","764.23K","0.79%"
"12/28/2022","483.22","486.15","489.00","482.90","810.36K","-0.47%"
"12/27/2022","485.50","485.00","489.24","483.50","788.97K","0.46%"
"12/23/2022","483.29","479.50","484.18","478.36","661.65K","0.83%"
"12/22/2022","479.30","486.50","486.82","473.95","1.52M","-1.71%"
"12/21/2022","487.65","487.88","490.57","485.69","988.28K","0.31%"
"12/20/2022","486.15","482.88","491.45","481.82","1.01M","0.90%"
"12/19/2022","481.79","481.78","487.98","479.93","929.94K","0.00%"
"12/16/2022","481.79","475.63","482.61","473.67","2.59M","0.63%"
"12/15/2022","478.79","481.00","485.10","475.12","1.07M","-1.32%"
"12/14/2022","485.19","481.19","488.27","480.14","1.07M","1.03%"
"12/13/2022","480.22","490.00","490.37","478.67","1.73M","-1.25%"
"12/12/2022","486.32","484.95","487.17","482.50","1.13M","0.57%"
"12/09/2022","483.58","485.64","490.36","483.21","856.51K","-0.37%"
"12/08/2022","485.38","485.26","488.81","481.55","762.29K","0.87%"
"12/07/2022","481.20","484.30","489.24","480.48","999.95K","-0.58%"
"12/06/2022","484.00","491.32","491.32","482.20","1.08M","-1.36%"
"12/05/2022","490.67","490.87","494.98","488.32","1.36M","-1.12%"
"12/02/2022","496.23","481.81","498.95","481.81","1.74M","2.59%"
"12/01/2022","483.69","486.52","488.00","480.67","913.65K","-0.31%"
"11/30/2022","485.19","480.00","485.95","477.73","1.47M","0.23%"
"11/29/2022","484.10","483.10","485.10","481.74","802.62K","0.18%"
"11/28/2022","483.21","480.11","485.24","480.00","939.15K","-0.05%"
"11/25/2022","483.46","484.30","484.50","481.42","321.50K","0.50%"
"11/23/2022","481.07","479.78","482.99","478.72","1.02M","0.33%"
"11/22/2022","479.50","482.97","484.26","479.28","838.41K","-0.30%"
"11/21/2022","480.94","478.49","483.96","478.23","1.73M","0.86%"
"11/18/2022","476.82","473.63","480.87","472.77","2.16M","0.86%"
"11/17/2022","472.77","465.00","474.78","464.26","1.40M","1.40%"
"11/16/2022","466.24","465.24","469.26","461.59","1.02M","-0.22%"
"11/15/2022","467.25","465.84","474.99","458.05","3.27M","1.13%"
"11/14/2022","462.04","467.35","471.98","459.37","2.29M","-0.39%"
"11/11/2022","463.86","480.74","483.83","462.61","3.06M","-5.48%"
"11/10/2022","490.77","488.26","491.22","479.70","1.60M","1.15%"
"11/09/2022","485.18","489.75","492.44","484.24","1.38M","-1.81%"
"11/08/2022","494.12","488.88","494.66","486.84","1.22M","1.12%"
"11/07/2022","488.63","482.48","489.96","480.96","944.76K","1.44%"
"11/04/2022","481.67","485.16","486.50","472.57","1.45M","-0.65%"
"11/03/2022","484.82","479.77","489.97","478.55","1.29M","0.57%"
"11/02/2022","482.06","484.54","488.88","481.50","1.29M","-0.74%"
"11/01/2022","485.63","486.03","491.15","483.87","1.23M","-0.22%"
"10/31/2022","486.68","480.45","488.23","479.43","1.29M","0.37%"
"10/28/2022","484.87","474.00","491.14","472.30","2.05M","2.74%"
"10/27/2022","471.93","464.58","474.17","464.40","1.51M","2.03%"
"10/26/2022","462.56","462.17","470.64","460.46","1.55M","0.52%"
"10/25/2022","460.15","454.05","463.54","452.19","1.54M","0.59%"
"10/24/2022","457.46","459.08","466.18","455.56","2.01M","0.63%"
"10/21/2022","454.61","443.72","454.69","440.15","1.62M","2.31%"
"10/20/2022","444.34","439.62","445.31","437.95","1.78M","1.00%"
"10/19/2022","439.96","433.97","447.57","430.35","2.62M","1.88%"
"10/18/2022","431.84","403.15","435.51","401.54","4.59M","8.69%"
"10/17/2022","397.31","393.00","400.61","392.14","1.62M","2.03%"
"10/14/2022","389.41","404.33","405.38","388.10","1.37M","-4.08%"
"10/13/2022","405.96","393.00","407.05","391.22","1.01M","2.15%"
"10/12/2022","397.42","406.93","408.90","397.14","921.85K","-3.32%"
"10/11/2022","411.06","405.66","416.15","405.66","1.01M","0.26%"
"10/10/2022","409.99","407.59","418.63","406.15","1.11M","1.49%"
"10/07/2022","403.96","398.56","404.67","396.01","1.12M","1.09%"
"10/06/2022","399.61","401.62","403.60","398.08","746.67K","-0.72%"
"10/05/2022","402.51","406.11","407.66","400.78","828.37K","-0.89%"
"10/04/2022","406.11","403.11","407.84","399.83","1.06M","1.59%"
"10/03/2022","399.74","389.74","402.83","389.08","1.27M","3.48%"
"09/30/2022","386.29","381.63","389.90","381.55","1.34M","-0.90%"
"09/29/2022","389.79","398.98","399.41","385.89","1.13M","-2.55%"
"09/28/2022","400.00","397.20","402.09","391.10","1.16M","0.07%"
"09/27/2022","399.74","409.20","410.32","398.36","1.05M","-1.94%"
"09/26/2022","407.65","411.69","412.20","406.51","1.21M","-1.31%"
"09/23/2022","413.07","419.78","420.01","407.58","1.87M","-2.13%"
"09/22/2022","422.08","419.83","424.72","413.00","1.41M","0.45%"
"09/21/2022","420.20","427.99","433.79","420.03","2.11M","-0.09%"
"09/20/2022","420.58","416.00","421.41","412.34","1.11M","0.97%"
"09/19/2022","416.52","414.00","417.64","412.73","695.58K","0.54%"
"09/16/2022","414.29","411.25","415.77","410.01","2.02M","0.17%"
"09/15/2022","413.59","414.83","414.83","410.73","1.19M","-0.73%"
"09/14/2022","416.63","410.19","418.40","408.30","1.00M","1.78%"
"09/13/2022","409.33","417.32","420.80","407.36","1.62M","-2.22%"
"09/12/2022","418.64","421.00","421.49","417.50","1.35M","-0.69%"
"09/09/2022","421.53","420.69","423.62","419.02","1.28M","0.45%"
"09/08/2022","419.65","419.57","421.07","414.77","1.11M","-0.12%"
"09/07/2022","420.14","415.35","420.90","412.26","1.26M","0.56%"
"09/06/2022","417.78","419.01","423.27","415.78","962.53K","-0.19%"
"09/02/2022","418.57","424.99","425.69","417.55","869.98K","-0.96%"
"09/01/2022","422.61","418.24","423.58","417.80","948.91K","0.60%"
"08/31/2022","420.11","422.36","424.74","420.02","909.30K","-1.18%"
"08/30/2022","425.11","429.44","430.37","424.01","976.12K","-1.06%"
"08/29/2022","429.68","427.66","433.90","426.48","868.26K","-0.34%"
"08/26/2022","431.13","440.40","442.77","430.94","876.35K","-1.71%"
"08/25/2022","438.64","433.71","438.84","432.43","727.69K","1.14%"
"08/24/2022","433.71","433.99","435.45","430.94","740.24K","0.14%"
"08/23/2022","433.12","432.93","434.73","430.30","915.24K","0.18%"
"08/22/2022","432.33","438.51","441.64","431.84","1.09M","-1.75%"
"08/19/2022","440.03","438.48","440.92","436.04","1.01M","0.15%"
"08/18/2022","439.35","441.91","444.58","436.87","866.54K","-0.51%"
"08/17/2022","441.59","436.13","445.49","435.00","996.60K","0.32%"
"08/16/2022","440.16","436.92","445.00","436.92","851.05K","0.49%"
"08/15/2022","438.01","432.68","439.97","429.86","885.04K","0.87%"
"08/12/2022","434.24","428.90","434.29","427.19","978.01K","1.26%"
"08/11/2022","428.85","429.24","432.49","427.20","949.37K","-0.27%"
"08/10/2022","429.99","430.07","432.25","426.34","1.41M","0.34%"
"08/09/2022","428.55","426.95","431.88","425.70","747.48K","1.11%"
"08/08/2022","423.86","427.50","429.37","421.67","815.82K","-0.60%"
"08/05/2022","426.41","425.26","427.84","419.53","932.61K","-0.40%"
"08/04/2022","428.13","430.71","434.65","426.89","1.13M","-0.27%"
"08/03/2022","429.30","427.27","431.76","419.64","1.33M","0.12%"
"08/02/2022","428.78","425.01","432.83","419.10","2.45M","2.27%"
"08/01/2022","419.28","418.24","428.50","416.64","1.72M","1.32%"
"07/29/2022","413.81","406.49","414.15","402.00","1.49M","1.90%"
"07/28/2022","406.08","399.15","406.77","396.14","1.01M","1.89%"
"07/27/2022","398.54","397.79","399.25","394.00","838.64K","0.44%"
"07/26/2022","396.81","400.18","402.98","396.57","992.43K","-0.75%"
"07/25/2022","399.80","394.37","403.73","393.63","1.04M","1.28%"
"07/22/2022","394.74","399.95","401.97","393.46","769.44K","-0.12%"
"07/21/2022","395.20","394.32","395.55","389.64","941.02K","-0.01%"
"07/20/2022","395.22","390.66","397.48","385.67","1.56M","1.24%"
"07/19/2022","390.38","378.82","390.57","373.67","3.02M","0.80%"
"07/18/2022","387.28","399.97","400.00","387.03","2.76M","-2.79%"
"07/15/2022","398.38","403.71","403.71","397.81","1.22M","-0.48%"
"07/14/2022","400.31","403.19","405.37","397.52","1.16M","-1.88%"
"07/13/2022","408.00","409.11","417.77","407.73","1.16M","-1.45%"
"07/12/2022","413.99","419.47","419.89","412.60","680.45K","-1.21%"
"07/11/2022","419.07","417.90","423.00","415.38","602.66K","-0.30%"
"07/08/2022","420.35","425.54","426.96","419.97","681.98K","-0.44%"
"07/07/2022","422.19","424.48","427.99","419.55","1.18M","-0.87%"
"07/06/2022","425.89","416.90","427.86","415.28","1.04M","2.56%"
"07/05/2022","415.25","424.79","425.77","407.21","1.71M","-4.21%"
"07/01/2022","433.52","429.74","434.96","424.48","1.30M","0.83%"
"06/30/2022","429.96","418.16","430.32","416.88","1.27M","2.64%"
"06/29/2022","418.89","423.06","424.41","416.43","733.83K","-0.43%"
"06/28/2022","420.71","423.00","427.56","419.35","953.62K","0.35%"
"06/27/2022","419.25","419.04","423.19","417.47","779.03K","0.05%"
"06/24/2022","419.04","415.84","419.48","410.68","1.77M","2.05%"
"06/23/2022","410.62","415.37","416.27","407.18","988.85K","-1.16%"
"06/22/2022","415.45","414.06","420.42","411.79","1.07M","-0.84%"
"06/21/2022","418.96","412.00","420.50","409.01","1.47M","3.70%"
"06/17/2022","404.01","403.57","405.40","394.66","3.76M","-0.19%"
"06/16/2022","404.79","410.43","412.89","403.02","1.58M","-2.25%"
"06/15/2022","414.10","417.56","419.00","408.87","1.24M","-0.50%"
"06/14/2022","416.17","424.01","424.16","411.11","1.50M","-1.83%"
"06/13/2022","423.93","424.40","428.36","421.52","1.48M","-1.46%"
"06/10/2022","430.19","431.00","434.35","425.75","1.17M","-0.58%"
"06/09/2022","432.72","443.42","443.55","432.50","995.20K","-2.41%"
"06/08/2022","443.41","452.00","454.64","442.91","1.15M","-2.82%"
"06/07/2022","456.30","442.00","456.67","441.40","1.13M","2.91%"
"06/06/2022","443.41","443.82","446.00","441.56","689.98K","0.16%"
"06/03/2022","442.69","440.00","446.58","439.16","928.11K","0.36%"
"06/02/2022","441.11","441.76","442.54","430.44","1.21M","0.41%"
"06/01/2022","439.30","443.03","443.85","436.49","1.20M","-0.18%"
"05/31/2022","440.11","443.00","445.00","438.41","2.54M","-2.32%"
"05/27/2022","450.56","451.14","451.47","444.46","1.27M","0.57%"
"05/26/2022","447.99","450.00","454.06","447.77","1.14M","0.10%"
"05/25/2022","447.54","443.48","448.63","441.30","1.03M","1.08%"
"05/24/2022","442.78","433.00","443.31","433.00","1.03M","2.25%"
"05/23/2022","433.03","427.44","435.64","427.44","1.04M","2.09%"
"05/20/2022","424.15","428.00","428.00","417.29","1.63M","-0.35%"
"05/19/2022","425.62","430.85","432.99","419.29","1.54M","-2.01%"
"05/18/2022","434.33","441.00","442.07","433.10","986.90K","-1.51%"
"05/17/2022","441.00","439.81","442.22","431.26","798.11K","0.79%"
"05/16/2022","437.55","435.00","440.36","432.15","1.00M","0.55%"
"05/13/2022","435.17","435.36","437.70","429.00","1.11M","0.13%"
"05/12/2022","434.59","439.26","441.32","428.35","1.39M","-1.32%"
"05/11/2022","440.41","437.50","444.99","436.61","1.02M","0.29%"
"05/10/2022","439.13","439.94","446.50","437.50","978.71K","0.07%"
"05/09/2022","438.84","447.03","448.78","437.12","1.35M","-2.36%"
"05/06/2022","449.43","441.53","449.58","439.91","1.41M","1.42%"
"05/05/2022","443.15","445.74","447.47","438.61","1.18M","-0.58%"
"05/04/2022","445.74","437.03","445.99","434.89","1.17M","2.52%"
"05/03/2022","434.77","434.38","437.60","430.95","1.33M","0.92%"
"05/02/2022","430.81","429.60","437.49","426.15","1.40M","-0.30%"
"04/29/2022","432.12","444.43","445.01","430.38","1.48M","-2.17%"
"04/28/2022","441.71","449.00","449.00","437.52","1.35M","-0.73%"
"04/27/2022","444.98","446.23","452.00","439.27","1.02M","-0.25%"
"04/26/2022","446.09","447.04","452.32","443.18","1.44M","0.72%"
"04/25/2022","442.89","443.00","444.82","433.27","1.50M","-0.65%"
"04/22/2022","445.79","440.89","450.90","438.39","1.45M","1.42%"
"04/21/2022","439.54","455.00","455.95","438.85","1.94M","-3.16%"
"04/20/2022","453.87","459.88","461.36","452.78","1.64M","-1.31%"
"04/19/2022","459.90","462.49","475.50","458.42","2.04M","-1.61%"
"04/18/2022","467.44","467.00","471.97","459.11","1.64M","-0.05%"
"04/14/2022","467.66","471.91","473.73","466.04","1.97M","-0.33%"
"04/13/2022","469.19","471.00","474.61","466.25","1.21M","0.35%"
"04/12/2022","467.55","466.20","471.74","461.38","1.50M","0.71%"
"04/11/2022","464.25","463.79","474.45","462.19","1.91M","0.59%"
"04/08/2022","461.52","467.72","471.59","459.61","1.71M","-0.86%"
"04/07/2022","465.51","453.00","467.40","450.79","2.03M","2.40%"
"04/06/2022","454.58","446.38","457.56","446.38","1.94M","1.64%"
"04/05/2022","447.24","445.00","454.81","443.38","2.24M","0.73%"
"04/04/2022","444.01","447.48","448.00","439.55","1.17M","-0.44%"
"04/01/2022","445.98","442.22","448.99","438.82","1.17M","1.04%"
"03/31/2022","441.40","441.96","448.87","441.00","1.66M","-1.02%"
"03/30/2022","445.95","439.32","447.06","439.30","1.72M","2.01%"
"03/29/2022","437.15","433.25","438.12","429.32","2.45M","-1.76%"
"03/28/2022","444.98","449.32","450.46","443.31","1.68M","-1.91%"
"03/25/2022","453.66","450.03","457.53","450.00","1.65M","0.87%"
"03/24/2022","449.73","445.30","451.50","443.23","1.38M","1.01%"
"03/23/2022","445.25","444.00","447.50","442.35","1.72M","1.06%"
"03/22/2022","440.59","439.45","443.84","434.19","2.11M","0.13%"
"03/21/2022","440.00","431.63","447.93","431.63","3.25M","3.24%"
"03/18/2022","426.18","434.67","437.49","421.70","5.22M","-0.56%"
"03/17/2022","428.59","427.06","431.78","424.80","2.95M","1.72%"
"03/16/2022","421.34","435.05","436.89","411.36","5.82M","-6.09%"
"03/15/2022","448.67","444.75","450.42","440.28","1.78M","0.95%"
"03/14/2022","444.45","449.44","449.78","439.21","2.48M","1.23%"
"03/11/2022","439.04","442.00","448.68","438.61","2.65M","-1.20%"
"03/10/2022","444.36","450.63","456.96","442.24","3.05M","-0.97%"
"03/09/2022","448.72","437.50","455.73","432.43","3.48M","-0.06%"
"03/08/2022","448.99","463.78","468.00","448.36","4.13M","-3.68%"
"03/07/2022","466.15","463.01","479.99","463.00","5.21M","1.75%"
"03/04/2022","458.15","450.05","462.66","443.07","3.32M","2.31%"
"03/03/2022","447.82","444.72","455.90","437.44","4.60M","-0.48%"
"03/02/2022","450.00","445.37","451.56","429.28","5.00M","-1.45%"
"03/01/2022","456.61","435.00","458.53","435.00","5.72M","5.26%"
"02/28/2022","433.80","413.81","433.90","413.50","5.81M","5.94%"
"02/25/2022","409.49","395.23","414.45","395.22","3.38M","3.48%"
"02/24/2022","395.71","398.23","398.98","387.42","4.14M","1.75%"
"02/23/2022","388.90","389.17","390.28","384.50","1.84M","0.70%"
"02/22/2022","386.20","391.27","393.42","385.07","1.68M","-0.07%"
"02/18/2022","386.46","389.14","391.08","385.70","1.46M","-0.59%"
"02/17/2022","388.77","386.12","391.69","385.77","1.25M","0.48%"
"02/16/2022","386.90","382.85","388.71","382.00","1.78M","1.22%"
"02/15/2022","382.22","381.91","387.30","378.32","2.42M","-1.23%"
"02/14/2022","386.97","393.98","395.52","383.79","2.80M","-2.33%"
"02/11/2022","396.19","386.76","398.85","385.35","3.28M","2.79%"
"02/10/2022","385.43","393.04","395.66","383.93","2.30M","-2.31%"
"02/09/2022","394.54","395.50","397.62","393.69","1.54M","-0.38%"
"02/08/2022","396.04","395.68","396.83","390.60","1.31M","0.94%"
"02/07/2022","392.34","392.00","395.58","388.30","1.24M","0.77%"
"02/04/2022","389.33","388.00","392.84","385.32","1.65M","-0.09%"
"02/03/2022","389.70","388.18","392.17","386.39","1.65M","0.61%"
"02/02/2022","387.34","386.11","388.35","385.01","1.62M","0.09%"
"02/01/2022","387.01","390.22","390.51","386.21","1.95M","-0.54%"
"01/31/2022","389.13","390.50","390.99","384.68","2.36M","-1.02%"
"01/28/2022","393.15","389.10","393.33","384.78","2.15M","1.05%"
"01/27/2022","389.08","389.39","395.60","384.73","2.57M","-0.55%"
"01/26/2022","391.24","388.00","393.63","383.70","3.64M","1.05%"
"01/25/2022","387.17","377.85","388.00","370.78","3.18M","3.71%"
"01/24/2022","373.33","369.55","374.54","365.34","3.02M","0.57%"
"01/21/2022","371.20","374.00","377.10","369.68","2.80M","-1.05%"
"01/20/2022","375.13","377.01","381.15","374.01","2.11M","-0.58%"
"01/19/2022","377.33","375.50","381.45","374.18","3.34M","0.21%"
"01/18/2022","376.54","370.45","377.36","368.86","2.47M","1.05%"
"01/14/2022","372.62","365.18","372.99","363.97","2.16M","2.04%"
"01/13/2022","365.18","362.06","367.36","360.12","1.24M","1.07%"
"01/12/2022","361.30","363.38","366.15","359.45","1.48M","-0.78%"
"01/11/2022","364.14","364.01","365.04","361.27","1.13M","0.25%"
"01/10/2022","363.25","363.00","369.46","361.41","2.39M","0.86%"
"01/07/2022","360.14","359.08","362.99","358.15","1.63M","0.60%"
"01/06/2022","358.00","360.00","361.24","357.55","1.37M","-0.04%"
"01/05/2022","358.14","363.00","364.00","357.87","1.68M","-1.06%"
"01/04/2022","361.99","355.53","363.54","355.21","1.36M","2.15%"
"01/03/2022","354.36","354.68","356.59","353.03","1.21M","-0.30%"
"12/31/2021","355.41","353.17","357.06","351.55","887.17K","0.52%"
"12/30/2021","353.58","355.00","357.83","353.51","778.62K","-0.19%"
"12/29/2021","354.27","353.44","355.50","352.69","771.82K","0.15%"
"12/28/2021","353.75","350.06","355.17","349.51","827.73K","0.99%"
"12/27/2021","350.28","347.10","350.81","347.00","966.00K","0.94%"
"12/23/2021","347.02","343.78","348.32","343.78","1.06M","1.13%"
"12/22/2021","343.14","341.16","344.35","341.03","1.31M","0.70%"
"12/21/2021","340.77","338.77","343.38","338.65","2.35M","0.99%"
"12/20/2021","337.42","341.00","341.19","333.42","2.32M","-1.95%"
"12/17/2021","344.14","345.55","347.15","342.92","2.75M","-0.20%"
"12/16/2021","344.84","345.67","347.96","343.67","1.19M","0.12%"
"12/15/2021","344.42","345.39","345.64","340.00","1.21M","-0.35%"
"12/14/2021","345.64","343.75","348.40","343.75","1.79M","0.03%"
"12/13/2021","345.55","344.40","346.80","341.51","1.74M","0.19%"
"12/10/2021","344.88","345.84","347.24","344.60","1.18M","0.37%"
"12/09/2021","343.60","339.94","345.11","338.27","1.59M","0.74%"
"12/08/2021","341.08","339.71","342.38","339.02","1.38M","0.56%"
"12/07/2021","339.17","340.00","342.11","338.80","1.54M","-0.23%"
"12/06/2021","339.96","337.25","342.41","337.25","1.95M","1.84%"
"12/03/2021","333.81","331.35","334.38","330.34","1.60M","0.99%"
"12/02/2021","330.53","330.00","333.91","328.33","1.80M","0.64%"
"12/01/2021","328.42","335.00","335.95","328.20","2.25M","-1.47%"
"11/30/2021","333.32","337.20","338.36","333.03","2.76M","-2.32%"
"11/29/2021","341.23","344.00","344.60","339.20","1.49M","-0.43%"
"11/26/2021","342.72","339.29","343.23","338.08","1.08M","-0.25%"
"11/24/2021","343.58","344.86","347.00","343.05","1.13M","-0.46%"
"11/23/2021","345.18","344.98","348.09","344.67","1.21M","0.06%"
"11/22/2021","344.98","341.73","347.59","341.48","1.23M","1.04%"
"11/19/2021","341.44","340.88","343.00","339.35","1.43M","-0.19%"
"11/18/2021","342.08","342.72","343.11","340.21","1.43M","0.03%"
"11/17/2021","341.99","339.48","343.55","339.48","1.75M","0.48%"
"11/16/2021","340.37","341.89","343.64","339.76","1.31M","-0.16%"
"11/15/2021","340.92","339.55","341.65","339.43","1.07M","0.55%"
"11/12/2021","339.06","335.62","340.39","335.03","1.10M","0.94%"
"11/11/2021","335.89","337.14","337.21","333.30","1.22M","-0.52%"
"11/10/2021","337.63","338.77","340.70","337.50","1.27M","-0.16%"
"11/09/2021","338.17","341.38","342.00","337.10","1.77M","-1.06%"
"11/08/2021","341.78","341.63","343.02","337.58","1.73M","0.56%"
"11/05/2021","339.89","336.95","340.52","336.35","2.15M","1.31%"
"11/04/2021","335.50","331.30","335.74","331.30","1.85M","1.25%"
"11/03/2021","331.35","325.50","333.10","324.23","1.90M","1.54%"
"11/02/2021","326.31","331.45","332.04","325.31","2.75M","-1.40%"
"11/01/2021","330.93","330.47","334.20","330.07","1.87M","-0.42%"
"10/29/2021","332.32","330.00","334.36","328.84","1.82M","0.28%"
"10/28/2021","331.39","330.00","334.86","325.14","2.87M","0.14%"
"10/27/2021","330.94","333.00","336.43","330.54","2.82M","-0.29%"
"10/26/2021","331.91","348.33","351.20","326.00","9.44M","-11.80%"
"10/25/2021","376.33","375.91","378.10","374.61","1.35M","0.46%"
"10/22/2021","374.60","373.93","377.02","372.25","1.09M","0.39%"
"10/21/2021","373.14","371.63","373.26","367.14","803.74K","0.54%"
"10/20/2021","371.13","371.78","372.57","369.80","955.19K","0.02%"
"10/19/2021","371.07","366.50","371.18","363.65","1.05M","1.66%"
"10/18/2021","365.00","364.33","367.88","361.88","1.01M","-0.17%"
"10/15/2021","365.62","364.10","366.24","363.51","952.99K","0.98%"
"10/14/2021","362.07","362.02","364.16","360.36","974.24K","0.09%"
"10/13/2021","361.76","359.62","362.39","353.45","1.10M","1.02%"
"10/12/2021","358.12","356.98","360.38","356.01","840.24K","0.29%"
"10/11/2021","357.08","354.90","359.33","354.12","996.83K","0.94%"
"10/08/2021","353.75","352.08","355.16","350.80","768.50K","0.56%"
"10/07/2021","351.78","350.17","354.48","350.17","1.04M","0.51%"
"10/06/2021","349.99","347.03","350.14","344.20","995.90K","0.64%"
"10/05/2021","347.75","346.00","350.45","344.82","889.37K","0.51%"
"10/04/2021","345.99","347.69","350.27","343.70","1.13M","-0.52%"
"10/01/2021","347.80","347.31","349.68","342.77","960.37K","0.78%"
"09/30/2021","345.10","351.53","352.30","344.90","1.05M","-1.48%"
"09/29/2021","350.29","348.13","352.58","344.97","1.55M","-0.53%"
"09/28/2021","352.15","353.36","355.31","349.92","1.14M","-0.34%"
"09/27/2021","353.36","352.14","357.23","351.32","1.87M","1.10%"
"09/24/2021","349.52","348.97","352.94","347.51","1.69M","1.55%"
"09/23/2021","344.20","340.29","344.77","340.11","1.37M","0.72%"
"09/22/2021","341.73","338.14","343.20","338.02","1.34M","1.69%"
"09/21/2021","336.05","338.74","340.07","335.10","1.32M","-0.71%"
"09/20/2021","338.46","338.70","340.65","335.89","1.71M","-0.74%"
"09/17/2021","340.98","339.95","342.81","339.15","2.11M","-0.15%"
"09/16/2021","341.50","345.48","345.94","340.75","1.45M","-1.03%"
"09/15/2021","345.07","344.80","346.93","343.91","1.15M","0.21%"
"09/14/2021","344.34","348.00","348.30","342.48","1.33M","-0.57%"
"09/13/2021","346.31","347.91","349.28","342.75","1.49M","0.12%"
"09/10/2021","345.88","349.44","350.08","345.82","1.22M","-0.87%"
"09/09/2021","348.93","350.51","351.70","347.86","1.10M","-0.72%"
"09/08/2021","351.46","350.39","353.58","349.46","1.22M","0.65%"
"09/07/2021","349.20","354.72","354.72","349.07","2.03M","-1.91%"
"09/03/2021","356.00","358.05","358.27","355.63","893.69K","-0.57%"
"09/02/2021","358.05","356.81","358.73","355.52","2.07M","0.39%"
"09/01/2021","356.66","358.30","359.51","356.54","1.12M","-0.87%"
"08/31/2021","359.80","359.40","360.85","358.10","1.08M","-0.62%"
"08/30/2021","362.05","362.25","363.96","361.75","986.04K","0.02%"
"08/27/2021","361.99","363.29","364.33","361.18","1.20M","0.10%"
"08/26/2021","361.62","359.10","361.98","357.24","1.17M","0.80%"
"08/25/2021","358.75","359.69","360.65","357.99","953.59K","-0.07%"
"08/24/2021","359.00","358.97","360.49","357.92","822.75K","0.46%"
"08/23/2021","357.35","357.94","359.07","356.41","828.03K","0.05%"
"08/20/2021","357.17","354.74","358.81","353.57","904.55K","0.89%"
"08/19/2021","354.03","355.23","359.89","353.57","1.35M","-0.72%"
"08/18/2021","356.60","359.50","360.50","356.56","960.96K","-1.38%"
"08/17/2021","361.60","359.05","362.53","358.67","1.57M","0.37%"
"08/16/2021","360.25","357.98","360.51","355.56","1.63M","0.63%"
"08/13/2021","357.98","360.25","361.07","357.51","1.22M","-0.49%"
"08/12/2021","359.75","362.33","364.30","358.80","1.01M","-0.98%"
"08/11/2021","363.30","362.45","364.35","361.00","900.28K","0.29%"
"08/10/2021","362.24","360.19","363.06","360.10","842.09K","0.33%"
"08/09/2021","361.04","360.70","362.42","359.78","945.12K","-0.28%"
"08/06/2021","362.05","362.30","363.46","360.56","704.47K","0.35%"
"08/05/2021","360.78","362.44","363.02","359.88","912.92K","-0.24%"
"08/04/2021","361.64","364.49","365.36","359.61","1.61M","-2.11%"
"08/03/2021","369.45","369.38","369.91","366.00","872.94K","0.31%"
"08/02/2021","368.30","372.30","375.04","368.08","1.18M","-0.91%"
"07/30/2021","371.67","372.07","373.64","370.11","798.76K","-0.25%"
"07/29/2021","372.60","374.85","375.86","371.35","754.76K","-0.06%"
"07/28/2021","372.81","376.00","376.24","370.59","775.21K","-0.51%"
"07/27/2021","374.73","368.25","375.55","368.25","1.46M","1.81%"
"07/26/2021","368.05","373.00","374.36","366.40","2.72M","-3.34%"
"07/23/2021","380.77","381.97","382.50","380.19","796.29K","0.22%"
"07/22/2021","379.93","380.75","381.55","377.83","688.44K","-0.25%"
"07/21/2021","380.89","379.98","384.70","379.40","923.12K","0.24%"
"07/20/2021","379.98","373.01","380.64","373.00","1.27M","2.14%"
"07/19/2021","372.02","375.15","376.82","367.56","1.36M","-1.36%"
"07/16/2021","377.14","378.62","379.72","375.28","891.01K","-0.29%"
"07/15/2021","378.25","375.12","378.65","375.00","713.41K","0.38%"
"07/14/2021","376.82","377.84","378.39","375.21","699.00K","-0.27%"
"07/13/2021","377.84","379.00","380.68","377.54","709.48K","-0.32%"
"07/12/2021","379.07","381.90","383.32","376.23","1.01M","-1.05%"
"07/09/2021","383.11","382.70","384.39","380.77","543.06K","0.84%"
"07/08/2021","379.92","379.53","381.69","377.93","894.59K","-0.93%"
"07/07/2021","383.48","378.41","384.60","377.41","953.15K","1.27%"
"07/06/2021","378.67","380.00","380.34","373.68","1.14M","-0.74%"
"07/02/2021","381.49","381.75","383.19","378.95","778.84K","0.33%"
"07/01/2021","380.22","377.31","381.11","377.21","752.93K","0.49%"
"06/30/2021","378.35","374.50","379.44","373.61","1.08M","1.32%"
"06/29/2021","373.42","379.88","380.40","373.24","1.22M","-1.75%"
"06/28/2021","380.07","381.67","382.73","378.82","778.20K","-0.51%"
"06/25/2021","382.01","376.89","383.42","376.89","1.71M","1.13%"
"06/24/2021","377.73","379.52","379.99","376.85","1.03M","0.11%"
"06/23/2021","377.33","382.21","382.51","377.26","1.02M","-1.35%"
"06/22/2021","382.48","381.54","383.88","379.65","636.20K","-0.01%"
"06/21/2021","382.50","381.23","385.44","380.61","1.19M","0.87%"
"06/18/2021","379.19","380.17","382.10","379.00","2.42M","-0.97%"
"06/17/2021","382.90","384.28","385.52","379.57","1.25M","-0.18%"
"06/16/2021","383.60","390.81","391.00","383.20","1.52M","-1.59%"
"06/15/2021","389.80","390.00","392.05","389.06","943.91K","0.18%"
"06/14/2021","389.11","387.61","389.45","385.88","868.50K","0.36%"
"06/11/2021","387.72","388.78","389.15","385.17","751.23K","0.00%"
"06/10/2021","387.72","389.14","389.74","386.09","913.82K","0.24%"
"06/09/2021","386.80","389.27","389.27","385.12","1.05M","-0.45%"
"06/08/2021","388.53","391.51","392.66","387.07","1.06M","-0.76%"
"06/07/2021","391.51","395.04","395.72","389.61","1.09M","-0.66%"
"06/04/2021","394.10","388.00","395.52","387.61","1.84M","1.74%"
"06/03/2021","387.35","383.76","387.54","383.10","1.65M","0.59%"
"06/02/2021","385.09","382.01","385.50","380.63","1.01M","0.83%"
"06/01/2021","381.92","384.23","384.43","381.13","962.24K","-0.07%"
"05/28/2021","382.20","384.70","386.00","381.52","936.26K","-1.34%"
"05/27/2021","387.39","387.40","387.95","384.28","3.98M","0.85%"
"05/26/2021","384.13","385.57","386.07","382.21","999.62K","-0.45%"
"05/25/2021","385.85","387.90","389.50","385.18","978.57K","-0.48%"
"05/24/2021","387.71","389.50","389.75","385.96","931.42K","0.13%"
"05/21/2021","387.22","389.30","392.19","385.56","892.48K","-0.28%"
"05/20/2021","388.32","386.79","389.54","386.07","1.09M","0.72%"
"05/19/2021","385.54","385.00","385.73","381.35","994.99K","-0.43%"
"05/18/2021","387.22","391.27","394.17","387.08","1.17M","-1.00%"
"05/17/2021","391.12","389.63","392.03","388.71","979.26K","0.09%"
"05/14/2021","390.78","390.17","392.10","388.59","799.84K","0.78%"
"05/13/2021","387.77","381.78","390.38","380.95","1.11M","1.88%"
"05/12/2021","380.62","387.97","390.35","380.20","1.63M","-1.86%"
"05/11/2021","387.82","391.03","391.68","384.41","1.35M","-1.35%"
"05/10/2021","393.14","391.36","396.99","391.29","1.58M","0.72%"
"05/07/2021","390.34","387.00","392.60","385.89","1.20M","0.77%"
"05/06/2021","387.34","387.99","389.30","386.00","1.08M","0.25%"
"05/05/2021","386.37","386.34","387.48","381.70","1.08M","-0.29%"
"05/04/2021","387.48","387.25","390.15","384.54","1.51M","0.56%"
"05/03/2021","385.31","379.77","386.39","379.06","1.35M","1.25%"
"04/30/2021","380.56","378.86","382.00","377.60","1.10M","0.06%"
"04/29/2021","380.35","375.00","381.98","374.84","1.39M","1.99%"
"04/28/2021","372.94","373.46","373.88","370.95","1.11M","-0.08%"
"04/27/2021","373.22","371.50","374.24","370.14","1.56M","0.33%"
"04/26/2021","371.98","374.28","375.31","370.72","1.52M","-1.41%"
"04/23/2021","377.29","378.59","378.59","373.32","1.30M","-0.74%"
"04/22/2021","380.09","386.77","386.77","378.40","1.67M","-1.85%"
"04/21/2021","387.24","387.52","390.89","384.95","1.36M","-0.02%"
"04/20/2021","387.33","388.00","391.50","384.62","1.37M","-1.12%"
"04/19/2021","391.73","392.00","392.39","386.62","1.32M","-0.02%"
"04/16/2021","391.81","392.82","394.33","389.80","1.50M","0.30%"
"04/15/2021","390.63","388.67","392.00","387.70","1.29M","0.50%"
"04/14/2021","388.67","387.40","391.24","387.00","1.08M","0.40%"
"04/13/2021","387.11","386.56","388.20","384.34","1.12M","-0.19%"
"04/12/2021","387.85","387.13","388.71","384.29","1.07M","0.42%"
"04/09/2021","386.23","386.88","390.26","383.66","1.40M","0.05%"
"04/08/2021","386.02","379.60","387.42","378.31","1.86M","1.53%"
"04/07/2021","380.19","378.74","380.40","376.07","977.18K","0.32%"
"04/06/2021","378.97","376.51","380.10","376.32","1.04M","0.06%"
"04/05/2021","378.75","372.06","380.40","372.06","1.49M","2.08%"
"04/01/2021","371.02","368.99","372.99","368.34","1.26M","0.41%"
"03/31/2021","369.50","370.75","372.61","367.38","1.38M","-0.28%"
"03/30/2021","370.54","373.25","374.13","368.61","1.52M","-0.60%"
"03/29/2021","372.79","365.00","374.24","365.00","2.25M","2.22%"
"03/26/2021","364.71","362.31","365.25","359.75","2.01M","0.97%"
"03/25/2021","361.22","354.77","361.79","354.22","1.60M","1.43%"
"03/24/2021","356.12","354.99","362.68","354.99","1.59M","0.71%"
"03/23/2021","353.61","357.11","359.24","352.67","1.47M","-1.13%"
"03/22/2021","357.66","352.00","358.37","352.00","2.19M","0.73%"
"03/19/2021","355.07","359.43","359.43","350.10","5.74M","-0.94%"
"03/18/2021","358.45","353.87","359.00","352.54","2.27M","2.12%"
"03/17/2021","351.02","347.83","355.55","347.13","2.08M","1.12%"
"03/16/2021","347.13","346.51","349.00","342.30","1.69M","0.21%"
"03/15/2021","346.41","344.38","346.64","342.60","2.06M","1.83%"
"03/12/2021","340.19","339.64","343.65","338.62","2.15M","0.14%"
"03/11/2021","339.73","341.00","343.63","338.46","1.67M","-0.33%"
"03/10/2021","340.84","339.41","343.19","335.69","1.76M","0.99%"
"03/09/2021","337.50","341.41","342.85","337.27","1.45M","-1.16%"
"03/08/2021","341.45","343.50","346.06","338.44","1.60M","0.30%"
"03/05/2021","340.43","338.47","341.17","335.13","1.45M","0.64%"
"03/04/2021","338.25","340.48","344.35","334.15","2.20M","-0.78%"
"03/03/2021","340.91","339.61","346.33","338.59","4.05M","0.69%"
"03/02/2021","338.59","333.27","340.01","332.67","2.08M","1.54%"
"03/01/2021","333.47","334.00","337.72","332.82","1.66M","0.98%"
"02/26/2021","330.25","338.00","338.76","330.00","2.02M","-3.35%"
"02/25/2021","341.69","345.80","349.10","340.67","1.57M","-1.40%"
"02/24/2021","346.53","347.28","350.30","344.61","2.07M","0.09%"
"02/23/2021","346.23","345.13","347.47","338.33","2.40M","1.69%"
"02/22/2021","340.47","333.80","343.56","333.21","1.66M","1.51%"
"02/19/2021","335.42","339.07","339.09","335.25","1.85M","-0.74%"
"02/18/2021","337.92","336.88","339.58","335.28","1.30M","0.27%"
"02/17/2021","337.00","334.70","339.27","332.79","2.02M","0.59%"
"02/16/2021","335.03","339.25","340.00","333.82","1.67M","-0.80%"
"02/12/2021","337.73","338.40","340.64","336.56","1.21M","-0.42%"
"02/11/2021","339.14","340.78","344.61","338.03","1.18M","-0.89%"
"02/10/2021","342.19","343.22","343.74","339.15","1.73M","-0.04%"
"02/09/2021","342.34","338.54","344.51","336.57","1.68M","1.33%"
"02/08/2021","337.84","339.01","339.50","335.20","1.55M","0.24%"
"02/05/2021","337.04","339.59","341.42","336.50","1.45M","-0.06%"
"02/04/2021","337.23","333.99","338.42","332.18","2.17M","1.46%"
"02/03/2021","332.39","331.68","333.40","328.30","2.68M","-0.09%"
"02/02/2021","332.70","327.43","335.20","326.69","2.07M","2.68%"
"02/01/2021","324.03","324.88","325.65","319.81","1.62M","0.69%"
"01/29/2021","321.82","327.10","328.98","321.72","2.10M","-1.86%"
"01/28/2021","327.93","332.14","334.68","327.18","1.84M","-1.38%"
"01/27/2021","332.51","332.28","335.73","329.67","2.67M","0.55%"
"01/26/2021","330.69","339.00","343.98","330.69","3.54M","-3.73%"
"01/25/2021","343.51","339.36","346.89","337.90","1.98M","1.07%"
"01/22/2021","339.88","338.74","341.84","337.21","1.56M","0.06%"
"01/21/2021","339.67","341.67","343.61","338.96","1.66M","-0.59%"
"01/20/2021","341.67","342.54","343.78","339.21","1.78M","0.05%"
"01/19/2021","341.50","350.74","350.97","341.48","2.02M","-1.66%"
"01/15/2021","347.27","347.09","350.50","344.28","1.85M","-0.05%"
"01/14/2021","347.44","348.00","354.79","346.85","1.97M","0.56%"
"01/13/2021","345.49","341.41","347.20","339.17","1.65M","1.06%"
"01/12/2021","341.85","336.52","343.37","335.63","3.00M","1.23%"
"01/11/2021","337.68","335.00","339.00","333.32","3.20M","0.47%"
"01/08/2021","336.10","341.88","343.47","335.01","3.23M","-1.88%"
"01/07/2021","342.55","344.36","347.85","341.34","2.05M","-1.57%"
"01/06/2021","348.03","343.00","351.92","342.78","1.90M","-0.22%"
"01/05/2021","348.79","344.64","351.19","343.30","1.48M","1.20%"
"01/04/2021","344.64","354.98","354.98","341.07","1.89M","-2.91%"
"12/31/2020","354.98","353.82","356.03","352.23","1.32M","0.23%"
"12/30/2020","354.16","353.00","356.61","353.00","840.79K","0.07%"
"12/29/2020","353.90","356.00","357.35","351.80","1.06M","-0.08%"
"12/28/2020","354.18","353.11","357.82","351.71","1.02M","0.63%"
"12/24/2020","351.97","352.83","354.06","350.40","508.78K","0.11%"
"12/23/2020","351.60","349.95","354.99","349.40","1.31M","1.06%"
"12/22/2020","347.92","349.35","350.62","347.39","1.82M","-0.41%"
"12/21/2020","349.35","353.16","353.94","346.60","2.13M","-1.88%"
"12/18/2020","356.03","352.04","356.79","350.01","4.34M","0.97%"
"12/17/2020","352.60","355.93","357.66","351.88","1.66M","-0.56%"
"12/16/2020","354.57","357.25","357.90","353.65","1.99M","-0.84%"
"12/15/2020","357.57","358.73","359.89","355.45","1.52M","-0.03%"
"12/14/2020","357.66","363.50","365.62","357.44","1.37M","-1.12%"
"12/11/2020","361.71","354.55","363.12","354.19","1.41M","1.78%"
"12/10/2020","355.39","359.52","364.21","355.20","1.38M","-1.65%"
"12/09/2020","361.35","359.85","362.59","356.95","1.52M","0.59%"
"12/08/2020","359.23","360.98","363.17","358.83","1.78M","-0.80%"
"12/07/2020","362.13","366.90","366.90","360.54","1.39M","-1.22%"
"12/04/2020","366.61","363.12","367.73","362.11","1.22M","1.27%"
"12/03/2020","362.03","362.12","369.50","360.96","1.76M","0.19%"
"12/02/2020","361.36","364.99","365.99","360.01","2.52M","-0.99%"
"12/01/2020","364.99","368.47","373.29","364.87","1.30M","0.00%"
"11/30/2020","365.00","370.79","372.44","363.39","1.61M","-2.50%"
"11/27/2020","374.34","378.81","378.81","373.45","612.30K","-1.06%"
"11/25/2020","378.34","377.09","381.95","376.23","854.99K","-0.04%"
"11/24/2020","378.48","375.28","378.48","373.06","959.46K","2.06%"
"11/23/2020","370.85","371.54","374.53","369.86","929.45K","0.77%"
"11/20/2020","368.02","375.97","377.24","367.62","1.12M","-2.24%"
"11/19/2020","376.46","375.00","377.75","372.17","1.08M","-0.29%"
"11/18/2020","377.56","377.49","383.47","376.24","1.07M","0.44%"
"11/17/2020","375.90","375.66","380.48","375.25","1.32M","-0.33%"
"11/16/2020","377.13","378.05","380.69","376.08","1.31M","0.53%"
"11/13/2020","375.14","370.57","376.00","369.23","921.47K","1.97%"
"11/12/2020","367.89","367.50","370.57","365.51","856.35K","-0.38%"
"11/11/2020","369.28","372.87","373.33","365.68","1.12M","-0.54%"
"11/10/2020","371.28","365.00","373.43","363.94","1.71M","2.01%"
"11/09/2020","363.95","379.60","381.52","363.73","1.96M","0.74%"
"11/06/2020","361.27","363.30","363.73","357.95","1.40M","-0.94%"
"11/05/2020","364.70","374.55","376.50","363.77","1.71M","-2.00%"
"11/04/2020","372.16","371.07","381.46","369.51","2.15M","2.40%"
"11/03/2020","363.44","357.13","366.20","356.21","1.48M","3.13%"
"11/02/2020","352.42","356.12","359.91","350.72","1.71M","0.65%"
"10/30/2020","350.13","350.64","353.73","345.65","1.31M","-0.66%"
"10/29/2020","352.44","350.00","356.23","348.29","1.55M","0.45%"
"10/28/2020","350.86","356.87","360.00","350.45","1.68M","-3.19%"
"10/27/2020","362.43","367.00","367.98","360.80","977.42K","-1.66%"
"10/26/2020","368.55","369.43","369.87","362.50","1.39M","-1.54%"
"10/23/2020","374.33","371.34","376.19","369.01","1.18M","1.46%"
"10/22/2020","368.96","367.50","371.11","365.15","1.26M","0.50%"
"10/21/2020","367.14","372.21","375.00","365.00","1.93M","-1.36%"
"10/20/2020","372.21","382.59","385.79","371.80","1.78M","-3.00%"
"10/19/2020","383.71","387.24","389.60","381.67","1.18M","-0.72%"
"10/16/2020","386.50","388.49","389.78","386.09","952.12K","0.10%"
"10/15/2020","386.12","387.33","388.87","383.22","792.11K","-1.18%"
"10/14/2020","390.72","387.14","395.46","387.14","1.09M","0.46%"
"10/13/2020","388.95","386.14","390.56","385.12","973.38K","0.01%"
"10/12/2020","388.92","386.00","390.51","383.26","807.36K","0.77%"
"10/09/2020","385.93","388.41","390.10","385.29","675.02K","-0.68%"
"10/08/2020","388.59","383.90","389.19","382.28","695.16K","1.48%"
"10/07/2020","382.94","378.60","383.84","378.56","826.84K","1.72%"
"10/06/2020","376.46","386.03","386.11","376.02","954.93K","-1.95%"
"10/05/2020","383.96","383.24","385.89","378.86","825.25K","0.89%"
"10/02/2020","380.58","376.00","383.48","374.28","1.22M","-0.08%"
"10/01/2020","380.89","384.00","390.00","379.00","1.10M","-0.62%"
"09/30/2020","383.28","389.47","389.76","380.51","1.41M","-1.40%"
"09/29/2020","388.74","389.61","393.15","387.51","1.12M","-0.45%"
"09/28/2020","390.51","390.00","396.61","389.65","980.09K","0.99%"
"09/25/2020","386.70","377.45","388.40","376.45","1.38M","2.10%"
"09/24/2020","378.76","383.25","384.49","375.10","1.30M","-1.17%"
"09/23/2020","383.24","389.23","394.43","381.99","1.22M","-1.33%"
"09/22/2020","388.42","381.88","392.48","381.34","1.29M","2.32%"
"09/21/2020","379.61","388.50","389.87","377.23","1.45M","-3.93%"
"09/18/2020","395.14","394.15","399.00","394.15","2.64M","-0.20%"
"09/17/2020","395.94","392.00","398.55","389.54","959.55K","0.09%"
"09/16/2020","395.58","391.11","399.60","390.93","1.05M","0.77%"
"09/15/2020","392.55","395.65","396.00","386.89","955.90K","-0.30%"
"09/14/2020","393.75","393.37","396.67","391.62","991.05K","1.10%"
"09/11/2020","389.45","381.47","390.50","380.75","933.98K","2.73%"
"09/10/2020","379.11","386.02","388.53","378.33","716.43K","-1.59%"
"09/09/2020","385.24","382.69","389.42","381.01","1.22M","1.32%"
"09/08/2020","380.23","383.99","385.29","378.36","1.07M","-1.24%"
"09/04/2020","385.02","388.51","391.55","379.58","933.79K","-0.33%"
"09/03/2020","386.29","399.50","401.88","383.38","1.50M","-2.96%"
"09/02/2020","398.07","385.15","398.90","384.11","1.21M","2.91%"
"09/01/2020","386.81","387.82","389.18","385.00","908.90K","-0.88%"
"08/31/2020","390.26","392.17","395.00","388.47","1.03M","-1.35%"
"08/28/2020","395.59","395.51","396.00","391.73","728.26K","0.14%"
"08/27/2020","395.02","396.84","400.08","394.88","700.46K","-0.11%"
"08/26/2020","395.44","393.00","397.66","390.56","908.78K","0.15%"
"08/25/2020","394.84","395.72","402.38","392.40","987.42K","-0.05%"
"08/24/2020","395.04","390.83","395.57","389.90","1.01M","1.40%"
"08/21/2020","389.57","387.71","390.79","386.86","996.27K","0.44%"
"08/20/2020","387.88","388.28","389.20","383.58","1.20M","-0.56%"
"08/19/2020","390.05","390.08","391.97","388.84","717.52K","-0.05%"
"08/18/2020","390.26","389.17","391.91","388.34","806.13K","0.33%"
"08/17/2020","388.96","393.98","395.19","387.73","864.42K","-0.63%"
"08/14/2020","391.42","388.64","394.20","388.02","648.61K","0.56%"
"08/13/2020","389.24","390.35","394.05","387.00","1.05M","-0.82%"
"08/12/2020","392.44","394.02","396.52","391.29","878.82K","0.12%"
"08/11/2020","391.96","391.51","399.49","391.33","1.31M","0.69%"
"08/10/2020","389.26","386.02","391.11","385.96","856.01K","0.94%"
"08/07/2020","385.62","380.01","386.66","378.76","924.89K","1.55%"
"08/06/2020","379.74","381.78","383.19","378.09","698.54K","-0.98%"
"08/05/2020","383.50","380.00","384.87","378.27","1.02M","1.46%"
"08/04/2020","377.99","379.08","380.84","376.29","900.73K","0.24%"
"08/03/2020","377.10","376.84","378.41","371.44","923.37K","-0.49%"
"07/31/2020","378.97","380.55","381.37","373.67","1.10M","-0.72%"
"07/30/2020","381.72","382.71","385.84","380.86","983.37K","-1.44%"
"07/29/2020","387.30","389.56","390.47","384.63","1.21M","0.17%"
"07/28/2020","386.66","382.00","390.21","382.00","1.13M","1.20%"
"07/27/2020","382.09","384.73","385.99","380.11","1.05M","-1.07%"
"07/24/2020","386.21","388.00","393.49","383.61","1.31M","-0.36%"
"07/23/2020","387.62","393.77","394.15","385.71","1.44M","-1.64%"
"07/22/2020","394.08","376.71","394.67","375.62","2.28M","5.05%"
"07/21/2020","375.12","377.98","378.90","370.58","2.00M","2.62%"
"07/20/2020","365.53","369.00","369.00","362.43","1.44M","-0.81%"
"07/17/2020","368.50","366.30","369.00","362.85","1.14M","0.72%"
"07/16/2020","365.88","362.30","365.94","359.02","955.81K","0.36%"
"07/15/2020","364.56","361.64","365.58","360.56","1.62M","2.50%"
"07/14/2020","355.66","349.13","355.92","349.00","1.65M","0.74%"
"07/13/2020","353.06","353.60","357.02","348.60","2.03M","1.09%"
"07/10/2020","349.25","342.33","349.33","341.66","1.51M","2.73%"
"07/09/2020","339.96","348.00","349.48","339.18","1.82M","-2.93%"
"07/08/2020","350.23","353.50","357.30","348.63","1.97M","-0.86%"
"07/07/2020","353.27","362.59","362.92","352.78","1.40M","-2.57%"
"07/06/2020","362.59","366.48","367.11","360.84","1.20M","0.16%"
"07/02/2020","362.00","363.53","366.07","360.69","1.40M","0.44%"
"07/01/2020","360.42","366.34","368.29","360.31","1.43M","-1.23%"
"06/30/2020","364.92","365.35","367.25","362.41","1.48M","-0.70%"
"06/29/2020","367.50","360.39","367.50","359.49","1.07M","3.01%"
"06/26/2020","356.76","359.56","367.42","355.01","2.01M","-1.67%"
"06/25/2020","362.82","357.86","363.31","353.33","1.39M","0.83%"
"06/24/2020","359.82","370.90","371.23","358.32","2.30M","-3.20%"
"06/23/2020","371.70","378.25","378.78","371.04","1.47M","-1.13%"
"06/22/2020","375.96","372.26","376.84","370.44","1.37M","1.01%"
"06/19/2020","372.20","383.34","383.59","372.00","4.32M","-1.64%"
"06/18/2020","378.39","379.68","381.32","376.07","1.56M","-0.97%"
"06/17/2020","382.11","382.50","386.23","376.92","1.52M","-0.17%"
"06/16/2020","382.77","386.56","391.79","379.58","2.04M","2.54%"
"06/15/2020","373.28","373.28","377.15","367.55","2.27M","-2.25%"
"06/12/2020","381.87","393.33","394.42","376.47","1.79M","-0.52%"
"06/11/2020","383.88","392.69","397.31","383.57","1.70M","-4.93%"
"06/10/2020","403.77","406.50","409.10","403.45","1.19M","-1.17%"
"06/09/2020","408.56","410.53","411.94","407.00","1.19M","-1.39%"
"06/08/2020","414.30","415.00","417.62","411.74","1.29M","0.86%"
"06/05/2020","410.75","410.00","416.00","406.45","1.70M","1.75%"
"06/04/2020","403.67","401.78","404.87","399.00","1.26M","0.26%"
"06/03/2020","402.63","393.65","403.60","392.59","1.38M","3.30%"
"06/02/2020","389.77","388.64","393.23","386.99","1.40M","0.21%"
"06/01/2020","388.96","388.94","394.00","387.31","1.09M","0.13%"
"05/29/2020","388.44","396.04","396.23","384.77","1.73M","-2.51%"
"05/28/2020","398.44","401.46","404.26","398.16","1.49M","0.33%"
"05/27/2020","397.12","376.78","397.12","376.58","1.99M","6.70%"
"05/26/2020","372.20","376.95","376.95","370.57","1.60M","0.87%"
"05/22/2020","369.00","369.86","370.16","365.62","752.63K","0.05%"
"05/21/2020","368.82","362.69","370.02","362.60","1.18M","1.74%"
"05/20/2020","362.51","372.44","374.00","362.11","1.88M","-2.41%"
"05/19/2020","371.48","378.07","382.46","371.24","1.09M","-1.61%"
"05/18/2020","377.54","371.21","380.49","366.02","1.88M","4.76%"
"05/15/2020","360.40","352.53","361.51","352.32","1.85M","1.16%"
"05/14/2020","356.28","360.99","361.54","352.26","1.78M","-2.17%"
"05/13/2020","364.18","371.28","372.46","362.01","1.29M","-1.87%"
"05/12/2020","371.11","378.00","382.44","371.03","1.45M","-1.45%"
"05/11/2020","376.56","375.00","379.50","374.14","1.29M","-0.49%"
"05/08/2020","378.40","378.03","381.13","376.25","1.13M","0.49%"
"05/07/2020","376.54","383.01","384.13","376.00","1.46M","-0.54%"
"05/06/2020","378.58","390.89","390.89","378.41","1.09M","-3.00%"
"05/05/2020","390.30","382.41","392.78","381.59","1.27M","2.67%"
"05/04/2020","380.16","382.02","382.97","374.13","1.08M","-0.86%"
"05/01/2020","383.47","385.64","387.41","381.09","911.67K","-1.44%"
"04/30/2020","389.06","383.10","391.44","380.44","1.34M","0.30%"
"04/29/2020","387.91","388.16","393.51","379.50","1.50M","0.83%"
"04/28/2020","384.73","381.86","387.83","380.42","1.31M","1.63%"
"04/27/2020","378.57","383.91","384.04","378.00","1.46M","-0.84%"
"04/24/2020","381.77","378.72","384.06","372.98","1.03M","1.34%"
"04/23/2020","376.73","382.75","384.87","376.19","1.16M","-0.96%"
"04/22/2020","380.40","383.49","383.94","375.33","1.19M","1.86%"
"04/21/2020","373.44","383.01","392.54","371.01","2.04M","-2.55%"
"04/20/2020","383.21","394.08","399.97","383.21","1.49M","-4.56%"
"04/17/2020","401.51","387.42","402.45","384.83","1.77M","6.25%"
"04/16/2020","377.88","373.61","381.30","372.50","1.57M","0.93%"
"04/15/2020","374.38","376.75","376.75","367.36","1.25M","-1.49%"
"04/14/2020","380.03","378.29","386.58","374.55","1.65M","2.73%"
"04/13/2020","369.94","370.95","373.99","365.71","1.24M","-0.29%"
"04/09/2020","371.00","369.74","376.32","363.52","1.63M","2.65%"
"04/08/2020","361.41","361.37","372.65","358.59","1.45M","1.73%"
"04/07/2020","355.28","380.50","381.90","354.05","2.10M","-3.44%"
"04/06/2020","367.95","361.91","369.95","361.91","2.53M","4.98%"
"04/03/2020","350.50","352.00","355.84","349.61","2.11M","-0.98%"
"04/02/2020","353.96","335.25","354.00","334.55","1.90M","4.56%"
"04/01/2020","338.52","324.83","340.99","322.01","2.08M","-0.13%"
"03/31/2020","338.95","344.81","346.92","336.24","2.17M","-2.84%"
"03/30/2020","348.85","351.49","356.48","342.28","1.76M","0.13%"
"03/27/2020","348.38","339.99","365.09","335.01","3.56M","-0.56%"
"03/26/2020","350.33","326.00","352.10","324.01","2.68M","9.59%"
"03/25/2020","319.67","300.62","329.82","293.61","2.95M","10.65%"
"03/24/2020","288.91","287.97","294.99","280.24","3.09M","4.38%"
"03/23/2020","276.80","285.00","287.06","266.11","3.17M","-4.95%"
"03/20/2020","291.22","314.20","315.84","288.21","3.04M","-7.31%"
"03/19/2020","314.20","333.41","334.10","311.20","2.84M","-5.76%"
"03/18/2020","333.41","296.92","339.23","296.04","3.59M","4.57%"
"03/17/2020","318.83","293.00","319.47","287.15","2.63M","10.73%"
"03/16/2020","287.94","295.01","311.56","285.00","2.35M","-12.37%"
"03/13/2020","328.59","327.33","329.16","303.10","3.88M","5.53%"
"03/12/2020","311.38","322.00","339.42","310.08","3.89M","-12.76%"
"03/11/2020","356.93","356.57","365.89","349.79","1.95M","-2.79%"
"03/10/2020","367.17","363.01","367.67","350.60","2.51M","4.30%"
"03/09/2020","352.03","359.98","369.47","351.27","3.09M","-7.96%"
"03/06/2020","382.47","372.09","384.95","368.46","2.16M","-0.58%"
"03/05/2020","384.70","393.92","397.85","382.22","1.97M","-4.31%"
"03/04/2020","402.03","385.42","402.96","383.19","2.03M","6.53%"
"03/03/2020","377.40","384.84","396.90","376.59","2.53M","-1.04%"
"03/02/2020","381.35","371.35","383.10","360.57","2.86M","3.10%"
"02/28/2020","369.87","369.86","373.82","360.34","3.36M","-3.83%"
"02/27/2020","384.60","393.52","399.01","384.33","1.89M","-4.07%"
"02/26/2020","400.90","400.31","410.52","399.34","1.68M","0.13%"
"02/25/2020","400.36","420.10","421.73","397.53","1.60M","-4.53%"
"02/24/2020","419.35","419.65","424.20","418.10","1.12M","-1.98%"
"02/21/2020","427.80","425.12","428.72","422.66","1.06M","0.43%"
"02/20/2020","425.97","433.63","434.99","424.16","1.19M","-1.96%"
"02/19/2020","434.48","437.00","438.27","434.40","787.23K","-0.25%"
"02/18/2020","435.55","437.00","438.95","434.01","776.50K","-0.53%"
"02/14/2020","437.85","434.98","438.47","434.31","948.77K","0.72%"
"02/13/2020","434.70","435.80","439.29","434.30","800.25K","-0.44%"
"02/12/2020","436.60","439.01","439.69","434.60","1.42M","-0.74%"
"02/11/2020","439.85","441.36","442.53","437.47","744.85K","0.02%"
"02/10/2020","439.76","439.00","441.52","437.82","870.42K","0.13%"
"02/07/2020","439.17","438.14","441.21","437.29","883.79K","0.05%"
"02/06/2020","438.97","435.56","439.86","434.91","833.51K","0.87%"
"02/05/2020","435.19","433.32","435.92","429.02","1.25M","1.02%"
"02/04/2020","430.78","425.46","431.99","425.46","1.22M","1.63%"
"02/03/2020","423.86","429.52","430.00","422.04","1.80M","-1.00%"
"01/31/2020","428.12","434.93","435.57","426.10","1.65M","-1.78%"
"01/30/2020","435.90","430.34","437.00","430.34","1.21M","0.47%"
"01/29/2020","433.84","437.72","437.99","431.02","1.27M","-0.76%"
"01/28/2020","437.17","434.77","438.99","426.27","2.06M","1.11%"
"01/27/2020","432.38","425.86","434.45","425.86","1.74M","-0.03%"
"01/24/2020","432.50","429.90","433.52","429.69","1.09M","0.87%"
"01/23/2020","428.78","424.06","429.56","424.00","978.49K","1.03%"
"01/22/2020","424.42","427.50","428.50","424.36","919.04K","-0.41%"
"01/21/2020","426.15","424.42","427.78","423.01","1.07M","0.12%"
"01/17/2020","425.66","426.61","427.54","424.50","1.20M","-0.01%"
"01/16/2020","425.70","423.13","425.74","420.67","1.09M","1.13%"
"01/15/2020","420.95","416.42","421.48","416.14","833.27K","1.16%"
"01/14/2020","416.14","417.59","418.27","415.07","967.47K","-0.69%"
"01/13/2020","419.02","414.94","420.96","414.66","986.89K","1.25%"
"01/10/2020","413.83","415.00","415.60","412.48","987.84K","-0.27%"
"01/09/2020","414.93","410.49","416.00","410.00","1.06M","0.95%"
"01/08/2020","411.03","417.06","418.18","409.72","1.71M","-0.84%"
"01/07/2020","414.50","411.25","416.12","408.29","1.08M","0.34%"
"01/06/2020","413.11","417.99","417.99","407.69","2.48M","-0.15%"
"01/03/2020","413.74","404.02","417.17","403.00","2.99M","3.60%"
"01/02/2020","399.37","392.86","399.37","390.95","1.15M","2.57%"
"12/31/2019","389.38","391.75","391.98","387.07","775.37K","-0.64%"
"12/30/2019","391.90","393.65","393.76","390.87","776.97K","-0.43%"
"12/27/2019","393.60","393.99","394.50","391.94","729.32K","0.33%"
"12/26/2019","392.30","390.90","392.45","390.48","711.71K","0.55%"
"12/24/2019","390.17","392.35","392.35","389.53","516.25K","-0.44%"
"12/23/2019","391.90","387.66","394.69","387.59","1.05M","1.41%"
"12/20/2019","386.47","385.03","386.64","383.00","1.60M","0.87%"
"12/19/2019","383.15","380.99","384.68","380.23","899.29K","0.68%"
"12/18/2019","380.57","387.40","387.64","379.66","1.53M","-1.63%"
"12/17/2019","386.89","385.00","388.00","385.00","730.13K","0.24%"
"12/16/2019","385.95","387.90","388.35","384.05","847.46K","-0.13%"
"12/13/2019","386.47","384.00","387.78","384.00","658.03K","0.63%"
"12/12/2019","384.05","386.00","387.79","383.45","736.54K","-0.57%"
"12/11/2019","386.24","385.51","386.61","384.03","579.71K","0.47%"
"12/10/2019","384.44","383.50","386.77","383.25","862.11K","0.29%"
"12/09/2019","383.34","386.22","387.42","383.23","833.64K","-0.91%"
"12/06/2019","386.86","387.17","388.90","385.10","709.74K","0.24%"
"12/05/2019","385.94","386.06","386.50","383.01","1.20M","0.35%"
"12/04/2019","384.58","383.53","387.95","382.28","1.08M","0.78%"
"12/03/2019","381.62","381.43","384.64","380.14","1.50M","-0.52%"
"12/02/2019","383.62","390.71","391.53","383.44","1.28M","-1.89%"
"11/29/2019","391.03","392.00","392.20","390.04","401.53K","-0.81%"
"11/27/2019","394.24","393.63","394.48","391.62","770.30K","0.44%"
"11/26/2019","392.50","390.60","395.95","389.98","1.21M","0.65%"
"11/25/2019","389.98","391.60","393.10","387.49","801.37K","-0.19%"
"11/22/2019","390.74","390.19","391.39","387.82","758.65K","0.12%"
"11/21/2019","390.26","390.86","392.25","389.32","1.42M","-0.62%"
"11/20/2019","392.70","391.06","393.54","390.25","907.76K","0.48%"
"11/19/2019","390.81","394.00","395.82","390.53","800.29K","-0.50%"
"11/18/2019","392.76","393.00","395.68","391.95","827.76K","-0.20%"
"11/15/2019","393.55","392.27","394.49","390.28","1.53M","0.87%"
"11/14/2019","390.16","387.28","392.30","387.28","915.59K","0.64%"
"11/13/2019","387.69","385.94","390.52","385.09","962.41K","0.36%"
"11/12/2019","386.30","381.56","387.50","381.56","910.74K","1.29%"
"11/11/2019","381.38","379.51","383.41","379.31","580.91K","-0.13%"
"11/08/2019","381.86","377.60","382.88","377.60","783.58K","0.82%"
"11/07/2019","378.75","380.34","382.74","377.91","1.16M","-0.27%"
"11/06/2019","379.79","374.49","379.93","374.03","1.51M","1.65%"
"11/05/2019","373.63","374.06","375.77","371.31","1.36M","-0.23%"
"11/04/2019","374.48","379.93","380.78","372.18","1.12M","-1.24%"
"11/01/2019","379.17","378.11","380.95","376.94","915.63K","0.66%"
"10/31/2019","376.68","377.92","380.18","375.26","911.81K","-0.52%"
"10/30/2019","378.64","373.22","378.99","371.47","1.06M","2.03%"
"10/29/2019","371.10","371.65","375.25","370.04","1.30M","-0.20%"
"10/28/2019","371.84","371.39","375.45","370.12","1.32M","0.30%"
"10/25/2019","370.73","374.38","374.88","369.54","1.17M","-1.07%"
"10/24/2019","374.74","373.76","377.46","372.00","1.14M","0.44%"
"10/23/2019","373.09","373.78","374.99","368.73","1.29M","-0.16%"
"10/22/2019","373.68","363.00","377.50","363.00","2.60M","-0.10%"
"10/21/2019","374.05","374.01","375.89","372.73","1.17M","0.42%"
"10/18/2019","372.48","376.72","377.71","368.00","1.94M","-1.21%"
"10/17/2019","377.06","383.55","384.21","376.29","1.01M","-1.51%"
"10/16/2019","382.84","382.39","384.38","380.23","855.11K","0.02%"
"10/15/2019","382.75","383.69","385.70","382.07","851.38K","0.04%"
"10/14/2019","382.61","382.77","385.37","381.39","623.45K","0.30%"
"10/11/2019","381.47","389.79","390.73","381.25","1.33M","-1.40%"
"10/10/2019","386.88","383.99","388.51","383.20","700.46K","0.59%"
"10/09/2019","384.61","384.83","386.33","382.50","712.57K","0.65%"
"10/08/2019","382.12","381.06","385.80","379.29","1.00M","-0.43%"
"10/07/2019","383.78","385.01","386.68","382.69","864.34K","-0.30%"
"10/04/2019","384.95","380.21","385.24","379.49","771.92K","1.29%"
"10/03/2019","380.06","378.87","381.19","374.33","928.85K","0.50%"
"10/02/2019","378.16","382.74","383.06","374.07","1.76M","-1.57%"
"10/01/2019","384.19","391.43","392.48","383.89","1.24M","-1.50%"
"09/30/2019","390.06","388.56","393.82","388.42","1.29M","0.56%"
"09/27/2019","387.87","395.94","395.95","386.43","751.90K","-1.29%"
"09/26/2019","392.92","391.25","394.64","388.93","881.10K","0.64%"
"09/25/2019","390.43","390.58","390.90","387.71","1.34M","0.32%"
"09/24/2019","389.17","390.00","392.99","387.21","1.19M","0.39%"
"09/23/2019","387.67","388.07","390.06","386.11","1.16M","-0.15%"
"09/20/2019","388.25","394.49","395.44","388.05","2.13M","-1.32%"
"09/19/2019","393.43","397.14","398.50","393.03","1.05M","-0.91%"
"09/18/2019","397.04","394.78","397.23","391.55","784.50K","0.78%"
"09/17/2019","393.98","392.47","399.96","388.43","978.40K","0.34%"
"09/16/2019","392.66","388.90","394.60","386.89","1.69M","2.03%"
"09/13/2019","384.86","387.77","387.77","383.60","898.64K","-0.46%"
"09/12/2019","386.63","384.49","388.51","383.27","855.14K","1.33%"
"09/11/2019","381.55","381.20","385.80","380.06","1.13M","0.06%"
"09/10/2019","381.32","377.29","381.32","370.46","1.30M","0.29%"
"09/09/2019","380.21","387.95","388.29","380.04","1.15M","-1.64%"
"09/06/2019","386.56","387.28","388.45","385.81","701.07K","0.37%"
"09/05/2019","385.15","390.48","393.43","384.98","941.78K","-1.01%"
"09/04/2019","389.08","387.31","389.70","385.90","792.24K","1.14%"
"09/03/2019","384.69","380.99","385.18","379.79","891.67K","0.15%"
"08/30/2019","384.11","383.25","384.74","381.51","760.90K","-0.08%"
"08/29/2019","384.43","384.53","385.78","380.80","1.06M","0.91%"
"08/28/2019","380.97","379.04","383.00","376.77","820.58K","0.26%"
"08/27/2019","379.99","381.75","382.21","377.25","760.33K","-0.09%"
"08/26/2019","380.32","380.00","380.56","375.50","688.22K","0.91%"
"08/23/2019","376.89","385.28","386.93","374.61","1.39M","-2.33%"
"08/22/2019","385.88","383.00","386.65","380.72","742.58K","0.75%"
"08/21/2019","383.00","384.00","384.27","379.29","791.50K","0.33%"
"08/20/2019","381.75","380.50","384.10","379.50","920.61K","0.34%"
"08/19/2019","380.47","379.75","381.68","378.52","799.91K","0.92%"
"08/16/2019","377.00","376.10","378.34","373.37","821.36K","0.95%"
"08/15/2019","373.46","369.15","374.57","367.17","1.07M","1.23%"
"08/14/2019","368.94","376.00","376.00","367.36","1.47M","-2.20%"
"08/13/2019","377.22","377.99","381.51","375.27","1.06M","0.06%"
"08/12/2019","377.00","375.00","378.05","373.60","706.12K","0.00%"
"08/09/2019","377.01","376.10","379.36","373.33","871.96K","-0.04%"
"08/08/2019","377.17","370.01","378.40","370.01","1.19M","2.13%"
"08/07/2019","369.30","364.02","370.93","362.02","1.24M","0.69%"
"08/06/2019","366.78","361.28","366.89","358.83","1.12M","2.33%"
"08/05/2019","358.43","356.55","361.10","353.97","1.46M","-0.96%"
"08/02/2019","361.91","364.13","364.31","359.49","836.26K","-0.32%"
"08/01/2019","363.09","361.72","367.34","359.19","1.22M","0.25%"
"07/31/2019","362.17","365.91","368.71","359.29","1.04M","-1.04%"
"07/30/2019","365.99","368.63","370.67","365.32","701.60K","-0.98%"
"07/29/2019","369.62","369.41","370.11","367.95","659.20K","0.04%"
"07/26/2019","369.46","369.61","370.71","367.78","791.38K","-0.23%"
"07/25/2019","370.32","368.76","372.71","367.15","1.14M","0.38%"
"07/24/2019","368.90","358.20","368.99","358.00","1.90M","3.10%"
"07/23/2019","357.80","363.00","363.00","350.81","2.34M","0.05%"
"07/22/2019","357.63","357.44","358.47","355.56","1.15M","0.19%"
"07/19/2019","356.96","357.64","359.10","355.85","1.46M","0.21%"
"07/18/2019","356.21","358.29","358.38","352.79","1.70M","-0.63%"
"07/17/2019","358.47","365.35","365.47","357.85","1.87M","-1.88%"
"07/16/2019","365.35","368.00","368.42","365.16","1.03M","-0.64%"
"07/15/2019","367.69","369.84","370.01","366.90","1.01M","-0.48%"
"07/12/2019","369.45","369.20","369.51","366.83","1.15M","0.33%"
"07/11/2019","368.23","368.16","369.38","366.21","1.36M","0.02%"
"07/10/2019","368.16","370.00","373.37","367.84","818.75K","-0.42%"
"07/09/2019","369.73","367.75","370.25","366.10","650.99K","0.15%"
"07/08/2019","369.18","368.54","369.92","366.77","646.80K","-0.20%"
"07/05/2019","369.92","369.88","370.83","366.67","716.88K","-0.12%"
"07/03/2019","370.38","367.94","370.47","365.35","742.11K","0.76%"
"07/02/2019","367.57","361.58","367.57","361.07","1.05M","1.69%"
"07/01/2019","361.47","365.41","366.77","361.05","1.00M","-0.57%"
"06/28/2019","363.54","359.48","363.75","357.67","1.37M","1.24%"
"06/27/2019","359.09","359.93","360.52","357.25","826.52K","-0.11%"
"06/26/2019","359.50","361.64","362.00","357.00","977.66K","-0.29%"
"06/25/2019","360.56","360.00","362.80","359.74","1.17M","0.16%"
"06/24/2019","359.98","360.44","362.88","359.74","1.77M","0.17%"
"06/21/2019","359.36","362.23","362.74","357.57","1.54M","-0.95%"
"06/20/2019","362.80","357.77","363.33","357.71","1.05M","1.99%"
"06/19/2019","355.73","353.76","356.55","353.19","816.68K","0.63%"
"06/18/2019","353.52","349.49","354.28","348.39","826.40K","1.39%"
"06/17/2019","348.69","351.22","352.41","346.76","904.17K","-0.41%"
"06/14/2019","350.14","349.08","352.46","348.44","1.06M","0.30%"
"06/13/2019","349.08","347.58","349.70","344.40","1.20M","1.03%"
"06/12/2019","345.51","344.23","346.14","342.32","1.13M","0.43%"
"06/11/2019","344.04","352.01","352.55","340.87","1.68M","-2.15%"
"06/10/2019","351.60","357.97","358.63","350.73","1.36M","-1.02%"
"06/07/2019","355.23","353.45","356.15","352.40","1.13M","0.77%"
"06/06/2019","352.52","353.37","354.34","350.15","1.15M","-0.05%"
"06/05/2019","352.70","349.99","352.86","348.51","1.75M","0.96%"
"06/04/2019","349.35","345.88","349.68","345.88","1.57M","1.39%"
"06/03/2019","344.57","338.08","344.78","337.90","1.35M","1.78%"
"05/31/2019","338.54","337.59","341.14","337.49","1.02M","-1.00%"
"05/30/2019","341.96","340.00","343.48","339.75","859.05K","0.77%"
"05/29/2019","339.34","336.78","340.36","335.28","1.18M","0.43%"
"05/28/2019","337.89","338.96","341.28","337.10","3.56M","-0.26%"
"05/24/2019","338.78","340.67","341.62","337.26","1.29M","-0.38%"
"05/23/2019","340.07","339.72","341.44","336.08","1.46M","-0.36%"
"05/22/2019","341.30","343.29","343.29","339.88","1.05M","-0.77%"
"05/21/2019","343.95","343.60","344.80","339.50","1.10M","0.57%"
"05/20/2019","342.01","337.24","344.29","337.24","1.39M","1.19%"
"05/17/2019","337.99","336.46","340.95","336.46","1.27M","-0.41%"
"05/16/2019","339.39","335.92","339.65","334.85","1.09M","1.57%"
"05/15/2019","334.15","335.29","335.71","329.93","1.13M","-0.60%"
"05/14/2019","336.17","336.01","340.92","334.75","1.17M","0.24%"
"05/13/2019","335.37","335.25","339.75","333.20","1.50M","-1.75%"
"05/10/2019","341.35","337.41","341.62","335.27","1.21M","0.59%"
"05/09/2019","339.36","334.00","340.33","331.94","1.50M","1.55%"
"05/08/2019","334.18","330.90","336.88","330.35","1.08M","0.99%"
"05/07/2019","330.90","334.74","334.74","328.84","1.18M","-1.44%"
"05/06/2019","335.72","330.50","336.53","330.17","812.81K","0.49%"
"05/03/2019","334.07","333.58","335.64","331.20","806.77K","0.46%"
"05/02/2019","332.55","332.01","332.70","328.24","962.54K","0.21%"
"05/01/2019","331.85","334.25","337.21","331.58","1.10M","-0.44%"
"04/30/2019","333.33","329.52","333.86","328.46","990.09K","1.44%"
"04/29/2019","328.59","328.40","331.15","327.21","969.22K","0.08%"
"04/26/2019","328.33","329.60","330.75","327.08","873.51K","-0.16%"
"04/25/2019","328.87","330.25","334.23","328.46","1.51M","-0.38%"
"04/24/2019","330.12","333.90","335.78","327.84","2.09M","-0.89%"
"04/23/2019","333.10","326.52","337.31","324.52","3.43M","5.66%"
"04/22/2019","315.26","314.25","316.26","313.27","1.32M","0.32%"
"04/18/2019","314.26","311.03","314.57","309.47","1.11M","1.21%"
"04/17/2019","310.50","311.22","312.43","309.78","1.04M","0.14%"
"04/16/2019","310.06","309.22","310.63","308.10","834.09K","0.44%"
"04/15/2019","308.71","309.96","310.00","307.54","864.79K","-0.32%"
"04/12/2019","309.70","307.00","309.78","306.03","891.93K","1.34%"
"04/11/2019","305.59","300.23","305.83","300.00","829.47K","2.16%"
"04/10/2019","299.12","302.23","302.35","297.33","1.23M","-1.18%"
"04/09/2019","302.68","304.36","304.57","301.19","867.13K","-0.97%"
"04/08/2019","305.66","301.99","305.86","300.67","1.12M","1.02%"
"04/05/2019","302.58","299.91","302.66","299.71","705.24K","0.97%"
"04/04/2019","299.67","298.16","302.05","297.89","789.45K","0.81%"
"04/03/2019","297.27","303.61","304.40","296.14","1.18M","-1.92%"
"04/02/2019","303.10","304.87","306.78","302.87","872.62K","-0.39%"
"04/01/2019","304.29","302.56","306.11","301.84","1.15M","1.38%"
"03/29/2019","300.16","297.50","300.59","296.74","1.21M","1.54%"
"03/28/2019","295.60","295.03","295.94","293.65","567.10K","0.56%"
"03/27/2019","293.95","295.62","297.89","292.85","835.58K","-0.33%"
"03/26/2019","294.92","296.09","297.60","292.69","882.29K","0.27%"
"03/25/2019","294.12","294.41","295.82","292.53","779.66K","0.04%"
"03/22/2019","294.01","297.65","298.40","293.88","942.78K","-1.67%"
"03/21/2019","299.01","295.37","300.07","295.00","1.15M","1.02%"
"03/20/2019","295.98","296.91","298.71","295.06","1.32M","-0.21%"
"03/19/2019","296.60","299.48","302.14","295.44","1.50M","-0.35%"
"03/18/2019","297.64","295.87","298.36","293.27","1.79M","0.50%"
"03/15/2019","296.15","298.86","299.23","293.77","4.52M","-0.79%"
"03/14/2019","298.51","303.42","304.46","298.32","1.18M","-1.63%"
"03/13/2019","303.45","303.06","304.56","301.12","1.13M","0.51%"
"03/12/2019","301.92","304.60","305.31","300.79","1.25M","-0.81%"
"03/11/2019","304.40","299.62","304.58","298.63","1.29M","1.15%"
"03/08/2019","300.95","300.57","301.69","298.77","1.05M","-0.68%"
"03/07/2019","303.01","302.90","303.20","297.42","1.26M","-0.10%"
"03/06/2019","303.32","306.48","308.35","303.32","879.16K","-0.80%"
"03/05/2019","305.76","306.01","307.22","304.22","907.70K","0.35%"
"03/04/2019","304.69","311.78","311.78","303.48","1.07M","-1.54%"
"03/01/2019","309.47","311.56","311.56","306.44","1.42M","0.02%"
"02/28/2019","309.41","307.44","311.75","306.12","1.84M","0.59%"
"02/27/2019","307.58","305.02","307.94","304.11","1.12M","0.56%"
"02/26/2019","305.88","305.60","308.08","305.01","871.56K","-0.03%"
"02/25/2019","305.97","308.89","309.40","305.55","1.09M","-0.38%"
"02/22/2019","307.13","305.91","307.36","303.90","581.81K","0.86%"
"02/21/2019","304.51","307.06","307.17","303.28","1.04M","-0.88%"
"02/20/2019","307.20","305.00","307.20","304.29","870.60K","0.66%"
"02/19/2019","305.18","305.97","306.59","303.76","929.46K","-0.67%"
"02/15/2019","307.23","304.01","307.33","304.01","847.70K","2.07%"
"02/14/2019","301.00","303.36","304.00","300.91","888.35K","-1.12%"
"02/13/2019","304.42","305.00","305.95","303.68","958.59K","0.10%"
"02/12/2019","304.11","301.47","304.32","300.86","840.64K","1.36%"
"02/11/2019","300.04","301.78","302.75","298.80","1.08M","-0.48%"
"02/08/2019","301.50","299.22","301.63","297.00","1.02M","0.46%"
"02/07/2019","300.13","298.79","300.36","296.14","1.15M","0.10%"
"02/06/2019","299.83","299.99","302.68","299.01","1.11M","0.12%"
"02/05/2019","299.46","300.00","302.98","297.23","1.45M","0.23%"
"02/04/2019","298.77","290.90","299.06","290.11","1.33M","2.82%"
"02/01/2019","290.58","290.85","292.58","289.19","1.36M","0.31%"
"01/31/2019","289.69","290.17","292.83","287.79","1.31M","-0.68%"
"01/30/2019","291.67","293.95","293.99","286.77","1.78M","-0.13%"
"01/29/2019","292.05","281.11","292.86","281.00","2.04M","1.45%"
"01/28/2019","287.87","285.00","288.41","282.88","1.17M","0.29%"
"01/25/2019","287.04","288.17","289.30","286.13","1.05M","0.63%"
"01/24/2019","285.25","284.59","288.24","282.59","1.02M","0.61%"
"01/23/2019","283.51","282.11","285.73","280.50","1.63M","1.40%"
"01/22/2019","279.59","281.39","284.62","278.00","1.89M","-1.16%"
"01/18/2019","282.87","281.18","285.37","279.72","2.07M","1.46%"
"01/17/2019","278.80","271.17","279.99","270.84","1.24M","2.35%"
"01/16/2019","272.39","275.40","275.69","270.63","1.33M","-1.31%"
"01/15/2019","276.00","278.23","278.33","273.51","1.19M","-0.54%"
"01/14/2019","277.51","276.67","279.52","274.43","1.39M","-0.08%"
"01/11/2019","277.73","275.79","277.76","272.43","1.16M","0.08%"
"01/10/2019","277.50","269.62","277.68","269.50","1.84M","2.57%"
"01/09/2019","270.54","270.13","272.22","269.13","1.24M","0.25%"
"01/08/2019","269.87","271.13","271.75","267.81","1.79M","0.67%"
"01/07/2019","268.08","266.00","270.00","263.86","1.47M","1.15%"
"01/04/2019","265.04","261.92","265.49","260.34","1.44M","2.70%"
"01/03/2019","258.08","262.32","264.00","257.38","1.17M","-2.51%"
"01/02/2019","264.73","258.36","265.30","256.79","1.06M","1.10%"
"12/31/2018","261.84","262.15","265.11","259.85","1.19M","0.22%"
"12/28/2018","261.26","263.01","264.83","260.14","1.98M","0.57%"
"12/27/2018","259.79","249.25","259.79","248.20","2.20M","3.25%"
"12/26/2018","251.62","246.31","251.89","241.18","1.80M","2.61%"
"12/24/2018","245.22","253.03","254.63","245.01","1.52M","-4.42%"
"12/21/2018","256.55","260.78","262.64","255.30","3.74M","-3.29%"
"12/20/2018","265.29","271.99","273.82","261.41","2.33M","-3.16%"
"12/19/2018","273.96","279.75","283.81","271.52","1.72M","-1.97%"
"12/18/2018","279.47","281.55","283.84","278.05","1.71M","0.09%"
"12/17/2018","279.23","286.20","286.79","277.84","1.65M","-2.94%"
"12/14/2018","287.70","290.00","291.24","286.62","1.88M","-1.55%"
"12/13/2018","292.23","293.27","295.27","291.00","1.13M","-0.09%"
"12/12/2018","292.50","295.99","296.80","292.01","1.12M","0.12%"
"12/11/2018","292.15","302.68","303.25","290.33","1.76M","-2.09%"
"12/10/2018","298.40","289.93","298.93","289.19","2.42M","4.56%"
"12/07/2018","285.40","285.40","290.35","285.21","1.41M","-0.33%"
"12/06/2018","286.35","282.90","286.89","277.20","2.79M","-0.13%"
"12/04/2018","286.73","295.72","295.72","286.03","2.21M","-3.39%"
"12/03/2018","296.79","304.94","305.32","295.90","1.76M","-1.21%"
"11/30/2018","300.43","300.75","303.53","297.88","3.67M","-0.66%"
"11/29/2018","302.42","301.00","304.98","300.28","2.79M","0.83%"
"11/28/2018","299.94","297.85","300.53","293.94","1.28M","1.57%"
"11/27/2018","295.29","293.90","295.66","289.60","1.48M","0.00%"
"11/26/2018","295.28","297.04","298.85","292.92","1.38M","-0.03%"
"11/23/2018","295.38","293.06","297.94","291.93","434.30K","0.37%"
"11/21/2018","294.29","295.00","297.85","294.23","1.36M","0.15%"
"11/20/2018","293.86","291.36","295.25","288.56","1.28M","-0.25%"
"11/19/2018","294.59","301.09","301.09","293.22","1.56M","-2.21%"
"11/16/2018","301.24","303.84","305.25","299.87","1.32M","-1.39%"
"11/15/2018","305.48","302.17","308.00","299.74","1.23M","0.69%"
"11/14/2018","303.39","308.27","309.68","303.01","1.19M","-0.77%"
"11/13/2018","305.74","304.81","308.86","302.23","1.12M","0.20%"
"11/12/2018","305.12","313.20","314.23","304.60","1.12M","-2.55%"
"11/09/2018","313.12","307.19","314.16","307.14","1.29M","1.48%"
"11/08/2018","308.56","310.00","311.02","306.36","878.97K","-0.41%"
"11/07/2018","309.82","308.06","309.96","304.16","983.02K","1.06%"
"11/06/2018","306.56","304.05","308.76","304.05","1.12M","1.10%"
"11/05/2018","303.21","302.00","304.30","300.59","1.65M","1.31%"
"11/02/2018","299.28","301.04","302.75","297.75","1.60M","-0.05%"
"11/01/2018","299.42","295.73","301.44","295.01","1.53M","1.90%"
"10/31/2018","293.85","294.36","299.10","293.53","1.98M","0.96%"
"10/30/2018","291.07","285.61","292.50","283.72","2.87M","1.53%"
"10/29/2018","286.67","309.50","309.50","283.21","3.26M","-6.03%"
"10/26/2018","305.05","303.40","308.97","301.66","1.91M","-0.44%"
"10/25/2018","306.41","313.21","316.55","305.45","2.35M","-1.52%"
"10/24/2018","311.13","328.11","328.11","310.42","2.40M","-3.18%"
"10/23/2018","321.35","325.23","334.77","315.59","3.00M","-1.66%"
"10/22/2018","326.78","331.62","331.62","324.47","1.41M","-0.41%"
"10/19/2018","328.14","327.20","330.04","326.06","1.10M","0.04%"
"10/18/2018","328.00","331.35","333.32","325.04","1.32M","-1.62%"
"10/17/2018","333.40","335.72","337.19","333.32","1.18M","-1.11%"
"10/16/2018","337.13","332.47","337.40","331.14","860.28K","1.78%"
"10/15/2018","331.24","327.93","333.98","327.93","1.00M","1.10%"
"10/12/2018","327.62","330.59","331.47","322.60","1.29M","0.42%"
"10/11/2018","326.26","334.73","338.00","325.01","1.94M","-3.12%"
"10/10/2018","336.75","346.85","347.25","336.75","1.79M","-3.04%"
"10/09/2018","347.31","348.62","349.46","346.16","986.36K","-0.75%"
"10/08/2018","349.93","346.89","350.49","346.27","825.50K","0.78%"
"10/05/2018","347.21","348.30","350.90","345.65","889.04K","-0.64%"
"10/04/2018","349.46","346.82","349.66","345.59","1.20M","0.58%"
"10/03/2018","347.44","350.00","351.35","347.22","1.24M","-0.47%"
"10/02/2018","349.07","348.62","349.88","346.37","960.54K","0.33%"
"10/01/2018","347.93","347.09","348.33","344.87","809.54K","0.57%"
"09/28/2018","345.96","345.72","348.00","344.71","1.83M","-0.03%"
"09/27/2018","346.05","344.16","346.79","342.41","1.17M","0.92%"
"09/26/2018","342.88","343.00","344.86","342.39","1.16M","-0.19%"
"09/25/2018","343.54","338.48","345.33","337.45","1.36M","1.77%"
"09/24/2018","337.58","336.81","339.32","334.30","1.18M","-0.02%"
"09/21/2018","337.66","334.07","337.91","334.07","1.88M","1.36%"
"09/20/2018","333.13","339.86","340.30","329.01","2.00M","-1.82%"
"09/19/2018","339.30","343.22","345.77","336.51","1.77M","-1.14%"
"09/18/2018","343.22","340.00","344.85","339.48","1.15M","1.14%"
"09/17/2018","339.34","336.50","339.68","336.00","1.12M","1.05%"
"09/14/2018","335.80","331.31","336.50","329.50","1.31M","1.36%"
"09/13/2018","331.28","326.72","331.86","326.59","1.29M","1.84%"
"09/12/2018","325.28","321.38","325.84","321.38","1.33M","0.95%"
"09/11/2018","322.23","322.04","323.85","320.30","798.20K","-0.22%"
"09/10/2018","322.95","328.72","329.18","322.66","1.42M","-1.70%"
"09/07/2018","328.53","328.03","330.88","326.89","1.29M","-0.12%"
"09/06/2018","328.91","321.56","329.54","321.30","1.33M","2.36%"
"09/05/2018","321.33","320.89","321.67","319.51","892.73K","-0.18%"
"09/04/2018","321.91","320.00","322.25","317.60","947.35K","0.47%"
"08/31/2018","320.41","318.56","320.89","317.00","1.06M","-0.45%"
"08/30/2018","321.85","324.00","326.49","320.93","1.41M","-0.76%"
"08/29/2018","324.32","324.46","324.92","322.20","965.96K","-0.01%"
"08/28/2018","324.34","324.66","325.00","322.30","819.98K","0.00%"
"08/27/2018","324.34","322.07","325.00","322.00","737.62K","0.95%"
"08/24/2018","321.29","320.00","321.39","318.72","773.52K","0.40%"
"08/23/2018","320.01","322.08","322.15","318.87","717.92K","-0.59%"
"08/22/2018","321.92","324.05","324.52","321.80","690.55K","-0.76%"
"08/21/2018","324.39","324.40","325.41","323.13","1.17M","0.05%"
"08/20/2018","324.22","325.26","325.97","323.81","877.40K","-0.31%"
"08/17/2018","325.23","325.86","327.42","324.72","1.40M","-0.19%"
"08/16/2018","325.86","320.00","326.62","319.81","1.20M","2.57%"
"08/15/2018","317.70","318.37","318.91","314.44","1.32M","-0.28%"
"08/14/2018","318.59","314.89","320.21","314.63","974.66K","1.58%"
"08/13/2018","313.64","312.51","315.26","312.00","790.41K","0.17%"
"08/10/2018","313.12","314.90","314.90","311.39","1.08M","-0.82%"
"08/09/2018","315.71","314.79","316.50","312.67","1.05M","0.13%"
"08/08/2018","315.31","317.50","317.78","314.21","922.74K","-0.66%"
"08/07/2018","317.41","317.24","318.24","313.58","1.09M","0.15%"
"08/06/2018","316.92","318.61","318.61","313.68","1.74M","-1.13%"
"08/03/2018","320.55","322.62","322.62","319.11","945.47K","-0.46%"
"08/02/2018","322.02","322.53","323.15","320.24","820.36K","-0.90%"
"08/01/2018","324.93","325.59","326.07","322.57","1.39M","-0.36%"
"07/31/2018","326.10","321.38","326.43","321.38","986.64K","1.87%"
"07/30/2018","320.11","324.10","325.99","319.62","1.27M","-1.23%"
"07/27/2018","324.09","324.40","325.14","321.79","1.01M","0.36%"
"07/26/2018","322.94","324.83","325.87","321.17","2.01M","-0.44%"
"07/25/2018","324.36","323.05","324.97","316.67","2.10M","0.55%"
"07/24/2018","322.57","325.00","329.65","313.00","3.25M","1.33%"
"07/23/2018","318.33","322.55","323.50","316.79","1.59M","-1.31%"
"07/20/2018","322.55","318.35","322.85","317.44","1.57M","0.92%"
"07/19/2018","319.60","319.30","320.86","318.18","760.03K","-0.05%"
"07/18/2018","319.77","317.71","320.58","316.50","860.58K","0.71%"
"07/17/2018","317.50","319.89","320.98","316.12","868.18K","-0.49%"
"07/16/2018","319.05","319.38","323.38","317.58","1.30M","0.21%"
"07/13/2018","318.37","313.68","319.50","313.52","1.66M","1.62%"
"07/12/2018","313.31","309.40","314.47","308.80","1.28M","2.20%"
"07/11/2018","306.58","307.83","309.38","305.93","896.24K","-0.73%"
"07/10/2018","308.83","308.11","310.91","307.21","1.53M","0.77%"
"07/09/2018","306.48","301.00","307.47","300.36","1.24M","2.44%"
"07/06/2018","299.19","298.41","301.51","296.21","1.12M","0.00%"
"07/05/2018","299.19","300.28","303.16","297.19","986.29K","-0.09%"
"07/03/2018","299.46","300.00","302.59","298.62","650.97K","0.11%"
"07/02/2018","299.12","294.17","299.30","292.31","977.89K","1.25%"
"06/29/2018","295.43","297.48","299.98","295.26","1.27M","0.06%"
"06/28/2018","295.24","295.00","296.71","291.52","1.42M","0.16%"
"06/27/2018","294.78","299.39","302.12","294.54","1.52M","-1.44%"
"06/26/2018","299.08","298.81","300.43","297.08","1.67M","0.10%"
"06/25/2018","298.77","297.35","303.33","296.07","1.94M","-0.20%"
"06/22/2018","299.38","301.38","301.81","298.69","1.41M","-0.33%"
"06/21/2018","300.38","302.65","302.86","298.10","1.52M","-0.82%"
"06/20/2018","302.86","302.37","304.97","301.23","1.62M","0.11%"
"06/19/2018","302.52","306.72","307.63","301.65","1.82M","-2.26%"
"06/18/2018","309.52","307.38","310.00","306.00","1.26M","-0.20%"
"06/15/2018","310.14","309.62","310.97","306.34","1.79M","-0.14%"
"06/14/2018","310.59","314.54","315.80","310.01","1.40M","-1.20%"
"06/13/2018","314.35","314.67","317.80","312.67","2.01M","-0.26%"
"06/12/2018","315.16","319.63","320.03","311.25","1.74M","-1.30%"
"06/11/2018","319.30","322.12","322.62","319.16","911.07K","-0.93%"
"06/08/2018","322.31","321.73","322.60","318.10","1.26M","0.11%"
"06/07/2018","321.95","320.50","322.15","318.94","1.09M","0.64%"
"06/06/2018","319.91","320.77","321.88","318.51","1.08M","-0.03%"
"06/05/2018","320.02","318.11","321.24","317.49","873.10K","0.58%"
"06/04/2018","318.17","317.11","319.25","316.22","857.00K","0.49%"
"06/01/2018","316.63","316.92","317.80","315.47","886.89K","0.66%"
"05/31/2018","314.54","319.24","320.28","314.47","1.45M","-2.02%"
"05/30/2018","321.04","319.03","321.81","317.16","901.41K","1.21%"
"05/29/2018","317.20","319.67","320.69","315.36","1.16M","-1.12%"
"05/25/2018","320.80","326.00","327.22","319.86","1.02M","-1.70%"
"05/24/2018","326.35","324.66","329.13","323.34","1.21M","0.32%"
"05/23/2018","325.32","315.83","325.53","314.13","1.60M","2.58%"
"05/22/2018","317.13","323.26","323.60","317.04","1.50M","-2.20%"
"05/21/2018","324.28","322.50","324.53","321.16","1.00M","1.20%"
"05/18/2018","320.45","320.76","322.00","319.80","1.01M","0.01%"
"05/17/2018","320.42","319.00","321.50","317.40","961.63K","0.34%"
"05/16/2018","319.33","320.10","321.71","318.84","915.82K","-0.14%"
"05/15/2018","319.77","317.75","320.35","317.00","1.13M","0.22%"
"05/14/2018","319.08","323.25","323.98","317.44","1.42M","-1.53%"
"05/11/2018","324.04","324.69","325.86","322.76","844.94K","-0.14%"
"05/10/2018","324.49","328.48","329.02","322.95","1.26M","-0.50%"
"05/09/2018","326.12","325.62","328.55","324.70","1.70M","0.60%"
"05/08/2018","324.19","317.71","325.39","317.30","2.95M","2.04%"
"05/07/2018","317.71","312.23","317.92","312.09","1.82M","2.01%"
"05/04/2018","311.44","308.11","312.70","307.25","1.68M","0.49%"
"05/03/2018","309.93","303.95","310.50","300.50","2.89M","1.38%"
"05/02/2018","305.70","307.28","313.40","305.20","2.64M","-0.89%"
"05/01/2018","308.46","320.49","321.24","302.09","3.88M","-3.86%"
"04/30/2018","320.84","322.35","325.46","320.20","1.45M","-0.37%"
"04/27/2018","322.03","329.95","330.23","321.70","1.58M","-2.53%"
"04/26/2018","330.40","330.00","334.86","324.13","1.85M","0.27%"
"04/25/2018","329.50","336.68","337.15","320.56","3.03M","-2.08%"
"04/24/2018","336.49","360.02","361.99","330.64","3.78M","-6.17%"
"04/23/2018","358.60","352.79","358.62","352.45","1.99M","1.88%"
"04/20/2018","351.99","354.53","355.00","351.13","1.19M","-0.39%"
"04/19/2018","353.38","351.60","354.21","350.18","781.66K","0.64%"
"04/18/2018","351.15","351.30","352.25","349.34","843.64K","0.58%"
"04/17/2018","349.14","347.79","350.12","346.13","1.06M","1.00%"
"04/16/2018","345.70","344.87","347.74","344.55","1.14M","0.90%"
"04/13/2018","342.60","344.08","345.06","340.69","763.12K","-0.08%"
"04/12/2018","342.88","340.62","344.50","340.52","1.09M","1.01%"
"04/11/2018","339.44","338.51","346.25","337.98","1.48M","0.02%"
"04/10/2018","339.36","340.63","341.05","337.10","1.00M","1.03%"
"04/09/2018","335.91","337.48","340.83","335.46","981.59K","0.37%"
"04/06/2018","334.66","343.59","344.68","332.83","1.42M","-3.46%"
"04/05/2018","346.65","344.23","346.93","340.01","1.59M","1.42%"
"04/04/2018","341.79","328.88","341.97","327.50","1.45M","2.12%"
"04/03/2018","334.71","334.97","337.03","330.68","1.30M","0.51%"
"04/02/2018","333.00","337.06","337.90","328.75","1.30M","-1.46%"
"03/29/2018","337.93","336.04","341.00","335.39","1.04M","0.78%"
"03/28/2018","335.33","340.00","340.66","333.22","1.42M","-1.04%"
"03/27/2018","338.85","345.30","345.94","336.60","1.30M","-1.48%"
"03/26/2018","343.93","342.40","344.60","339.27","1.61M","2.27%"
"03/23/2018","336.31","327.00","344.14","326.77","2.90M","2.80%"
"03/22/2018","327.15","333.18","335.47","325.79","1.54M","-2.48%"
"03/21/2018","335.47","336.26","338.73","332.49","1.27M","-0.04%"
"03/20/2018","335.60","335.73","339.50","335.22","1.15M","0.10%"
"03/19/2018","335.25","330.30","336.23","330.25","1.50M","1.16%"
"03/16/2018","331.40","333.38","334.35","329.23","4.72M","-0.55%"
"03/15/2018","333.23","331.94","334.43","328.78","1.88M","0.47%"
"03/14/2018","331.68","335.71","336.38","327.58","1.71M","-0.53%"
"03/13/2018","333.46","334.78","335.91","332.08","1.62M","0.11%"
"03/12/2018","333.10","341.00","341.35","333.04","2.28M","-2.17%"
"03/09/2018","340.49","341.78","342.56","338.08","1.57M","-0.38%"
"03/08/2018","341.78","343.12","343.70","339.34","1.06M","-0.12%"
"03/07/2018","342.20","336.23","343.19","334.10","1.35M","0.80%"
"03/06/2018","339.50","342.90","343.99","337.95","1.31M","-0.84%"
"03/05/2018","342.36","339.83","342.78","337.62","1.81M","0.19%"
"03/02/2018","341.72","337.50","342.85","335.05","1.68M","0.60%"
"03/01/2018","339.69","352.46","353.58","337.58","2.31M","-3.62%"
"02/28/2018","352.44","357.36","359.19","352.42","988.37K","-1.60%"
"02/27/2018","358.17","359.35","362.32","358.09","1.38M","-0.15%"
"02/26/2018","358.70","360.00","361.32","357.08","1.16M","0.00%"
"02/23/2018","358.69","356.25","358.69","353.84","902.54K","0.92%"
"02/22/2018","355.41","358.44","358.97","354.51","1.43M","-0.46%"
"02/21/2018","357.06","359.00","362.98","357.00","1.39M","-0.45%"
"02/20/2018","358.69","359.15","362.67","357.23","1.10M","-0.51%"
"02/16/2018","360.53","361.00","363.00","357.84","1.08M","-0.13%"
"02/15/2018","361.00","357.40","361.02","354.74","1.17M","1.79%"
"02/14/2018","354.66","348.81","355.39","348.20","1.65M","1.26%"
"02/13/2018","350.23","345.20","351.06","344.51","1.28M","1.28%"
"02/12/2018","345.81","344.54","348.47","340.10","1.83M","1.29%"
"02/09/2018","341.42","338.10","344.88","332.25","2.37M","2.13%"
"02/08/2018","334.30","350.21","350.99","334.01","2.63M","-3.22%"
"02/07/2018","345.43","338.29","350.34","337.82","2.05M","2.32%"
"02/06/2018","337.59","328.71","340.01","327.23","2.60M","0.34%"
"02/05/2018","336.46","348.63","353.99","326.11","2.95M","-4.59%"
"02/02/2018","352.66","355.00","358.00","351.52","1.96M","-1.32%"
"02/01/2018","357.38","354.26","361.79","354.01","1.58M","0.71%"
"01/31/2018","354.85","353.28","358.52","352.45","1.89M","1.27%"
"01/30/2018","350.39","346.52","352.72","345.05","2.03M","-0.29%"
"01/29/2018","351.42","350.00","354.32","342.15","2.88M","1.89%"
"01/26/2018","344.90","336.87","345.11","334.74","2.06M","3.04%"
"01/25/2018","334.72","331.04","335.19","330.21","1.78M","1.28%"
"01/24/2018","330.49","328.87","332.48","327.42","1.36M","0.54%"
"01/23/2018","328.70","329.99","331.15","328.51","1.07M","-0.09%"
"01/22/2018","329.00","331.77","332.70","328.97","1.46M","-0.90%"
"01/19/2018","332.00","334.24","334.89","331.78","1.51M","-0.30%"
"01/18/2018","333.00","334.11","335.92","332.99","973.66K","-0.56%"
"01/17/2018","334.86","331.46","335.74","330.32","1.01M","1.44%"
"01/16/2018","330.11","336.35","336.67","330.00","1.37M","-1.83%"
"01/12/2018","336.25","331.35","336.35","331.03","1.43M","1.55%"
"01/11/2018","331.13","331.85","332.08","330.16","1.15M","0.02%"
"01/10/2018","331.05","331.07","333.74","330.00","1.50M","0.16%"
"01/09/2018","330.51","329.00","331.83","328.42","865.85K","0.72%"
"01/08/2018","328.16","328.96","330.41","327.81","1.08M","-0.46%"
"01/05/2018","329.68","325.99","330.18","325.98","1.24M","0.91%"
"01/04/2018","326.72","321.19","326.90","320.99","1.44M","1.72%"
"01/03/2018","321.21","318.98","321.52","318.63","893.57K","0.84%"
"01/02/2018","318.54","322.00","322.62","317.50","1.19M","-0.78%"
"12/29/2017","321.05","322.22","323.15","321.02","731.20K","-0.33%"
"12/28/2017","322.10","319.83","322.30","319.71","721.72K","0.83%"
"12/27/2017","319.44","319.67","319.67","318.07","574.68K","0.29%"
"12/26/2017","318.51","318.36","319.77","317.97","517.45K","0.15%"
"12/22/2017","318.03","318.30","319.24","317.60","542.94K","0.26%"
"12/21/2017","317.19","319.00","319.20","317.01","868.68K","-0.17%"
"12/20/2017","317.72","319.84","321.25","317.65","932.41K","-0.70%"
"12/19/2017","319.97","322.76","323.13","319.78","931.00K","-0.86%"
"12/18/2017","322.76","323.59","323.94","319.00","1.25M","-0.02%"
"12/15/2017","322.82","318.69","323.38","318.43","1.93M","1.83%"
"12/14/2017","317.01","318.21","319.03","316.42","867.64K","-0.25%"
"12/13/2017","317.79","316.66","319.83","316.30","862.44K","0.60%"
"12/12/2017","315.89","316.38","316.90","314.91","1.08M","-0.09%"
"12/11/2017","316.17","315.45","317.24","315.15","765.76K","0.10%"
"12/08/2017","315.85","316.56","316.56","313.45","853.89K","0.45%"
"12/07/2017","314.42","311.83","315.36","311.81","972.38K","0.79%"
"12/06/2017","311.97","310.25","313.07","310.25","824.79K","0.59%"
"12/05/2017","310.14","314.50","314.50","310.07","1.17M","-0.53%"
"12/04/2017","311.78","315.94","316.52","311.61","1.37M","-0.57%"
"12/01/2017","313.57","319.06","319.63","311.13","1.71M","-1.74%"
"11/30/2017","319.12","319.62","320.94","318.48","2.63M","-0.51%"
"11/29/2017","320.76","319.50","321.21","318.33","1.19M","0.55%"
"11/28/2017","319.01","316.78","319.43","316.17","967.21K","0.73%"
"11/27/2017","316.70","316.00","316.89","315.05","657.82K","0.28%"
"11/24/2017","315.82","315.09","316.23","315.02","320.92K","0.30%"
"11/22/2017","314.87","316.31","316.86","314.35","685.74K","-0.65%"
"11/21/2017","316.94","315.24","317.62","314.61","858.02K","0.73%"
"11/20/2017","314.65","310.20","315.57","310.01","902.10K","1.60%"
"11/17/2017","309.70","311.59","312.43","309.50","692.33K","-0.94%"
"11/16/2017","312.65","311.09","312.80","311.00","635.59K","0.65%"
"11/15/2017","310.64","313.10","313.78","310.54","754.88K","-0.99%"
"11/14/2017","313.74","312.00","314.00","310.70","605.69K","0.25%"
"11/13/2017","312.95","311.00","313.28","310.31","702.81K","0.57%"
"11/10/2017","311.17","310.30","311.68","309.76","630.85K","0.03%"
"11/09/2017","311.08","314.85","315.06","310.28","890.61K","-1.44%"
"11/08/2017","315.64","313.44","315.70","313.30","730.13K","0.75%"
"11/07/2017","313.29","310.08","313.37","310.08","874.52K","1.04%"
"11/06/2017","310.08","309.72","311.93","308.68","717.35K","0.03%"
"11/03/2017","309.99","310.92","311.85","309.04","652.24K","-0.28%"
"11/02/2017","310.86","306.11","310.86","306.11","868.91K","1.39%"
"11/01/2017","306.60","309.05","309.66","306.23","1.02M","-0.51%"
"10/31/2017","308.16","309.16","309.83","308.14","693.91K","-0.15%"
"10/30/2017","308.63","308.50","310.42","307.82","1.16M","0.20%"
"10/27/2017","308.00","307.95","310.38","307.75","998.71K","0.04%"
"10/26/2017","307.89","313.44","314.42","303.31","1.60M","-1.45%"
"10/25/2017","312.43","312.86","315.95","311.31","1.66M","-0.23%"
"10/24/2017","313.15","314.69","317.00","310.61","2.57M","-2.36%"
"10/23/2017","320.73","321.06","321.56","319.87","1.24M","0.23%"
"10/20/2017","320.00","317.93","320.00","316.60","933.37K","1.00%"
"10/19/2017","316.84","315.57","317.07","313.02","727.77K","0.40%"
"10/18/2017","315.57","318.33","318.81","314.70","1.13M","-0.85%"
"10/17/2017","318.27","318.70","318.93","317.02","741.61K","-0.21%"
"10/16/2017","318.94","319.74","320.67","317.74","588.26K","-0.14%"
"10/13/2017","319.39","321.62","322.19","319.14","1.10M","-0.55%"
"10/12/2017","321.15","318.35","321.56","318.28","867.74K","0.80%"
"10/11/2017","318.59","317.65","318.80","317.05","706.26K","0.28%"
"10/10/2017","317.71","318.32","318.32","316.22","941.55K","0.13%"
"10/09/2017","317.30","316.62","318.34","315.50","880.54K","0.27%"
"10/06/2017","316.46","315.00","316.46","314.28","857.93K","0.60%"
"10/05/2017","314.58","312.82","315.29","312.64","950.40K","0.50%"
"10/04/2017","313.02","313.28","314.10","312.46","903.78K","0.05%"
"10/03/2017","312.86","311.38","314.02","311.30","803.33K","0.49%"
"10/02/2017","311.33","310.79","311.38","309.27","1.01M","0.34%"
"09/29/2017","310.29","308.95","310.36","308.69","911.49K","0.38%"
"09/28/2017","309.13","309.01","310.37","306.58","824.65K","-0.32%"
"09/27/2017","310.13","309.70","311.32","309.01","973.34K","0.18%"
"09/26/2017","309.58","308.55","310.69","308.21","1.03M","0.89%"
"09/25/2017","306.85","308.48","308.97","304.71","1.22M","-0.55%"
"09/22/2017","308.54","308.65","311.36","308.26","1.02M","0.17%"
"09/21/2017","308.01","308.10","308.91","307.39","875.55K","0.04%"
"09/20/2017","307.90","305.36","307.96","305.24","1.27M","0.74%"
"09/19/2017","305.65","304.29","307.26","303.66","1.37M","0.61%"
"09/18/2017","303.80","302.86","304.33","302.40","1.01M","0.50%"
"09/15/2017","302.30","302.34","303.35","301.03","2.03M","0.32%"
"09/14/2017","301.34","300.20","301.39","298.40","1.51M","0.38%"
"09/13/2017","300.20","303.06","303.06","300.11","1.14M","-1.16%"
"09/12/2017","303.73","304.45","304.76","302.91","640.85K","-0.25%"
"09/11/2017","304.48","303.70","304.59","302.21","917.55K","0.52%"
"09/08/2017","302.90","301.52","303.66","301.52","1.16M","0.18%"
"09/07/2017","302.35","301.45","302.77","300.24","923.38K","0.30%"
"09/06/2017","301.45","303.41","303.94","301.31","1.22M","-0.25%"
"09/05/2017","302.20","304.45","304.53","301.91","1.39M","0.00%"
"09/01/2017","302.19","305.96","306.34","302.19","1.19M","-1.05%"
"08/31/2017","305.39","306.86","306.86","304.97","982.40K","-0.30%"
"08/30/2017","306.30","306.42","307.22","305.50","1.27M","-0.60%"
"08/29/2017","308.14","304.50","308.18","304.50","1.28M","1.49%"
"08/28/2017","303.61","303.73","303.85","302.51","830.38K","0.27%"
"08/25/2017","302.80","303.92","304.68","302.71","571.10K","0.07%"
"08/24/2017","302.60","303.51","304.05","301.25","574.44K","-0.08%"
"08/23/2017","302.84","304.00","304.56","302.53","697.11K","-0.64%"
"08/22/2017","304.80","303.51","305.48","302.97","960.44K","0.97%"
"08/21/2017","301.88","300.00","302.23","297.77","962.24K","0.90%"
"08/18/2017","299.20","300.87","301.26","298.82","1.20M","-0.74%"
"08/17/2017","301.42","305.26","305.65","301.27","1.07M","-1.43%"
"08/16/2017","305.80","305.88","306.81","305.35","1.04M","-0.13%"
"08/15/2017","306.20","307.97","308.48","305.52","1.02M","-0.45%"
"08/14/2017","307.58","305.45","308.06","304.26","1.20M","1.26%"
"08/11/2017","303.75","302.84","306.45","302.58","987.78K","0.16%"
"08/10/2017","303.25","306.55","307.10","303.00","1.34M","-0.65%"
"08/09/2017","305.22","301.20","305.54","301.00","1.75M","1.71%"
"08/08/2017","300.10","297.79","300.42","297.33","1.01M","0.99%"
"08/07/2017","297.15","297.31","297.73","296.60","769.14K","0.05%"
"08/04/2017","297.00","296.27","297.00","295.04","796.39K","0.40%"
"08/03/2017","295.82","294.00","295.91","292.80","983.64K","0.38%"
"08/02/2017","294.70","292.73","294.84","292.15","984.50K","0.70%"
"08/01/2017","292.65","293.93","294.33","291.89","1.04M","0.18%"
"07/31/2017","292.13","291.42","293.84","291.03","1.15M","0.59%"
"07/28/2017","290.41","288.07","290.77","286.58","1.09M","0.79%"
"07/27/2017","288.13","290.20","290.49","286.17","1.12M","-0.59%"
"07/26/2017","289.85","290.82","290.99","288.77","882.61K","0.01%"
"07/25/2017","289.83","291.48","292.07","289.72","805.24K","-0.16%"
"07/24/2017","290.28","289.47","291.24","289.20","768.72K","0.40%"
"07/21/2017","289.12","288.30","290.07","286.86","1.23M","-0.19%"
"07/20/2017","289.67","290.58","290.74","288.94","1.15M","-0.34%"
"07/19/2017","290.67","287.68","291.28","287.04","1.14M","1.35%"
"07/18/2017","286.79","290.64","292.97","286.03","1.81M","-0.59%"
"07/17/2017","288.49","288.50","290.06","287.61","1.32M","0.12%"
"07/14/2017","288.13","287.05","288.77","286.71","887.86K","0.48%"
"07/13/2017","286.76","287.12","287.85","285.78","705.41K","0.14%"
"07/12/2017","286.36","287.15","288.77","286.36","812.59K","-0.02%"
"07/11/2017","286.42","285.57","287.75","285.06","915.64K","0.30%"
"07/10/2017","285.57","285.50","287.91","284.22","1.35M","0.13%"
"07/07/2017","285.20","281.66","286.95","281.50","1.20M","1.51%"
"07/06/2017","280.96","282.00","283.48","280.40","766.05K","-0.51%"
"07/05/2017","282.40","279.50","283.72","279.40","869.48K","1.25%"
"07/03/2017","278.92","277.39","280.48","277.20","462.79K","0.47%"
"06/30/2017","277.61","277.62","278.92","276.32","1.09M","0.32%"
"06/29/2017","276.73","279.85","279.85","274.69","905.16K","-1.17%"
"06/28/2017","280.02","279.08","280.92","278.37","955.92K","0.79%"
"06/27/2017","277.83","279.32","280.21","277.83","740.50K","-0.67%"
"06/26/2017","279.70","281.17","283.20","279.49","887.13K","-0.33%"
"06/23/2017","280.64","280.03","281.48","280.03","1.03M","0.07%"
"06/22/2017","280.43","282.73","283.71","280.38","694.00K","-0.90%"
"06/21/2017","282.99","283.68","284.21","282.21","801.42K","0.04%"
"06/20/2017","282.89","282.95","284.98","282.39","967.63K","0.21%"
"06/19/2017","282.30","281.75","284.48","281.39","1.06M","0.42%"
"06/16/2017","281.11","282.13","282.28","280.68","1.29M","0.06%"
"06/15/2017","280.93","279.75","281.57","277.77","617.75K","0.22%"
"06/14/2017","280.30","278.10","282.32","278.00","828.90K","0.70%"
"06/13/2017","278.36","276.90","278.94","275.48","638.69K","0.53%"
"06/12/2017","276.89","277.09","277.23","273.73","835.96K","-0.04%"
"06/09/2017","277.00","277.66","279.19","276.61","1.02M","-0.22%"
"06/08/2017","277.62","278.00","278.69","276.67","1.12M","0.09%"
"06/07/2017","277.38","277.41","277.85","276.24","658.85K","0.18%"
"06/06/2017","276.88","279.54","279.95","276.72","890.78K","-1.16%"
"06/05/2017","280.13","281.50","282.30","280.09","623.25K","-0.58%"
"06/02/2017","281.76","281.28","282.89","280.75","749.26K","0.28%"
"06/01/2017","280.96","281.18","281.70","279.50","829.26K","-0.06%"
"05/31/2017","281.13","279.47","281.28","279.27","1.51M","0.37%"
"05/30/2017","280.09","281.83","282.84","279.73","902.22K","-1.26%"
"05/26/2017","283.65","282.04","284.00","281.54","854.65K","0.56%"
"05/25/2017","282.06","281.00","282.33","280.56","834.32K","0.72%"
"05/24/2017","280.05","278.22","280.56","278.11","872.15K","0.61%"
"05/23/2017","278.36","278.00","278.62","276.10","874.71K","0.48%"
"05/22/2017","277.03","280.79","280.79","276.22","1.60M","1.55%"
"05/19/2017","272.79","268.70","272.88","268.11","1.25M","2.05%"
"05/18/2017","267.32","268.54","269.00","266.01","1.25M","-0.71%"
"05/17/2017","269.24","270.10","270.73","268.91","943.25K","-0.89%"
"05/16/2017","271.65","272.08","273.26","271.43","614.81K","-0.26%"
"05/15/2017","272.35","271.28","272.47","271.05","616.53K","0.40%"
"05/12/2017","271.26","270.91","271.70","270.75","599.69K","-0.31%"
"05/11/2017","272.09","271.14","272.25","270.20","605.54K","0.13%"
"05/10/2017","271.74","272.88","273.71","270.17","934.94K","-0.78%"
"05/09/2017","273.87","273.00","274.22","272.27","897.91K","0.50%"
"05/08/2017","272.50","272.92","274.00","272.10","674.83K","-0.19%"
"05/05/2017","273.03","270.68","273.10","270.21","812.70K","0.93%"
"05/04/2017","270.51","269.87","270.71","268.86","691.11K","0.34%"
"05/03/2017","269.60","268.75","269.95","268.20","636.53K","0.04%"
"05/02/2017","269.49","268.19","269.87","268.00","737.11K","0.39%"
"05/01/2017","268.43","269.55","270.11","268.37","841.68K","-0.38%"
"04/28/2017","269.45","271.07","271.54","268.62","1.00M","-0.62%"
"04/27/2017","271.14","270.84","272.77","269.94","953.83K","0.29%"
"04/26/2017","270.35","270.59","272.51","269.54","1.48M","0.12%"
"04/25/2017","270.02","273.90","274.50","267.68","2.96M","-2.24%"
"04/24/2017","276.21","275.54","276.64","274.31","1.10M","1.14%"
"04/21/2017","273.09","272.20","274.49","272.00","955.49K","0.46%"
"04/20/2017","271.85","270.15","273.20","269.67","814.56K","0.82%"
"04/19/2017","269.63","269.69","270.05","268.67","816.65K","0.32%"
"04/18/2017","268.78","269.88","270.70","268.22","762.91K","-0.41%"
"04/17/2017","269.88","268.13","269.90","267.91","811.64K","0.70%"
"04/13/2017","268.00","268.14","270.28","268.00","764.02K","-0.19%"
"04/12/2017","268.51","269.89","270.48","268.04","955.39K","-0.65%"
"04/11/2017","270.27","269.00","270.52","268.18","744.45K","0.46%"
"04/10/2017","269.03","270.19","271.36","268.83","789.25K","-0.44%"
"04/07/2017","270.23","272.34","272.34","268.18","1.02M","1.17%"
"04/06/2017","267.11","266.87","267.79","266.32","740.49K","0.05%"
"04/05/2017","266.98","269.84","270.95","266.81","949.52K","-0.96%"
"04/04/2017","269.56","268.54","270.05","268.25","568.01K","0.33%"
"04/03/2017","268.68","267.60","269.30","267.35","799.10K","0.40%"
"03/31/2017","267.60","270.47","270.47","267.60","1.21M","-1.09%"
"03/30/2017","270.54","268.56","270.93","268.21","562.51K","0.86%"
"03/29/2017","268.24","268.92","268.92","267.26","814.14K","-0.33%"
"03/28/2017","269.12","266.63","270.79","266.02","1.02M","0.73%"
"03/27/2017","267.16","265.65","267.88","264.04","994.39K","-0.10%"
"03/24/2017","267.42","269.83","269.98","266.73","870.50K","-0.77%"
"03/23/2017","269.50","269.42","271.47","268.98","804.30K","0.03%"
"03/22/2017","269.42","268.83","270.28","267.91","1.02M","0.16%"
"03/21/2017","269.00","272.35","273.02","268.36","1.36M","-1.11%"
"03/20/2017","272.03","272.16","274.57","271.62","1.32M","0.02%"
"03/17/2017","271.98","268.78","272.18","268.30","2.13M","1.51%"
"03/16/2017","267.94","270.68","270.68","267.13","982.18K","-0.56%"
"03/15/2017","269.44","268.00","269.87","267.75","748.50K","0.54%"
"03/14/2017","268.00","268.93","269.15","267.38","701.65K","-0.44%"
"03/13/2017","269.19","268.51","269.26","268.00","819.13K","0.20%"
"03/10/2017","268.66","269.90","269.90","267.27","687.34K","-0.01%"
"03/09/2017","268.68","268.00","269.00","267.54","729.46K","0.36%"
"03/08/2017","267.72","269.00","269.05","267.31","820.09K","-0.49%"
"03/07/2017","269.04","267.31","269.38","267.30","884.63K","0.49%"
"03/06/2017","267.72","267.43","268.48","266.80","778.30K","-0.01%"
"03/03/2017","267.76","267.07","268.33","266.25","772.42K","0.29%"
"03/02/2017","266.99","269.00","269.00","266.22","954.18K","-0.52%"
"03/01/2017","268.38","269.09","270.00","267.33","1.13M","0.68%"
"02/28/2017","266.58","269.64","269.72","266.45","2.05M","-1.03%"
"02/27/2017","269.36","265.00","270.00","264.20","1.50M","1.26%"
"02/24/2017","266.00","264.57","266.00","263.18","929.23K","0.43%"
"02/23/2017","264.85","266.31","266.31","263.77","1.01M","-0.40%"
"02/22/2017","265.92","265.00","266.02","264.21","712.72K","0.10%"
"02/21/2017","265.66","264.81","266.07","264.19","957.26K","0.12%"
"02/17/2017","265.35","264.71","265.43","263.50","882.74K","0.01%"
"02/16/2017","265.33","263.92","265.40","262.73","859.02K","0.71%"
"02/15/2017","263.46","262.00","263.76","261.07","1.06M","0.34%"
"02/14/2017","262.56","262.19","263.16","261.85","824.20K","0.08%"
"02/13/2017","262.35","261.05","263.11","261.02","906.76K","0.69%"
"02/10/2017","260.55","258.48","260.92","258.00","749.40K","0.91%"
"02/09/2017","258.20","256.80","259.04","256.80","869.68K","0.57%"
"02/08/2017","256.74","256.93","257.81","256.40","973.42K","0.14%"
"02/07/2017","256.37","256.00","257.30","255.58","977.79K","0.42%"
"02/06/2017","255.31","254.43","257.07","254.11","980.82K","0.33%"
"02/03/2017","254.46","252.67","256.46","251.50","1.80M","0.99%"
"02/02/2017","251.97","250.90","252.16","250.34","1.05M","0.43%"
"02/01/2017","250.90","250.83","252.56","249.98","1.21M","-0.17%"
"01/31/2017","251.33","252.32","252.50","249.96","1.28M","-0.59%"
"01/30/2017","252.83","254.33","256.28","251.88","1.54M","-0.26%"
"01/27/2017","253.50","254.98","259.12","250.13","2.60M","-0.58%"
"01/26/2017","254.97","250.00","254.99","249.55","1.96M","1.58%"
"01/25/2017","251.00","253.06","254.33","248.00","2.33M","-0.76%"
"01/24/2017","252.91","250.38","253.45","249.02","2.98M","-1.77%"
"01/23/2017","257.48","258.15","259.74","255.02","1.61M","-0.10%"
"01/20/2017","257.73","257.96","258.08","256.10","1.18M","0.27%"
"01/19/2017","257.03","255.57","257.44","255.19","1.08M","1.17%"
"01/18/2017","254.07","254.10","254.73","252.94","925.34K","-0.02%"
"01/17/2017","254.12","253.46","254.34","252.06","1.43M","-0.16%"
"01/13/2017","254.53","252.74","255.95","252.02","1.16M","0.76%"
"01/12/2017","252.62","254.91","255.33","251.31","1.15M","-0.98%"
"01/11/2017","255.13","256.30","257.00","251.71","1.61M","-0.41%"
"01/10/2017","256.17","258.16","258.96","256.17","1.15M","-0.64%"
"01/09/2017","257.81","258.00","258.99","257.43","1.07M","-0.02%"
"01/06/2017","257.85","255.48","258.57","255.48","1.25M","0.73%"
"01/05/2017","255.98","254.37","258.02","254.10","1.28M","0.78%"
"01/04/2017","253.99","254.10","254.90","253.34","1.08M","0.27%"
"01/03/2017","253.31","251.20","254.11","250.76","1.67M","1.35%"
"12/30/2016","249.94","250.53","251.32","248.78","1.06M","-0.26%"
"12/29/2016","250.59","250.19","251.91","249.45","900.90K","0.40%"
"12/28/2016","249.58","250.44","251.00","248.52","1.01M","-0.51%"
"12/27/2016","250.86","250.78","251.75","250.20","788.81K","0.51%"
"12/23/2016","249.59","248.17","251.88","247.01","2.09M","-1.27%"
"12/22/2016","252.80","252.01","253.50","251.10","831.09K","0.11%"
"12/21/2016","252.52","254.50","254.50","252.28","819.58K","-0.48%"
"12/20/2016","253.73","252.18","253.78","252.10","900.19K","0.61%"
"12/19/2016","252.18","249.54","252.46","249.54","1.05M","0.84%"
"12/16/2016","250.08","251.28","252.79","249.03","2.14M","-0.23%"
"12/15/2016","250.65","252.34","253.31","250.41","1.86M","-0.65%"
"12/14/2016","252.30","252.31","254.83","252.08","1.84M","0.24%"
"12/13/2016","251.69","254.67","255.50","250.12","2.52M","-0.56%"
"12/12/2016","253.11","251.78","253.70","245.50","7.08M","-2.47%"
"12/09/2016","259.53","258.60","260.22","258.06","1.55M","0.11%"
"12/08/2016","259.25","266.38","266.38","258.61","2.77M","-2.68%"
"12/07/2016","266.38","266.07","267.00","264.35","1.27M","0.14%"
"12/06/2016","266.00","265.83","266.80","264.01","1.15M","-0.35%"
"12/05/2016","266.93","268.95","269.90","266.31","1.27M","-0.26%"
"12/02/2016","267.62","266.58","268.15","266.01","1.09M","0.46%"
"12/01/2016","266.40","265.29","266.53","264.31","874.89K","0.43%"
"11/30/2016","265.25","267.55","267.95","265.25","1.47M","-0.50%"
"11/29/2016","266.58","264.50","267.77","263.71","1.21M","0.24%"
"11/28/2016","265.93","265.73","266.23","264.86","1.36M","0.00%"
"11/25/2016","265.92","265.34","266.49","264.65","653.60K","0.57%"
"11/23/2016","264.40","264.91","265.82","263.56","1.04M","-0.10%"
"11/22/2016","264.66","264.49","265.64","263.42","1.24M","0.47%"
"11/21/2016","263.42","264.05","264.33","262.64","965.54K","0.13%"
"11/18/2016","263.09","263.14","264.46","261.58","1.20M","-0.07%"
"11/17/2016","263.28","263.50","264.47","262.39","914.22K","-0.03%"
"11/16/2016","263.35","265.87","266.17","261.46","1.46M","-0.97%"
"11/15/2016","265.93","268.79","269.74","261.85","2.01M","-0.49%"
"11/14/2016","267.24","261.23","267.81","260.80","2.46M","3.11%"
"11/11/2016","259.17","257.96","259.73","255.06","2.00M","0.74%"
"11/10/2016","257.27","257.50","258.19","252.77","2.63M","1.50%"
"11/09/2016","253.46","256.59","257.48","250.00","4.18M","5.97%"
"11/08/2016","239.19","239.00","240.91","238.60","1.26M","-0.03%"
"11/07/2016","239.27","239.83","239.92","237.52","1.38M","1.27%"
"11/04/2016","236.28","238.85","239.70","236.21","1.51M","-1.01%"
"11/03/2016","238.70","242.55","243.40","237.11","1.70M","-2.62%"
"11/02/2016","245.11","244.95","247.65","244.20","954.21K","0.05%"
"11/01/2016","244.98","247.19","247.19","244.23","1.08M","-0.57%"
"10/31/2016","246.38","248.24","248.81","245.68","1.32M","-0.65%"
"10/28/2016","248.00","248.72","250.17","247.69","1.12M","-0.21%"
"10/27/2016","248.53","250.28","251.24","248.05","1.29M","-0.62%"
"10/26/2016","250.09","248.60","252.00","247.49","2.11M","0.33%"
"10/25/2016","249.26","241.08","249.79","238.64","3.13M","7.37%"
"10/24/2016","232.16","231.50","232.49","230.92","1.30M","0.71%"
"10/21/2016","230.52","231.07","231.16","228.50","1.55M","-0.57%"
"10/20/2016","231.83","232.15","232.71","230.72","922.75K","-0.22%"
"10/19/2016","232.33","233.08","233.74","231.58","992.56K","-0.20%"
"10/18/2016","232.79","234.29","239.60","232.58","867.91K","0.01%"
"10/17/2016","232.77","232.68","234.33","232.60","793.30K","0.09%"
"10/14/2016","232.57","233.38","234.09","231.93","1.08M","-0.18%"
"10/13/2016","232.99","231.66","233.42","231.05","1.11M","0.38%"
"10/12/2016","232.10","231.93","233.12","231.37","1.26M","0.11%"
"10/11/2016","231.85","233.00","233.63","231.64","1.06M","-0.62%"
"10/10/2016","233.29","233.82","234.93","233.12","990.19K","-0.10%"
"10/07/2016","233.53","233.20","233.99","231.57","2.18M","-0.51%"
"10/06/2016","234.72","237.00","237.02","234.48","1.90M","-0.79%"
"10/05/2016","236.60","239.05","239.05","236.50","1.17M","-0.21%"
"10/04/2016","237.10","240.96","241.05","236.50","1.41M","-1.45%"
"10/03/2016","240.58","238.71","241.30","237.54","1.34M","0.36%"
"09/30/2016","239.72","243.06","243.47","237.33","2.17M","-1.08%"
"09/29/2016","242.34","246.08","246.08","240.96","1.13M","-1.39%"
"09/28/2016","245.75","246.13","246.96","244.86","1.35M","-0.02%"
"09/27/2016","245.79","246.04","247.02","245.30","946.53K","0.11%"
"09/26/2016","245.53","245.71","247.48","245.01","880.70K","-0.13%"
"09/23/2016","245.84","246.08","246.54","244.64","858.78K","-0.32%"
"09/22/2016","246.62","244.95","247.03","244.74","1.17M","1.15%"
"09/21/2016","243.82","241.14","243.87","240.62","1.66M","1.39%"
"09/20/2016","240.48","241.35","242.24","240.48","1.01M","-0.17%"
"09/19/2016","240.88","239.30","241.89","239.08","1.46M","1.44%"
"09/16/2016","237.45","238.42","238.64","237.25","2.89M","-0.69%"
"09/15/2016","239.09","237.41","239.49","236.70","1.27M","0.71%"
"09/14/2016","237.41","237.41","239.01","236.91","1.49M","0.00%"
"09/13/2016","237.41","237.67","238.72","237.00","1.61M","-0.58%"
"09/12/2016","238.80","236.50","239.50","235.28","1.82M","0.36%"
"09/09/2016","237.94","240.14","240.64","237.89","1.57M","-1.53%"
"09/08/2016","241.63","240.49","242.25","240.00","1.25M","0.11%"
"09/07/2016","241.37","242.16","243.00","241.15","1.25M","-0.67%"
"09/06/2016","243.00","244.24","244.49","242.26","1.60M","-0.13%"
"09/02/2016","243.32","243.75","245.00","242.26","1.49M","-0.12%"
"09/01/2016","243.61","243.13","243.84","241.90","1.34M","0.26%"
"08/31/2016","242.97","239.00","243.62","238.60","2.89M","1.47%"
"08/30/2016","239.45","242.65","243.31","238.85","1.89M","-1.99%"
"08/29/2016","244.30","245.00","246.08","244.04","1.64M","-0.06%"
"08/26/2016","244.44","249.00","249.80","243.65","4.70M","-1.65%"
"08/25/2016","248.53","247.61","250.19","246.00","4.38M","0.17%"
"08/24/2016","248.12","248.76","249.75","244.80","10.56M","-0.65%"
"08/23/2016","249.75","255.24","255.24","248.14","10.63M","-1.75%"
"08/22/2016","254.20","254.37","256.42","253.75","3.79M","0.03%"
"08/19/2016","254.12","254.73","255.00","252.70","2.41M","-0.51%"
"08/18/2016","255.42","255.64","255.99","254.10","2.60M","-0.09%"
"08/17/2016","255.64","256.70","257.50","251.55","4.38M","-0.44%"
"08/16/2016","256.77","265.23","266.05","254.44","7.88M","-3.65%"
"08/15/2016","266.50","264.22","266.93","264.20","9.14M","0.89%"
"08/12/2016","264.15","262.49","265.34","261.67","13.96M","0.61%"
"08/11/2016","262.54","261.50","264.07","260.15","12.65M","0.47%"
"08/10/2016","261.30","259.82","262.10","259.07","9.57M","0.25%"
"08/09/2016","260.66","260.43","261.29","259.18","9.90M","0.18%"
"08/08/2016","260.19","260.00","261.87","258.79","8.74M","-0.04%"
"08/05/2016","260.29","259.14","260.29","257.63","4.42M","0.99%"
"08/04/2016","257.75","257.65","258.78","256.14","5.72M","0.35%"
"08/03/2016","256.85","257.51","257.75","254.75","6.83M","-0.06%"
"08/02/2016","257.00","254.17","257.46","252.73","4.77M","0.85%"
"08/01/2016","254.84","252.63","254.93","252.30","2.78M","0.83%"
"07/29/2016","252.73","254.50","254.81","252.70","2.18M","-0.71%"
"07/28/2016","254.55","254.20","254.89","252.05","2.72M","0.15%"
"07/27/2016","254.16","255.47","256.00","253.03","2.59M","-0.24%"
"07/26/2016","254.76","255.62","256.46","253.83","2.12M","-0.34%"
"07/25/2016","255.62","256.82","257.28","254.72","1.30M","-0.66%"
"07/22/2016","257.31","254.60","257.49","253.05","1.86M","1.25%"
"07/21/2016","254.14","257.49","257.49","251.60","2.74M","-0.99%"
"07/20/2016","256.67","259.32","259.82","255.89","3.36M","-0.88%"
"07/19/2016","258.96","258.54","263.37","252.10","4.98M","1.04%"
"07/18/2016","256.29","257.78","258.29","255.30","2.35M","-0.27%"
"07/15/2016","256.98","257.11","257.62","256.10","3.46M","0.38%"
"07/14/2016","256.00","257.19","257.94","254.70","3.32M","0.04%"
"07/13/2016","255.90","255.10","256.44","254.92","4.78M","0.47%"
"07/12/2016","254.70","255.64","256.38","254.03","4.17M","0.12%"
"07/11/2016","254.39","252.38","256.34","251.92","6.34M","0.99%"
"07/08/2016","251.90","250.78","252.29","248.50","1.08M","0.85%"
"07/07/2016","249.77","250.23","251.22","248.61","961.35K","-0.12%"
"07/06/2016","250.08","250.95","251.32","247.88","1.39M","0.23%"
"07/05/2016","249.51","248.80","250.38","248.42","1.33M","0.06%"
"07/01/2016","249.35","248.24","249.92","248.24","1.43M","0.48%"
"06/30/2016","248.17","244.78","248.72","244.67","2.05M","1.68%"
"06/29/2016","244.08","242.00","244.69","241.66","1.19M","1.32%"
"06/28/2016","240.91","240.11","240.96","237.65","1.99M","0.68%"
"06/27/2016","239.29","238.78","239.97","236.07","1.87M","-0.17%"
"06/24/2016","239.70","234.85","242.87","234.75","3.47M","-0.13%"
"06/23/2016","240.00","239.79","240.00","238.18","755.76K","0.77%"
"06/22/2016","238.17","238.95","239.27","238.04","1.00M","-0.16%"
"06/21/2016","238.55","239.49","239.85","238.31","928.32K","-0.04%"
"06/20/2016","238.64","239.20","239.80","237.86","1.07M","0.45%"
"06/17/2016","237.56","240.22","240.22","236.66","1.46M","-0.96%"
"06/16/2016","239.87","239.05","240.45","238.09","1.21M","0.18%"
"06/15/2016","239.45","240.11","240.59","239.23","854.22K","-0.10%"
"06/14/2016","239.70","237.78","240.12","237.25","1.22M","0.74%"
"06/13/2016","237.95","240.01","240.70","237.91","1.08M","-1.09%"
"06/10/2016","240.58","240.01","241.70","239.74","760.19K","-0.04%"
"06/09/2016","240.67","240.05","240.87","240.00","894.11K","0.12%"
"06/08/2016","240.38","239.26","240.75","239.23","918.97K","0.37%"
"06/07/2016","239.50","240.20","241.36","239.41","993.43K","0.04%"
"06/06/2016","239.40","238.52","240.37","238.52","1.15M","0.20%"
"06/03/2016","238.92","237.58","239.65","236.23","1.52M","0.46%"
"06/02/2016","237.83","238.13","238.25","236.79","921.50K","-0.11%"
"06/01/2016","238.08","235.92","238.58","235.36","972.75K","0.78%"
"05/31/2016","236.23","239.74","240.60","236.15","2.55M","-1.61%"
"05/27/2016","240.09","240.00","240.82","239.21","794.14K","-0.60%"
"05/26/2016","241.54","240.59","242.00","240.11","648.71K","0.29%"
"05/25/2016","240.84","241.30","241.56","240.50","737.33K","-0.05%"
"05/24/2016","240.97","240.40","241.75","240.30","741.45K","0.61%"
"05/23/2016","239.52","240.43","240.52","239.04","849.61K","-0.23%"
"05/20/2016","240.07","239.49","240.30","238.39","1.01M","0.49%"
"05/19/2016","238.89","239.68","241.07","237.79","1.36M","-1.11%"
"05/18/2016","241.58","240.89","243.19","240.13","739.86K","0.02%"
"05/17/2016","241.53","243.00","243.53","240.27","1.02M","-0.59%"
"05/16/2016","242.97","241.21","243.99","240.91","921.15K","0.35%"
"05/13/2016","242.12","242.38","244.50","241.70","1.20M","-1.15%"
"05/12/2016","244.94","242.03","245.37","241.50","969.32K","1.29%"
"05/11/2016","241.83","243.97","244.49","241.62","1.01M","-1.04%"
"05/10/2016","244.36","241.31","244.55","241.29","1.14M","1.68%"
"05/09/2016","240.32","240.26","242.00","239.52","1.50M","0.02%"
"05/06/2016","240.26","238.00","240.50","237.79","1.14M","0.89%"
"05/05/2016","238.14","236.10","238.16","235.44","1.20M","0.90%"
"05/04/2016","236.01","233.85","236.34","233.09","1.38M","0.56%"
"05/03/2016","234.70","232.34","234.83","231.37","1.17M","0.63%"
"05/02/2016","233.24","232.74","233.80","232.43","1.01M","0.37%"
"04/29/2016","232.38","232.10","232.97","230.82","952.73K","-0.15%"
"04/28/2016","232.72","232.20","234.48","231.90","1.03M","-0.40%"
"04/27/2016","233.65","230.09","234.59","229.96","1.41M","0.64%"
"04/26/2016","232.16","227.85","232.22","227.85","1.92M","2.59%"
"04/25/2016","226.30","226.04","226.99","225.34","986.32K","-0.23%"
"04/22/2016","226.83","226.60","227.87","225.60","1.04M","0.34%"
"04/21/2016","226.07","226.31","227.31","225.65","997.26K","-0.23%"
"04/20/2016","226.58","227.00","228.12","226.06","887.32K","0.03%"
"04/19/2016","226.51","227.16","227.89","226.29","721.27K","-0.28%"
"04/18/2016","227.14","225.65","227.63","225.30","824.49K","0.59%"
"04/15/2016","225.81","225.87","225.92","224.62","1.13M","0.16%"
"04/14/2016","225.44","226.79","226.79","225.19","774.29K","-0.42%"
"04/13/2016","226.38","227.00","227.16","224.93","809.14K","0.18%"
"04/12/2016","225.98","224.75","226.87","224.18","682.41K","0.59%"
"04/11/2016","224.65","226.05","226.71","224.11","1.14M","-0.73%"
"04/08/2016","226.30","227.59","228.00","225.80","582.63K","-0.08%"
"04/07/2016","226.48","226.00","227.41","225.64","1.06M","-0.07%"
"04/06/2016","226.63","225.31","226.85","225.31","1.28M","0.45%"
"04/05/2016","225.62","224.03","227.03","222.82","1.44M","0.66%"
"04/04/2016","224.13","223.22","224.90","223.08","1.01M","0.46%"
"04/01/2016","223.11","219.96","223.47","219.17","957.82K","0.73%"
"03/31/2016","221.50","222.65","223.33","221.09","1.11M","-0.65%"
"03/30/2016","222.96","222.00","223.86","221.79","950.89K","1.00%"
"03/29/2016","220.76","219.00","220.92","218.43","748.51K","0.78%"
"03/28/2016","219.06","218.81","219.55","218.34","994.84K","0.49%"
"03/24/2016","218.00","221.05","221.50","217.14","1.32M","-1.47%"
"03/23/2016","221.26","220.89","222.54","220.62","781.91K","0.24%"
"03/22/2016","220.73","221.05","222.73","220.50","925.32K","-0.24%"
"03/21/2016","221.26","220.41","223.19","220.41","1.15M","0.16%"
"03/18/2016","220.91","220.00","221.09","218.37","2.11M","0.76%"
"03/17/2016","219.25","218.28","219.94","217.42","1.30M","0.49%"
"03/16/2016","218.19","217.14","218.94","216.29","882.64K","0.53%"
"03/15/2016","217.05","215.34","217.32","214.81","1.01M","0.21%"
"03/14/2016","216.60","215.62","217.51","215.62","934.46K","-0.21%"
"03/11/2016","217.05","218.00","218.89","215.96","1.34M","0.23%"
"03/10/2016","216.56","216.94","218.52","215.67","1.37M","0.07%"
"03/09/2016","216.41","216.75","217.92","215.74","988.19K","0.50%"
"03/08/2016","215.34","213.95","216.21","210.90","1.84M","-0.23%"
"03/07/2016","215.84","217.50","218.38","215.30","1.02M","-1.32%"
"03/04/2016","218.72","217.91","219.08","217.56","936.29K","0.09%"
"03/03/2016","218.52","216.48","218.62","215.54","875.20K","0.61%"
"03/02/2016","217.20","218.09","218.86","215.78","1.19M","-0.43%"
"03/01/2016","218.13","216.59","218.35","214.88","1.16M","1.08%"
"02/29/2016","215.79","216.67","218.10","215.73","1.25M","-0.67%"
"02/26/2016","217.24","219.22","219.75","217.11","1.21M","-1.27%"
"02/25/2016","220.03","217.00","220.14","216.38","1.49M","1.57%"
"02/24/2016","216.63","213.58","216.99","213.50","1.30M","0.69%"
"02/23/2016","215.15","214.83","215.74","213.87","1.28M","0.07%"
"02/22/2016","215.01","214.78","216.78","214.48","974.74K","0.65%"
"02/19/2016","213.62","214.51","214.74","212.70","1.23M","-0.27%"
"02/18/2016","214.20","212.25","215.50","212.00","987.14K","0.69%"
"02/17/2016","212.74","210.00","212.97","209.10","1.24M","1.79%"
"02/16/2016","209.00","207.52","209.49","206.85","1.55M","1.42%"
"02/12/2016","206.08","208.31","209.92","205.55","2.33M","-0.53%"
"02/11/2016","207.18","211.67","212.75","203.65","2.65M","-3.16%"
"02/10/2016","213.95","216.01","217.44","213.62","1.74M","-0.94%"
"02/09/2016","215.98","213.12","217.33","212.24","1.98M","0.68%"
"02/08/2016","214.53","209.33","215.15","209.30","2.50M","1.22%"
"02/05/2016","211.94","210.34","212.57","209.57","1.89M","0.82%"
"02/04/2016","210.21","212.50","213.38","209.28","1.63M","-1.27%"
"02/03/2016","212.92","212.00","213.64","210.13","2.23M","1.17%"
"02/02/2016","210.45","209.50","210.98","207.64","1.57M","0.31%"
"02/01/2016","209.80","209.26","211.34","208.87","1.67M","-0.57%"
"01/29/2016","211.00","207.83","211.05","206.12","2.60M","2.10%"
"01/28/2016","206.66","208.49","209.43","206.17","1.86M","-0.58%"
"01/27/2016","207.86","209.89","211.64","207.00","2.69M","-0.99%"
"01/26/2016","209.93","201.43","211.22","200.47","4.44M","-0.51%"
"01/25/2016","211.01","211.84","212.75","210.00","1.79M","-0.49%"
"01/22/2016","212.04","213.71","213.71","211.01","1.52M","0.59%"
"01/21/2016","210.79","211.20","212.00","208.75","1.56M","0.19%"
"01/20/2016","210.40","213.05","216.20","207.62","2.46M","-2.27%"
"01/19/2016","215.29","216.69","220.78","213.17","2.92M","-0.32%"
"01/15/2016","215.99","211.99","217.01","211.99","2.81M","-0.20%"
"01/14/2016","216.42","214.42","217.13","212.27","1.92M","0.94%"
"01/13/2016","214.40","219.26","219.62","214.06","1.37M","-1.63%"
"01/12/2016","217.96","216.03","218.10","214.51","1.35M","1.21%"
"01/11/2016","215.35","215.07","216.47","213.23","2.55M","1.15%"
"01/08/2016","212.91","215.01","216.35","212.37","1.77M","-0.18%"
"01/07/2016","213.29","213.81","216.19","212.14","1.81M","-1.99%"
"01/06/2016","217.63","217.83","221.00","216.26","1.79M","-0.29%"
"01/05/2016","218.26","214.59","218.94","214.02","1.35M","2.37%"
"01/04/2016","213.21","214.00","215.77","211.39","1.88M","-1.81%"
"12/31/2015","217.15","219.58","219.95","215.78","1.16M","-1.21%"
"12/30/2015","219.80","220.93","221.24","219.62","633.52K","-0.30%"
"12/29/2015","220.47","219.36","221.35","218.80","768.59K","0.94%"
"12/28/2015","218.41","218.08","218.77","217.43","612.93K","-0.07%"
"12/24/2015","218.56","218.00","219.00","217.49","524.37K","0.29%"
"12/23/2015","217.93","218.00","218.35","217.18","742.71K","0.16%"
"12/22/2015","217.58","216.16","218.23","215.58","895.23K","0.98%"
"12/21/2015","215.47","213.80","215.59","213.52","1.07M","1.55%"
"12/18/2015","212.18","213.75","215.17","211.85","2.06M","-1.41%"
"12/17/2015","215.22","217.86","218.76","215.16","1.28M","-1.05%"
"12/16/2015","217.50","216.00","218.11","214.75","1.35M","1.24%"
"12/15/2015","214.84","217.00","217.24","214.72","1.54M","-0.80%"
"12/14/2015","216.58","215.99","217.57","214.72","2.03M","-0.29%"
"12/11/2015","217.20","217.54","219.16","216.70","1.80M","-0.77%"
"12/10/2015","218.88","217.92","219.75","217.00","1.12M","0.62%"
"12/09/2015","217.54","218.02","220.25","216.61","1.19M","-0.58%"
"12/08/2015","218.81","217.69","219.78","217.30","844.73K","-0.15%"
"12/07/2015","219.13","218.34","219.62","217.54","1.54M","0.34%"
"12/04/2015","218.39","216.00","219.90","216.00","1.70M","1.36%"
"12/03/2015","215.46","219.27","219.76","214.69","1.78M","-1.59%"
"12/02/2015","218.94","220.25","220.95","218.78","1.31M","-0.57%"
"12/01/2015","220.20","220.06","223.10","219.37","1.27M","0.47%"
"11/30/2015","219.16","223.60","223.68","218.53","3.00M","-2.99%"
"11/27/2015","225.91","225.53","226.23","224.31","972.76K","0.05%"
"11/25/2015","225.80","226.48","227.91","225.32","2.16M","-0.28%"
"11/24/2015","226.43","224.96","226.99","224.51","1.24M","0.18%"
"11/23/2015","226.03","226.50","227.68","225.47","939.86K","-0.01%"
"11/20/2015","226.06","225.45","226.98","224.96","1.32M","0.92%"
"11/19/2015","224.00","224.48","225.47","223.50","1.41M","0.35%"
"11/18/2015","223.22","222.54","223.37","220.72","1.19M","0.37%"
"11/17/2015","222.39","222.07","225.25","220.81","2.08M","0.78%"
"11/16/2015","220.67","214.31","220.84","214.08","1.52M","3.52%"
"11/13/2015","213.16","213.50","214.82","211.78","1.06M","-0.20%"
"11/12/2015","213.58","214.50","215.06","212.66","1.29M","-0.71%"
"11/11/2015","215.11","214.37","216.53","214.26","1.20M","0.49%"
"11/10/2015","214.07","214.37","215.74","212.63","1.17M","-0.29%"
"11/09/2015","214.70","215.77","216.37","214.06","1.66M","-0.89%"
"11/06/2015","216.63","218.00","218.49","215.04","1.46M","-0.90%"
"11/05/2015","218.60","219.17","220.59","218.01","911.61K","-0.11%"
"11/04/2015","218.83","219.71","220.35","218.51","933.12K","-0.03%"
"11/03/2015","218.90","220.00","220.46","218.34","1.05M","-0.77%"
"11/02/2015","220.59","219.89","221.00","218.91","1.16M","0.35%"
"10/30/2015","219.83","219.00","220.69","218.33","1.77M","0.72%"
"10/29/2015","218.25","221.00","222.69","217.77","1.80M","-1.26%"
"10/28/2015","221.04","222.25","224.44","218.36","1.97M","-0.90%"
"10/27/2015","223.04","219.97","225.15","219.81","1.40M","0.95%"
"10/26/2015","220.94","219.32","221.35","218.89","1.38M","0.74%"
"10/23/2015","219.32","218.00","219.42","217.23","1.28M","1.30%"
"10/22/2015","216.51","212.22","216.99","212.22","1.19M","2.34%"
"10/21/2015","211.56","209.76","213.16","208.74","1.33M","1.36%"
"10/20/2015","208.73","207.38","209.54","205.14","1.93M","-0.91%"
"10/19/2015","210.64","209.24","210.73","208.50","1.33M","0.41%"
"10/16/2015","209.78","210.40","211.00","208.69","1.15M","0.29%"
"10/15/2015","209.18","209.23","211.70","207.51","1.50M","0.49%"
"10/14/2015","208.15","212.05","212.59","207.99","1.19M","-1.81%"
"10/13/2015","211.98","213.22","214.36","211.94","1.03M","-1.10%"
"10/12/2015","214.33","213.61","214.63","212.76","1.05M","0.50%"
"10/09/2015","213.26","214.44","216.27","213.22","1.34M","-0.52%"
"10/08/2015","214.37","212.28","214.66","211.34","782.82K","0.67%"
"10/07/2015","212.95","211.79","214.02","211.04","1.13M","1.21%"
"10/06/2015","210.40","211.70","212.65","210.27","1.63M","-0.63%"
"10/05/2015","211.73","208.30","211.86","207.70","1.35M","2.48%"
"10/02/2015","206.61","202.01","206.61","201.81","1.15M","0.91%"
"10/01/2015","204.75","206.31","207.34","202.81","1.89M","-1.23%"
"09/30/2015","207.31","204.34","207.71","204.23","1.72M","2.39%"
"09/29/2015","202.47","200.00","202.92","199.01","1.23M","1.12%"
"09/28/2015","200.22","202.55","204.44","200.00","1.32M","-1.80%"
"09/25/2015","203.89","206.74","206.78","203.00","1.41M","-0.42%"
"09/24/2015","204.76","201.50","205.89","199.56","1.67M","0.98%"
"09/23/2015","202.77","204.13","204.99","201.71","601.17K","-0.44%"
"09/22/2015","203.66","202.46","203.97","201.50","1.12M","-0.34%"
"09/21/2015","204.35","204.35","205.79","203.19","964.89K","0.51%"
"09/18/2015","203.31","206.00","206.03","202.65","3.01M","-2.07%"
"09/17/2015","207.60","207.85","210.53","207.13","958.85K","0.02%"
"09/16/2015","207.56","207.64","208.19","206.33","927.83K","-0.13%"
"09/15/2015","207.84","206.38","208.54","205.51","1.25M","0.89%"
"09/14/2015","206.00","207.03","207.03","205.56","1.03M","-0.39%"
"09/11/2015","206.81","205.81","206.96","205.33","1.09M","0.32%"
"09/10/2015","206.15","203.71","207.29","203.71","1.37M","0.73%"
"09/09/2015","204.66","209.00","209.24","204.52","1.11M","-1.14%"
"09/08/2015","207.01","204.18","207.29","204.00","1.32M","2.17%"
"09/04/2015","202.62","203.54","204.34","201.41","1.21M","-1.26%"
"09/03/2015","205.20","204.69","206.46","204.32","1.35M","0.57%"
"09/02/2015","204.04","199.69","204.12","199.28","1.49M","3.25%"
"09/01/2015","197.62","197.87","199.59","197.02","1.67M","-1.77%"
"08/31/2015","201.18","203.21","203.24","201.08","1.09M","-1.33%"
"08/28/2015","203.90","203.63","204.47","201.38","1.39M","-0.74%"
"08/27/2015","205.43","203.92","206.94","202.91","1.69M","1.64%"
"08/26/2015","202.12","203.23","203.23","196.85","2.93M","1.58%"
"08/25/2015","198.98","205.50","205.51","198.55","2.10M","0.77%"
"08/24/2015","197.46","190.01","203.27","181.91","3.31M","-3.53%"
"08/21/2015","204.68","208.56","208.84","204.57","2.04M","-2.13%"
"08/20/2015","209.13","210.98","211.50","209.13","1.41M","-1.02%"
"08/19/2015","211.28","211.96","212.91","210.67","1.30M","-0.65%"
"08/18/2015","212.67","212.36","213.34","212.14","774.99K","-0.16%"
"08/17/2015","213.02","210.88","213.12","210.77","776.43K","0.50%"
"08/14/2015","211.96","209.75","212.08","209.33","916.14K","1.03%"
"08/13/2015","209.79","208.73","210.71","208.69","1.09M","0.48%"
"08/12/2015","208.78","207.54","209.32","206.75","932.15K","-0.04%"
"08/11/2015","208.86","209.05","209.76","207.90","985.75K","-0.91%"
"08/10/2015","210.78","210.04","211.57","209.34","978.46K","0.81%"
"08/07/2015","209.09","209.00","209.39","207.22","997.61K","-0.08%"
"08/06/2015","209.26","209.73","209.94","208.16","1.15M","-0.08%"
"08/05/2015","209.43","210.02","210.75","209.07","1.21M","-0.05%"
"08/04/2015","209.53","208.51","209.79","207.25","1.07M","0.84%"
"08/03/2015","207.79","207.27","207.99","206.06","1.06M","0.33%"
"07/31/2015","207.10","207.61","208.51","206.53","1.12M","0.31%"
"07/30/2015","206.47","207.22","208.50","205.95","1.55M","-0.81%"
"07/29/2015","208.15","204.77","210.41","204.31","2.49M","2.22%"
"07/28/2015","203.63","202.42","204.72","201.28","1.13M","1.22%"
"07/27/2015","201.17","200.36","201.76","199.38","997.87K","0.06%"
"07/24/2015","201.04","202.80","202.94","200.68","1.13M","-0.88%"
"07/23/2015","202.83","202.81","204.96","202.64","1.18M","0.02%"
"07/22/2015","202.79","203.33","204.44","202.00","1.12M","-0.18%"
"07/21/2015","203.15","204.44","204.76","202.85","1.77M","-0.97%"
"07/20/2015","205.13","202.31","205.39","201.03","2.05M","1.96%"
"07/17/2015","201.18","200.93","201.66","200.40","997.95K","-0.22%"
"07/16/2015","201.62","199.80","201.81","199.60","976.18K","1.11%"
"07/15/2015","199.41","199.19","199.64","198.06","972.15K","0.18%"
"07/14/2015","199.05","198.90","199.82","198.36","1.06M","0.59%"
"07/13/2015","197.88","196.00","198.39","195.61","1.20M","1.90%"
"07/10/2015","194.19","193.99","197.00","192.87","1.64M","1.07%"
"07/09/2015","192.13","191.76","193.12","191.21","1.44M","1.09%"
"07/08/2015","190.05","188.51","191.33","188.29","1.53M","-0.06%"
"07/07/2015","190.16","188.57","190.28","187.54","1.33M","1.15%"
"07/06/2015","187.99","186.73","188.48","186.42","902.60K","0.37%"
"07/02/2015","187.30","188.71","188.79","186.76","1.02M","-0.46%"
"07/01/2015","188.17","186.01","188.29","186.01","950.08K","1.22%"
"06/30/2015","185.90","187.17","187.79","185.33","1.28M","0.20%"
"06/29/2015","185.52","187.59","188.52","185.41","1.20M","-1.65%"
"06/26/2015","188.64","190.53","190.56","188.51","1.88M","-0.71%"
"06/25/2015","189.99","190.50","191.17","189.68","884.94K","-0.09%"
"06/24/2015","190.17","191.22","191.79","190.12","857.64K","-0.77%"
"06/23/2015","191.64","192.43","192.95","190.88","573.05K","-0.23%"
"06/22/2015","192.08","191.95","192.98","191.66","716.88K","0.49%"
"06/19/2015","191.14","192.69","192.69","190.99","1.23M","-0.84%"
"06/18/2015","192.75","191.50","194.49","191.38","1.16M","0.91%"
"06/17/2015","191.02","191.36","191.78","189.72","862.13K","0.10%"
"06/16/2015","190.82","189.26","191.14","188.89","853.82K","0.47%"
"06/15/2015","189.92","190.00","190.58","189.01","710.64K","-0.56%"
"06/12/2015","190.98","190.59","191.53","190.22","1.11M","-0.26%"
"06/11/2015","191.48","189.42","191.54","189.42","1.33M","1.16%"
"06/10/2015","189.28","189.35","190.65","188.84","1.73M","-0.04%"
"06/09/2015","189.35","190.43","190.54","189.30","1.04M","-0.01%"
"06/08/2015","189.37","189.34","190.83","189.06","964.76K","0.02%"
"06/05/2015","189.33","189.41","189.77","188.43","1.39M","-0.44%"
"06/04/2015","190.17","190.76","192.29","189.99","1.85M","-0.90%"
"06/03/2015","191.89","191.42","192.33","190.79","1.34M","0.59%"
"06/02/2015","190.77","190.61","191.29","188.80","1.47M","-0.16%"
"06/01/2015","191.07","189.48","192.25","188.37","2.00M","1.52%"
"05/29/2015","188.20","189.93","190.10","187.62","1.52M","-1.01%"
"05/28/2015","190.12","189.41","190.76","188.93","1.47M","-0.64%"
"05/27/2015","191.35","190.45","191.59","190.04","1.20M","0.44%"
"05/26/2015","190.51","192.68","192.68","190.14","1.38M","-1.22%"
"05/22/2015","192.86","193.26","193.36","192.16","995.64K","-0.13%"
"05/21/2015","193.11","193.57","193.94","192.52","769.67K","-0.07%"
"05/20/2015","193.25","193.90","193.90","192.46","826.52K","-0.07%"
"05/19/2015","193.38","193.02","194.31","192.91","772.27K","0.16%"
"05/18/2015","193.08","192.45","193.63","192.36","822.10K","0.37%"
"05/15/2015","192.36","193.03","193.81","192.10","1.36M","-0.36%"
"05/14/2015","193.05","191.62","193.34","191.47","1.00M","1.07%"
"05/13/2015","191.00","190.97","191.99","190.81","980.93K","0.20%"
"05/12/2015","190.61","189.22","191.31","188.55","941.81K","0.07%"
"05/11/2015","190.47","189.81","191.18","189.54","832.02K","-0.01%"
"05/08/2015","190.48","189.96","191.03","189.48","950.63K","1.21%"
"05/07/2015","188.21","186.65","188.95","186.34","1.04M","0.74%"
"05/06/2015","186.83","188.51","189.07","185.91","1.19M","-0.28%"
"05/05/2015","187.35","189.25","189.90","187.11","993.64K","-1.23%"
"05/04/2015","189.69","189.20","190.85","189.15","912.66K","0.37%"
"05/01/2015","189.00","186.80","189.15","186.80","1.20M","1.29%"
"04/30/2015","186.60","190.97","191.46","185.65","2.26M","-2.45%"
"04/29/2015","191.29","193.38","194.07","190.93","1.43M","-1.41%"
"04/28/2015","194.02","193.75","194.27","191.58","1.10M","0.09%"
"04/27/2015","193.84","195.64","196.58","193.53","1.38M","-0.78%"
"04/24/2015","195.37","197.01","197.24","195.00","1.31M","-0.93%"
"04/23/2015","197.20","197.49","198.93","196.05","1.18M","-0.22%"
"04/22/2015","197.63","196.70","198.09","195.21","1.13M","0.68%"
"04/21/2015","196.29","198.05","198.34","195.10","1.42M","-0.26%"
"04/20/2015","196.80","195.28","197.65","195.00","1.28M","1.02%"
"04/17/2015","194.82","195.80","196.44","193.94","1.23M","-1.17%"
"04/16/2015","197.12","196.58","198.04","195.67","1.07M","-0.05%"
"04/15/2015","197.21","198.27","199.46","197.04","1.15M","-0.07%"
"04/14/2015","197.34","196.89","197.77","196.35","1.59M","0.15%"
"04/13/2015","197.05","200.03","201.13","196.82","2.13M","-1.67%"
"04/10/2015","200.40","201.37","202.19","200.28","1.28M","-0.52%"
"04/09/2015","201.44","200.52","201.91","200.29","828.37K","0.31%"
"04/08/2015","200.81","200.45","201.89","199.63","944.80K","0.33%"
"04/07/2015","200.15","201.00","202.55","199.90","1.08M","-0.19%"
"04/06/2015","200.53","199.33","201.12","197.85","1.37M","0.91%"
"04/02/2015","198.72","199.37","199.56","197.67","1.39M","-0.02%"
"04/01/2015","198.76","202.10","202.47","197.43","1.90M","-2.07%"
"03/31/2015","202.96","203.46","205.16","202.96","1.26M","-0.94%"
"03/30/2015","204.89","203.50","206.19","203.00","1.05M","1.32%"
"03/27/2015","202.23","200.56","202.87","200.24","1.26M","0.83%"
"03/26/2015","200.56","197.57","201.12","196.26","1.50M","0.77%"
"03/25/2015","199.02","203.34","204.00","199.00","1.34M","-2.11%"
"03/24/2015","203.30","202.34","204.37","200.95","1.25M","0.19%"
"03/23/2015","202.92","203.33","204.59","202.92","1.03M","-0.42%"
"03/20/2015","203.77","203.05","204.04","201.67","3.94M","0.78%"
"03/19/2015","202.19","202.50","203.36","201.04","1.18M","-0.20%"
"03/18/2015","202.60","200.77","203.49","198.35","873.57K","0.96%"
"03/17/2015","200.67","201.48","202.00","200.03","936.55K","-0.71%"
"03/16/2015","202.11","198.22","202.30","198.10","1.20M","2.54%"
"03/13/2015","197.11","197.97","199.01","195.60","1.16M","-0.84%"
"03/12/2015","198.78","197.54","198.95","197.54","1.05M","0.80%"
"03/11/2015","197.21","197.94","198.41","196.91","952.96K","-0.19%"
"03/10/2015","197.58","198.41","198.98","197.31","1.09M","-1.08%"
"03/09/2015","199.74","197.42","200.49","197.21","887.64K","1.05%"
"03/06/2015","197.66","198.38","198.64","196.71","1.22M","-0.72%"
"03/05/2015","199.10","199.37","200.03","198.75","872.33K","0.07%"
"03/04/2015","198.97","199.70","200.08","198.78","851.44K","-0.48%"
"03/03/2015","199.93","202.45","202.45","199.43","1.31M","-1.52%"
"03/02/2015","203.02","200.67","203.13","200.29","1.04M","1.48%"
"02/27/2015","200.05","201.00","201.94","200.00","1.31M","-0.64%"
"02/26/2015","201.33","203.25","203.84","200.53","1.35M","-1.72%"
"02/25/2015","204.86","207.05","207.06","204.50","2.76M","-0.85%"
"02/24/2015","206.62","205.51","206.93","204.82","1.17M","0.50%"
"02/23/2015","205.59","204.00","205.66","203.20","1.44M","0.78%"
"02/20/2015","203.99","200.86","204.00","200.28","1.30M","1.13%"
"02/19/2015","201.71","198.56","201.74","197.97","1.78M","1.58%"
"02/18/2015","198.57","197.57","198.58","196.95","902.48K","0.51%"
"02/17/2015","197.57","196.53","198.30","195.77","1.02M","0.31%"
"02/13/2015","196.95","197.29","198.39","196.19","1.25M","-0.27%"
"02/12/2015","197.48","196.71","198.23","196.39","1.22M","0.60%"
"02/11/2015","196.31","195.17","197.18","195.00","1.44M","0.33%"
"02/10/2015","195.67","195.10","195.98","193.88","1.28M","1.37%"
"02/09/2015","193.02","194.35","194.99","192.70","1.21M","-1.14%"
"02/06/2015","195.24","194.29","196.95","192.90","1.13M","0.61%"
"02/05/2015","194.06","193.08","194.47","191.58","1.06M","0.93%"
"02/04/2015","192.28","191.34","193.53","190.62","1.23M","0.15%"
"02/03/2015","192.00","190.38","192.30","189.59","1.62M","1.41%"
"02/02/2015","189.33","188.41","189.76","186.01","1.55M","0.51%"
"01/30/2015","188.37","189.77","190.96","188.28","2.29M","-2.15%"
"01/29/2015","192.50","189.26","192.53","187.10","2.02M","1.72%"
"01/28/2015","189.25","191.84","194.80","189.00","1.57M","-0.68%"
"01/27/2015","190.55","193.00","193.49","190.32","1.94M","-2.62%"
"01/26/2015","195.68","196.25","196.92","193.03","1.34M","-0.89%"
"01/23/2015","197.44","197.99","198.88","196.95","1.31M","-0.33%"
"01/22/2015","198.09","197.00","198.56","195.28","1.31M","1.32%"
"01/21/2015","195.50","195.00","196.75","194.11","966.79K","-0.13%"
"01/20/2015","195.75","196.63","196.99","193.01","858.24K","0.53%"
"01/16/2015","194.71","191.88","194.77","191.88","1.09M","1.22%"
"01/15/2015","192.37","194.16","194.73","191.85","897.28K","-0.45%"
"01/14/2015","193.23","194.15","194.24","191.63","1.10M","-0.58%"
"01/13/2015","194.35","196.14","198.44","192.68","1.09M","-0.06%"
"01/12/2015","194.47","195.51","196.23","193.71","896.87K","-0.28%"
"01/09/2015","195.02","195.09","197.07","194.82","1.44M","-0.06%"
"01/08/2015","195.13","190.90","196.88","190.90","1.95M","2.25%"
"01/07/2015","190.83","189.32","191.02","189.22","942.04K","1.29%"
"01/06/2015","188.40","189.62","190.99","186.80","1.21M","-0.47%"
"01/05/2015","189.29","192.90","194.50","188.60","1.51M","-2.08%"
"01/02/2015","193.31","192.10","194.48","191.04","902.76K","0.38%"
"12/31/2014","192.57","194.91","195.97","192.52","713.31K","-1.46%"
"12/30/2014","195.43","195.24","196.41","195.00","523.56K","-0.11%"
"12/29/2014","195.64","196.93","196.93","194.71","611.28K","-0.61%"
"12/26/2014","196.84","196.71","197.81","196.58","547.40K","0.21%"
"12/24/2014","196.43","195.97","197.91","195.79","403.32K","0.34%"
"12/23/2014","195.77","198.50","198.72","195.75","986.54K","-0.35%"
"12/22/2014","196.45","193.40","196.96","193.40","1.11M","1.87%"
"12/19/2014","192.85","191.55","194.24","191.01","2.61M","0.63%"
"12/18/2014","191.64","187.55","191.72","186.04","1.67M","3.51%"
"12/17/2014","185.15","185.39","185.93","182.41","1.48M","-0.13%"
"12/16/2014","185.39","184.00","188.43","183.99","1.23M","0.64%"
"12/15/2014","184.21","185.59","187.26","183.06","1.31M","-0.52%"
"12/12/2014","185.18","187.28","188.04","184.78","1.20M","-2.15%"
"12/11/2014","189.25","188.76","190.40","188.04","1.17M","0.71%"
"12/10/2014","187.91","189.75","190.70","187.56","1.25M","-1.42%"
"12/09/2014","190.62","188.31","190.75","188.13","1.14M","0.41%"
"12/08/2014","189.85","190.00","190.60","188.77","1.68M","-0.01%"
"12/05/2014","189.87","189.07","190.18","188.47","1.20M","0.07%"
"12/04/2014","189.73","189.98","190.25","188.47","922.48K","0.03%"
"12/03/2014","189.68","190.20","190.67","189.65","1.39M","-0.23%"
"12/02/2014","190.11","190.67","191.57","189.32","1.66M","-0.52%"
"12/01/2014","191.10","190.93","191.88","190.02","1.54M","-0.24%"
"11/28/2014","191.56","189.62","192.58","189.00","940.92K","1.27%"
"11/26/2014","189.15","187.50","189.55","187.13","1.32M","0.25%"
"11/25/2014","188.67","188.82","190.04","188.55","1.81M","-0.08%"
"11/24/2014","188.82","188.28","189.25","188.00","1.13M","0.47%"
"11/21/2014","187.93","187.96","188.28","187.18","1.33M","1.28%"
"11/20/2014","185.56","185.65","185.98","184.39","1.02M","-0.24%"
"11/19/2014","186.00","186.07","186.76","185.41","1.17M","-0.30%"
"11/18/2014","186.56","185.28","187.24","184.50","1.78M","0.57%"
"11/17/2014","185.51","186.69","187.18","185.36","1.16M","-0.58%"
"11/14/2014","186.60","187.99","188.00","185.91","1.67M","-0.73%"
"11/13/2014","187.97","187.18","189.05","186.93","990.61K","0.59%"
"11/12/2014","186.87","186.93","187.82","186.35","789.35K","-0.13%"
"11/11/2014","187.12","187.00","188.44","186.74","881.39K","0.07%"
"11/10/2014","186.99","186.46","187.25","185.76","1.30M","0.45%"
"11/07/2014","186.15","189.38","189.41","184.91","2.57M","-1.96%"
"11/06/2014","189.88","190.00","190.47","189.08","995.06K","0.08%"
"11/05/2014","189.73","192.19","192.34","188.28","1.74M","-0.56%"
"11/04/2014","190.79","190.84","192.94","190.29","1.67M","0.02%"
"11/03/2014","190.75","191.30","191.93","188.63","1.15M","0.09%"
"10/31/2014","190.57","191.40","191.92","189.66","1.70M","0.68%"
"10/30/2014","189.29","185.96","189.62","184.83","1.59M","1.53%"
"10/29/2014","186.43","186.03","186.78","184.91","1.66M","0.47%"
"10/28/2014","185.55","184.10","185.55","182.68","1.81M","1.39%"
"10/27/2014","183.00","181.69","183.10","180.70","1.07M","0.92%"
"10/24/2014","181.33","181.67","181.76","179.42","1.55M","0.37%"
"10/23/2014","180.67","177.09","181.63","177.09","2.44M","2.65%"
"10/22/2014","176.01","171.00","177.84","170.71","3.81M","1.97%"
"10/21/2014","172.61","170.15","173.85","166.28","4.11M","-1.66%"
"10/20/2014","175.53","175.93","176.37","173.93","2.06M","-0.40%"
"10/17/2014","176.24","176.84","177.89","175.86","2.36M","0.87%"
"10/16/2014","174.72","173.23","176.73","172.45","1.97M","-0.27%"
"10/15/2014","175.19","174.01","176.02","170.26","2.18M","-0.52%"
"10/14/2014","176.11","173.55","177.75","173.14","1.59M","1.87%"
"10/13/2014","172.88","173.97","176.44","172.78","1.48M","-0.91%"
"10/10/2014","174.47","174.68","176.78","173.70","1.67M","-0.05%"
"10/09/2014","174.55","176.32","176.56","173.55","1.58M","-1.02%"
"10/08/2014","176.35","173.27","176.55","171.83","1.68M","1.92%"
"10/07/2014","173.02","176.40","176.56","173.00","1.18M","-2.20%"
"10/06/2014","176.92","179.62","179.70","176.67","1.49M","-0.80%"
"10/03/2014","178.34","177.67","179.34","176.92","2.46M","1.13%"
"10/02/2014","176.35","177.66","178.30","175.79","1.47M","-0.87%"
"10/01/2014","177.89","181.15","181.15","177.08","1.90M","-2.68%"
"09/30/2014","182.78","182.60","184.09","182.13","1.98M","0.78%"
"09/29/2014","181.36","181.80","182.79","180.11","1.58M","-0.12%"
"09/26/2014","181.58","177.54","182.27","177.54","1.88M","2.33%"
"09/25/2014","177.44","178.10","178.74","176.26","1.74M","-0.53%"
"09/24/2014","178.39","176.28","178.50","176.28","959.40K","1.16%"
"09/23/2014","176.34","178.53","178.98","175.92","1.45M","-1.48%"
"09/22/2014","178.99","179.72","180.76","178.76","1.10M","-0.97%"
"09/19/2014","180.74","180.49","181.22","180.22","1.90M","0.65%"
"09/18/2014","179.57","179.37","179.72","178.30","1.04M","0.43%"
"09/17/2014","178.80","177.78","179.65","177.45","1.15M","0.91%"
"09/16/2014","177.19","175.13","177.94","175.02","1.19M","0.91%"
"09/15/2014","175.60","174.42","175.78","173.92","678.53K","0.67%"
"09/12/2014","174.43","174.17","174.99","173.71","759.38K","0.13%"
"09/11/2014","174.20","174.38","174.77","173.58","1.30M","-0.22%"
"09/10/2014","174.59","174.96","175.03","173.72","2.21M","-0.20%"
"09/09/2014","174.94","175.60","176.35","174.84","1.42M","0.10%"
"09/08/2014","174.77","174.52","175.57","174.36","928.15K","0.11%"
"09/05/2014","174.58","173.17","174.65","172.37","983.57K","0.89%"
"09/04/2014","173.04","173.99","174.49","172.76","1.11M","-0.27%"
"09/03/2014","173.50","174.94","175.64","173.21","1.45M","-0.17%"
"09/02/2014","173.80","175.14","175.31","173.07","1.55M","-0.11%"
"08/29/2014","174.00","174.76","175.09","173.75","1.53M","-0.06%"
"08/28/2014","174.10","174.67","175.05","173.74","1.46M","-1.37%"
"08/27/2014","176.52","176.99","177.19","176.00","1.12M","-0.05%"
"08/26/2014","176.61","176.97","177.01","176.04","1.04M","0.05%"
"08/25/2014","176.53","175.75","177.07","175.43","866.41K","0.79%"
"08/22/2014","175.15","174.71","176.13","174.36","801.40K","0.03%"
"08/21/2014","175.10","174.92","175.49","174.18","1.09M","-0.12%"
"08/20/2014","175.31","172.15","175.47","172.13","1.35M","1.85%"
"08/19/2014","172.13","172.02","172.40","171.29","841.05K","0.36%"
"08/18/2014","171.52","170.20","172.10","170.04","766.47K","1.40%"
"08/15/2014","169.16","169.91","170.50","167.94","1.06M","-0.20%"
"08/14/2014","169.50","169.34","170.21","168.86","1.03M","0.24%"
"08/13/2014","169.09","166.15","169.40","166.15","1.08M","2.00%"
"08/12/2014","165.78","166.15","167.15","165.26","779.53K","-0.22%"
"08/11/2014","166.15","166.86","166.93","166.00","801.75K","0.21%"
"08/08/2014","165.80","163.11","166.19","163.10","1.20M","1.75%"
"08/07/2014","162.95","164.28","164.62","162.52","1.09M","-0.06%"
"08/06/2014","163.05","166.08","166.08","162.71","1.89M","-2.32%"
"08/05/2014","166.93","167.79","169.16","166.56","1.22M","-0.81%"
"08/04/2014","168.29","167.56","168.58","167.03","1.20M","0.70%"
"08/01/2014","167.12","166.72","168.77","166.19","1.54M","0.09%"
"07/31/2014","166.97","169.08","169.24","166.97","1.94M","-1.89%"
"07/30/2014","170.18","170.24","171.36","168.84","1.08M","0.50%"
"07/29/2014","169.33","170.50","170.66","169.24","1.06M","-0.39%"
"07/28/2014","170.00","169.99","170.57","168.30","1.99M","-0.02%"
"07/25/2014","170.04","169.33","170.69","169.19","2.11M","0.04%"
"07/24/2014","169.97","168.53","170.12","167.82","1.62M","1.11%"
"07/23/2014","168.10","167.76","169.21","167.22","1.81M","0.14%"
"07/22/2014","167.87","164.50","168.18","164.39","2.17M","3.00%"
"07/21/2014","162.98","162.00","163.67","161.19","1.20M","0.30%"
"07/18/2014","162.49","161.82","162.54","161.06","1.07M","0.72%"
"07/17/2014","161.33","161.11","163.20","160.56","1.19M","-0.14%"
"07/16/2014","161.55","163.08","163.46","161.15","947.81K","-0.66%"
"07/15/2014","162.62","161.73","163.49","161.47","1.31M","0.50%"
"07/14/2014","161.81","160.78","161.98","160.50","1.05M","0.94%"
"07/11/2014","160.31","158.13","160.62","157.93","1.07M","1.35%"
"07/10/2014","158.18","156.23","159.04","156.23","815.69K","0.16%"
"07/09/2014","157.93","158.12","158.73","157.43","827.47K","0.46%"
"07/08/2014","157.21","158.44","158.44","156.96","970.97K","-0.69%"
"07/07/2014","158.30","159.25","159.71","157.71","1.17M","-1.00%"
"07/03/2014","159.90","159.80","160.38","159.11","687.19K","0.58%"
"07/02/2014","158.98","160.77","160.88","158.20","1.31M","-1.03%"
"07/01/2014","160.64","160.04","161.77","158.59","1.36M","-0.06%"
"06/30/2014","160.73","162.76","162.83","160.36","1.23M","-1.21%"
"06/27/2014","162.70","162.28","162.93","161.86","1.10M","0.40%"
"06/26/2014","162.05","162.81","162.81","160.51","988.45K","-0.25%"
"06/25/2014","162.45","162.65","162.91","161.44","988.35K","-0.04%"
"06/24/2014","162.51","163.28","164.50","162.46","812.47K","-0.88%"
"06/23/2014","163.95","165.27","165.81","163.31","829.51K","-0.88%"
"06/20/2014","165.40","163.75","165.70","163.75","1.86M","0.73%"
"06/19/2014","164.20","164.01","165.62","163.30","1.05M","0.25%"
"06/18/2014","163.79","164.13","164.22","162.05","1.03M","-0.27%"
"06/17/2014","164.24","165.00","165.64","163.55","858.08K","-0.54%"
"06/16/2014","165.14","163.86","165.63","163.53","897.60K","0.67%"
"06/13/2014","164.04","162.96","164.59","162.66","750.21K","0.86%"
"06/12/2014","162.64","164.30","164.76","162.18","857.26K","-1.15%"
"06/11/2014","164.53","166.52","166.94","164.03","1.30M","-1.68%"
"06/10/2014","167.34","167.99","168.07","166.28","1.00M","-0.44%"
"06/09/2014","168.08","166.21","168.87","165.70","1.35M","0.54%"
"06/06/2014","167.17","166.53","167.23","166.35","890.98K","0.51%"
"06/05/2014","166.33","164.53","166.51","164.53","996.07K","1.10%"
"06/04/2014","164.52","163.49","164.72","162.99","871.29K","0.38%"
"06/03/2014","163.89","164.11","164.48","163.19","850.87K","-0.13%"
"06/02/2014","164.11","163.88","164.41","162.63","1.01M","0.28%"
"05/30/2014","163.65","162.73","163.96","162.29","2.12M","0.31%"
"05/29/2014","163.15","161.12","163.39","160.58","1.49M","0.65%"
"05/28/2014","162.10","163.43","164.60","161.87","1.83M","-0.52%"
"05/27/2014","162.95","163.13","163.23","162.00","1.29M","0.19%"
"05/23/2014","162.64","162.67","163.24","161.90","1.66M","0.51%"
"05/22/2014","161.82","162.07","162.38","161.25","823.19K","-0.04%"
"05/21/2014","161.89","161.16","162.08","160.85","859.48K","0.82%"
"05/20/2014","160.57","162.49","162.50","159.89","909.80K","-1.07%"
"05/19/2014","162.30","162.15","163.24","161.70","1.46M","0.12%"
"05/16/2014","162.10","163.69","164.29","162.01","1.74M","-0.88%"
"05/15/2014","163.54","164.82","165.41","162.77","1.06M","-1.04%"
"05/14/2014","165.26","167.99","168.00","164.85","1.17M","-1.42%"
"05/13/2014","167.64","166.92","167.98","166.33","968.45K","0.43%"
"05/12/2014","166.92","165.50","167.17","165.30","1.05M","1.05%"
"05/09/2014","165.18","164.15","165.20","163.38","837.86K","0.48%"
"05/08/2014","164.39","164.18","165.35","163.64","1.02M","0.12%"
"05/07/2014","164.20","164.00","164.47","162.57","1.17M","0.43%"
"05/06/2014","163.49","164.66","165.30","163.19","1.03M","-0.99%"
"05/05/2014","165.12","163.50","165.37","162.79","945.54K","0.74%"
"05/02/2014","163.90","163.00","164.11","162.70","1.13M","0.64%"
"05/01/2014","162.85","163.72","164.84","162.32","1.30M","-0.79%"
"04/30/2014","164.14","162.02","164.38","161.35","1.62M","1.33%"
"04/29/2014","161.99","161.30","162.53","160.91","1.23M","0.38%"
"04/28/2014","161.37","161.33","162.27","159.80","1.35M","0.17%"
"04/25/2014","161.09","160.22","161.49","158.69","1.80M","0.29%"
"04/24/2014","160.62","162.43","162.59","159.60","1.40M","-0.84%"
"04/23/2014","161.98","156.81","162.43","155.82","2.86M","3.38%"
"04/22/2014","156.69","164.68","164.71","156.20","2.67M","-2.97%"
"04/21/2014","161.49","163.24","163.24","160.36","1.31M","0.77%"
"04/17/2014","160.25","158.25","160.49","158.25","1.54M","0.51%"
"04/16/2014","159.44","158.44","159.47","156.87","1.17M","1.30%"
"04/15/2014","157.39","155.55","157.59","154.21","1.16M","1.01%"
"04/14/2014","155.82","155.00","157.16","154.29","1.36M","1.30%"
"04/11/2014","153.82","154.97","155.39","153.54","2.03M","-1.04%"
"04/10/2014","155.43","159.08","159.65","155.31","1.50M","-2.14%"
"04/09/2014","158.83","158.03","159.95","156.92","1.12M","1.39%"
"04/08/2014","156.65","157.57","157.80","154.75","1.78M","-0.69%"
"04/07/2014","157.74","159.38","160.61","157.48","1.32M","-1.17%"
"04/04/2014","159.61","164.95","164.95","159.42","1.62M","-2.53%"
"04/03/2014","163.75","165.00","165.13","163.70","1.25M","-0.58%"
"04/02/2014","164.70","164.00","164.77","162.68","1.05M","0.60%"
"04/01/2014","163.71","163.52","164.13","162.53","982.50K","0.29%"
"03/31/2014","163.24","162.25","163.55","161.60","1.46M","1.68%"
"03/28/2014","160.54","159.53","161.37","159.24","1.19M","1.04%"
"03/27/2014","158.88","159.29","159.95","158.02","1.86M","-0.48%"
"03/26/2014","159.64","160.84","162.09","159.62","1.30M","-0.58%"
"03/25/2014","160.57","158.75","161.13","158.58","2.10M","1.50%"
"03/24/2014","158.19","158.53","159.37","157.01","2.00M","0.50%"
"03/21/2014","157.40","161.00","161.37","157.40","4.25M","-1.58%"
"03/20/2014","159.93","161.12","162.47","159.37","3.23M","-0.60%"
"03/19/2014","160.90","164.37","164.57","160.01","2.07M","-1.88%"
"03/18/2014","163.98","164.85","165.09","163.85","1.66M","-0.05%"
"03/17/2014","164.07","163.44","164.65","163.08","1.47M","1.02%"
"03/14/2014","162.42","162.54","164.60","162.15","1.39M","-0.25%"
"03/13/2014","162.83","164.53","165.11","162.32","1.40M","-0.63%"
"03/12/2014","163.86","163.47","164.00","162.00","1.50M","0.04%"
"03/11/2014","163.80","165.37","165.70","163.72","1.74M","-1.02%"
"03/10/2014","165.48","165.69","166.70","165.11","1.38M","-0.65%"
"03/07/2014","166.57","167.50","167.87","165.97","1.40M","-0.16%"
"03/06/2014","166.84","166.85","167.48","166.40","1.38M","0.01%"
"03/05/2014","166.82","166.23","167.43","165.50","1.89M","0.71%"
"03/04/2014","165.64","164.29","166.17","164.29","1.75M","1.28%"
"03/03/2014","163.55","160.82","164.21","160.52","1.71M","0.77%"
"02/28/2014","162.30","161.15","163.31","161.15","2.23M","0.53%"
"02/27/2014","161.44","160.40","161.67","159.51","3.08M","0.38%"
"02/26/2014","160.83","163.30","164.41","160.81","2.69M","-1.70%"
"02/25/2014","163.61","166.58","167.43","163.10","2.28M","-1.52%"
"02/24/2014","166.14","165.62","168.41","164.80","2.53M","1.10%"
"02/21/2014","164.33","165.00","165.44","163.37","2.38M","0.04%"
"02/20/2014","164.27","163.00","165.89","162.92","2.11M","1.00%"
"02/19/2014","162.65","162.60","164.71","162.01","1.76M","-0.03%"
"02/18/2014","162.70","161.53","163.95","161.53","1.99M","-0.12%"
"02/14/2014","162.89","159.80","163.24","159.31","2.56M","1.93%"
"02/13/2014","159.80","157.66","160.76","156.54","2.46M","0.55%"
"02/12/2014","158.92","158.71","159.45","157.97","1.85M","0.86%"
"02/11/2014","157.56","154.57","158.32","154.18","2.24M","2.32%"
"02/10/2014","153.98","154.75","155.41","153.51","2.38M","-0.74%"
"02/07/2014","155.13","151.90","155.70","151.06","2.08M","2.23%"
"02/06/2014","151.74","149.73","152.64","149.50","2.07M","0.90%"
"02/05/2014","150.39","147.74","151.97","147.43","2.73M","1.49%"
"02/04/2014","148.18","147.79","148.97","144.69","2.20M","0.30%"
"02/03/2014","147.74","150.54","152.00","147.42","2.31M","-2.10%"
"01/31/2014","150.91","147.07","151.99","145.94","2.62M","1.51%"
"01/30/2014","148.66","148.59","150.29","147.67","1.93M","0.89%"
"01/29/2014","147.35","147.14","148.24","146.50","2.50M","-0.63%"
"01/28/2014","148.28","147.01","148.82","146.80","2.68M","0.86%"
"01/27/2014","147.02","148.12","149.09","145.12","2.85M","-0.50%"
"01/24/2014","147.76","151.33","151.33","146.68","3.50M","-1.81%"
"01/23/2014","150.49","157.11","158.43","150.30","3.95M","-3.93%"
"01/22/2014","156.65","155.00","157.05","154.26","2.66M","1.65%"
"01/21/2014","154.10","154.00","156.54","153.79","2.27M","0.18%"
"01/17/2014","153.82","153.73","153.99","153.01","2.02M","0.21%"
"01/16/2014","153.49","153.00","153.52","152.62","1.38M","-0.01%"
"01/15/2014","153.50","151.42","154.34","151.10","2.29M","1.37%"
"01/14/2014","151.42","151.13","151.93","149.19","2.58M","0.33%"
"01/13/2014","150.92","153.70","154.35","150.51","3.45M","0.98%"
"01/10/2014","149.45","148.99","149.69","147.55","1.25M","0.48%"
"01/09/2014","148.73","149.00","150.43","148.54","1.65M","0.15%"
"01/08/2014","148.50","148.39","149.10","147.71","1.22M","-0.07%"
"01/07/2014","148.61","149.00","149.30","147.50","1.68M","1.59%"
"01/06/2014","146.28","147.30","148.09","146.10","1.13M","-0.53%"
"01/03/2014","147.06","146.50","147.33","146.47","843.42K","0.68%"
"01/02/2014","146.07","147.05","147.79","145.84","1.12M","-1.74%"
"12/31/2013","148.66","147.31","148.86","147.31","692.97K","1.14%"
"12/30/2013","146.98","148.04","148.77","146.01","835.68K","-0.78%"
"12/27/2013","148.13","149.26","149.99","147.52","711.50K","-0.48%"
"12/26/2013","148.84","146.34","149.21","146.18","1.50M","1.85%"
"12/24/2013","146.14","145.17","146.28","145.00","726.68K","0.74%"
"12/23/2013","145.06","144.95","146.00","144.74","1.81M","0.59%"
"12/20/2013","144.21","143.39","144.93","142.90","1.95M","0.85%"
"12/19/2013","142.99","143.75","143.75","141.87","1.53M","-0.51%"
"12/18/2013","143.73","140.93","143.99","140.00","2.28M","2.04%"
"12/17/2013","140.85","140.46","140.99","139.86","1.16M","0.57%"
"12/16/2013","140.05","139.13","140.41","139.03","1.27M","0.73%"
"12/13/2013","139.03","138.64","139.20","138.20","1.02M","0.76%"
"12/12/2013","137.98","137.22","138.68","137.22","1.19M","0.38%"
"12/11/2013","137.46","139.50","139.50","137.24","1.16M","-1.33%"
"12/10/2013","139.31","138.71","139.86","138.40","1.20M","0.27%"
"12/09/2013","138.93","138.50","139.29","138.29","1.39M","0.54%"
"12/06/2013","138.19","137.90","138.50","137.22","1.42M","1.12%"
"12/05/2013","136.66","136.26","137.56","136.01","1.19M","0.32%"
"12/04/2013","136.23","138.57","138.68","135.39","2.16M","-1.83%"
"12/03/2013","138.77","139.31","139.70","137.70","1.99M","-0.67%"
"12/02/2013","139.70","141.85","142.50","139.43","1.68M","-1.39%"
"11/29/2013","141.67","143.87","144.27","141.24","1.55M","-1.58%"
"11/27/2013","143.94","142.09","144.43","142.09","1.90M","0.62%"
"11/26/2013","143.06","141.50","143.41","141.31","2.43M","0.92%"
"11/25/2013","141.76","141.16","142.13","140.80","6.40M","0.62%"
"11/22/2013","140.88","139.07","140.94","138.77","4.84M","1.59%"
"11/21/2013","138.67","137.63","139.01","137.26","3.64M","1.08%"
"11/20/2013","137.19","138.84","138.84","136.99","858.74K","-1.28%"
"11/19/2013","138.97","138.11","139.35","137.72","1.05M","0.81%"
"11/18/2013","137.85","137.62","138.85","137.62","901.33K","0.29%"
"11/15/2013","137.45","137.93","138.04","136.39","2.04M","-0.61%"
"11/14/2013","138.29","137.74","138.40","137.00","889.89K","0.75%"
"11/13/2013","137.26","136.54","137.38","135.54","1.67M","0.02%"
"11/12/2013","137.23","137.15","137.24","136.40","1.49M","0.06%"
"11/11/2013","137.15","137.92","137.92","136.30","1.03M","-0.70%"
"11/08/2013","138.11","136.17","138.15","136.01","1.28M","1.40%"
"11/07/2013","136.20","136.89","138.15","136.09","1.29M","-0.49%"
"11/06/2013","136.87","135.53","136.93","135.53","922.88K","1.03%"
"11/05/2013","135.47","135.33","136.36","135.05","885.67K","-0.20%"
"11/04/2013","135.74","135.00","136.00","134.91","833.45K","0.88%"
"11/01/2013","134.55","133.54","136.84","133.43","2.13M","0.91%"
"10/31/2013","133.34","134.01","134.78","133.16","1.52M","-0.28%"
"10/30/2013","133.72","134.12","134.96","133.32","1.20M","0.04%"
"10/29/2013","133.66","133.40","133.88","132.87","1.23M","0.32%"
"10/28/2013","133.23","133.76","134.38","132.95","1.32M","-0.57%"
"10/25/2013","134.00","132.41","134.19","131.90","1.58M","1.04%"
"10/24/2013","132.62","132.02","132.99","131.38","1.13M","0.48%"
"10/23/2013","131.98","130.00","132.03","130.00","1.67M","1.48%"
"10/22/2013","130.05","129.59","130.18","127.29","2.79M","3.79%"
"10/21/2013","125.30","128.90","129.06","125.08","3.45M","-2.79%"
"10/18/2013","128.90","129.61","129.61","128.65","1.45M","-0.36%"
"10/17/2013","129.36","127.57","129.45","127.09","861.10K","1.17%"
"10/16/2013","127.86","126.66","127.99","126.03","1.50M","1.56%"
"10/15/2013","125.90","127.47","127.63","125.72","1.12M","-1.25%"
"10/14/2013","127.50","125.84","127.63","125.33","790.60K","1.05%"
"10/11/2013","126.17","126.21","126.58","125.75","1.26M","-0.40%"
"10/10/2013","126.68","122.71","126.70","122.71","1.32M","3.81%"
"10/09/2013","122.03","122.62","123.14","121.75","1.54M","-0.35%"
"10/08/2013","122.46","123.63","123.95","122.39","1.08M","-0.89%"
"10/07/2013","123.56","122.17","124.96","121.83","1.96M","0.87%"
"10/04/2013","122.50","123.15","123.41","121.52","2.49M","-0.27%"
"10/03/2013","122.83","124.91","124.92","122.10","2.67M","-1.80%"
"10/02/2013","125.08","127.11","127.15","124.10","3.20M","-1.90%"
"10/01/2013","127.50","127.77","128.30","127.44","1.38M","-0.04%"
"09/30/2013","127.55","128.08","128.58","127.25","1.59M","-1.31%"
"09/27/2013","129.24","129.59","129.85","128.07","1.31M","-0.47%"
"09/26/2013","129.85","128.15","129.95","128.01","1.53M","1.56%"
"09/25/2013","127.86","127.69","128.45","127.29","1.06M","-0.22%"
"09/24/2013","128.14","127.88","129.22","127.88","1.31M","0.41%"
"09/23/2013","127.62","128.12","128.86","127.00","1.14M","-0.30%"
"09/20/2013","128.00","130.44","130.63","128.00","2.29M","-1.83%"
"09/19/2013","130.39","131.00","131.60","130.20","1.40M","-0.34%"
"09/18/2013","130.84","129.65","130.89","128.45","1.39M","0.93%"
"09/17/2013","129.64","128.47","129.76","128.21","1.17M","0.92%"
"09/16/2013","128.46","128.21","129.17","127.90","1.42M","0.95%"
"09/13/2013","127.25","126.97","127.32","126.02","973.22K","0.56%"
"09/12/2013","126.54","126.31","127.39","126.20","1.89M","-0.02%"
"09/11/2013","126.57","124.91","126.57","124.91","1.14M","1.20%"
"09/10/2013","125.07","124.69","125.80","124.34","1.35M","0.81%"
"09/09/2013","124.07","123.97","124.87","123.82","1.22M","0.27%"
"09/06/2013","123.73","124.54","124.88","122.54","1.66M","-0.33%"
"09/05/2013","124.14","123.58","124.36","123.07","1.34M","-0.10%"
"09/04/2013","124.27","123.35","124.86","123.25","1.36M","0.52%"
"09/03/2013","123.63","123.35","124.36","123.10","1.53M","0.99%"
"08/30/2013","122.42","122.58","122.67","121.72","1.85M","0.07%"
"08/29/2013","122.34","122.43","123.05","122.03","1.33M","-0.78%"
"08/28/2013","123.30","123.26","124.00","123.22","1.21M","0.13%"
"08/27/2013","123.14","124.45","125.82","122.80","1.32M","-1.64%"
"08/26/2013","125.19","126.00","126.73","125.10","1.32M","-0.64%"
"08/23/2013","126.00","123.72","126.30","123.59","4.93M","1.85%"
"08/22/2013","123.71","123.32","124.57","123.05","4.72M","0.63%"
"08/21/2013","122.93","122.37","123.93","121.87","1.46M","0.42%"
"08/20/2013","122.41","121.92","123.97","121.92","1.55M","0.41%"
"08/19/2013","121.91","121.92","122.58","121.25","1.19M","-0.24%"
"08/16/2013","122.20","121.83","122.78","121.70","1.40M","0.06%"
"08/15/2013","122.13","122.75","123.36","121.83","1.19M","-1.21%"
"08/14/2013","123.62","124.00","124.28","123.35","1.05M","-0.35%"
"08/13/2013","124.06","123.27","124.30","123.00","1.48M","0.86%"
"08/12/2013","123.00","123.84","124.18","122.98","1.38M","-0.82%"
"08/09/2013","124.02","124.51","124.70","123.60","1.31M","-0.50%"
"08/08/2013","124.64","125.00","125.00","123.81","1.36M","0.08%"
"08/07/2013","124.54","124.00","124.70","123.70","1.37M","0.23%"
"08/06/2013","124.26","124.04","124.53","123.87","1.60M","0.09%"
"08/05/2013","124.15","123.55","124.63","123.23","1.17M","0.31%"
"08/02/2013","123.77","123.12","124.08","121.94","1.85M","1.31%"
"08/01/2013","122.17","120.76","122.24","120.75","1.24M","1.71%"
"07/31/2013","120.12","120.44","121.57","119.32","1.85M","0.02%"
"07/30/2013","120.09","120.52","120.92","119.48","1.58M","0.08%"
"07/29/2013","119.99","118.82","120.39","118.81","1.73M","-0.01%"
"07/26/2013","120.00","119.00","120.05","118.81","1.68M","0.42%"
"07/25/2013","119.50","117.60","119.52","117.30","2.83M","0.32%"
"07/24/2013","119.12","118.57","120.38","118.23","2.22M","1.02%"
"07/23/2013","117.92","118.20","119.61","117.01","2.64M","1.96%"
"07/22/2013","115.65","115.80","115.90","115.18","1.13M","0.09%"
"07/19/2013","115.55","114.98","115.63","114.69","1.71M","0.14%"
"07/18/2013","115.39","114.18","115.39","114.07","1.06M","1.15%"
"07/17/2013","114.08","112.99","114.08","112.90","1.13M","1.31%"
"07/16/2013","112.60","114.33","114.51","112.57","1.27M","-1.55%"
"07/15/2013","114.37","112.75","114.37","112.46","1.45M","1.64%"
"07/12/2013","112.53","113.12","113.57","111.78","1.46M","-0.50%"
"07/11/2013","113.10","112.38","113.16","112.02","1.12M","1.42%"
"07/10/2013","111.52","109.62","111.68","109.48","1.40M","1.78%"
"07/09/2013","109.57","109.73","110.31","109.15","1.15M","0.37%"
"07/08/2013","109.17","109.05","109.39","108.72","1.10M","0.47%"
"07/05/2013","108.66","107.58","108.67","107.37","731.77K","1.36%"
"07/03/2013","107.20","106.29","107.38","105.54","651.55K","0.75%"
"07/02/2013","106.40","107.96","107.96","105.94","1.59M","-1.54%"
"07/01/2013","108.06","108.46","108.85","107.89","1.51M","-0.37%"
"06/28/2013","108.46","107.11","108.86","107.11","2.72M","1.02%"
"06/27/2013","107.36","106.15","107.63","106.01","2.54M","1.50%"
"06/26/2013","105.77","104.50","105.91","104.36","1.67M","2.03%"
"06/25/2013","103.67","104.50","104.61","103.54","1.47M","-0.15%"
"06/24/2013","103.83","104.71","104.92","103.51","1.42M","-1.17%"
"06/21/2013","105.06","105.50","106.13","105.00","2.84M","0.02%"
"06/20/2013","105.04","106.26","106.93","105.00","2.59M","-1.77%"
"06/19/2013","106.93","108.76","109.09","106.90","1.57M","-1.76%"
"06/18/2013","108.85","108.58","109.26","108.32","1.66M","0.54%"
"06/17/2013","108.27","108.25","109.25","107.74","1.14M","0.53%"
"06/14/2013","107.70","107.75","108.46","107.21","1.05M","-0.25%"
"06/13/2013","107.97","107.04","108.29","106.62","1.83M","0.86%"
"06/12/2013","107.05","106.91","107.40","106.30","1.60M","1.03%"
"06/11/2013","105.96","105.96","106.66","105.22","1.14M","-0.67%"
"06/10/2013","106.67","107.44","107.64","106.42","1.11M","-0.64%"
"06/07/2013","107.36","104.56","107.46","104.42","1.83M","2.86%"
"06/06/2013","104.37","103.80","104.51","103.04","1.65M","0.75%"
"06/05/2013","103.59","104.86","104.93","103.44","1.33M","-1.41%"
"06/04/2013","105.07","105.24","105.82","104.66","1.55M","-0.35%"
"06/03/2013","105.44","106.00","106.00","104.65","2.04M","-0.37%"
"05/31/2013","105.83","106.67","107.79","105.83","1.98M","-1.12%"
"05/30/2013","107.03","107.63","108.55","107.02","2.07M","-0.26%"
"05/29/2013","107.31","107.15","107.71","106.58","1.55M","-0.41%"
"05/28/2013","107.75","107.76","108.80","107.55","5.38M","0.64%"
"05/24/2013","107.06","106.08","107.10","105.53","4.81M","0.71%"
"05/23/2013","106.30","105.68","106.80","105.46","4.76M","-0.18%"
"05/22/2013","106.49","106.82","107.93","106.26","2.12M","-0.47%"
"05/21/2013","106.99","106.78","107.10","106.10","1.45M","0.40%"
"05/20/2013","106.56","105.93","107.00","105.83","1.50M","0.14%"
"05/17/2013","106.41","104.53","106.41","104.53","2.61M","2.32%"
"05/16/2013","104.00","103.92","104.65","103.78","1.57M","-0.05%"
"05/15/2013","104.05","101.80","104.09","101.32","2.22M","1.15%"
"05/14/2013","102.87","102.00","102.89","101.80","1.12M","0.96%"
"05/13/2013","101.89","101.88","102.25","101.50","1.33M","-0.05%"
"05/10/2013","101.94","101.23","101.95","101.23","1.31M","0.58%"
"05/09/2013","101.35","102.00","102.28","101.06","2.02M","-0.44%"
"05/08/2013","101.80","102.56","102.61","101.69","1.97M","-1.05%"
"05/07/2013","102.88","102.25","102.89","102.03","1.50M","0.68%"
"05/06/2013","102.19","101.72","102.89","101.57","2.30M","0.18%"
"05/03/2013","102.01","101.00","102.15","100.84","2.36M","1.33%"
"05/02/2013","100.67","99.53","101.12","99.16","1.81M","1.33%"
"05/01/2013","99.35","98.90","100.24","98.77","1.96M","0.26%"
"04/30/2013","99.09","98.60","99.20","98.34","1.81M","0.03%"
"04/29/2013","99.06","98.99","99.21","98.57","1.23M","0.09%"
"04/26/2013","98.97","98.27","99.40","98.14","1.63M","0.71%"
"04/25/2013","98.27","96.04","98.65","96.00","2.11M","0.59%"
"04/24/2013","97.69","97.63","98.28","97.55","1.91M","0.65%"
"04/23/2013","97.06","98.25","99.49","95.86","2.49M","1.26%"
"04/22/2013","95.85","96.60","96.67","95.67","1.38M","-0.45%"
"04/19/2013","96.28","95.50","96.50","95.36","1.49M","1.33%"
"04/18/2013","95.02","95.85","95.95","94.54","1.29M","-0.57%"
"04/17/2013","95.56","95.89","96.07","94.70","1.88M","-0.73%"
"04/16/2013","96.26","96.07","96.34","95.62","1.52M","0.86%"
"04/15/2013","95.44","96.56","97.15","95.24","1.64M","-1.79%"
"04/12/2013","97.18","96.90","97.25","96.25","1.23M","-0.12%"
"04/11/2013","97.30","96.34","97.57","96.27","1.87M","1.38%"
"04/10/2013","95.98","95.86","96.37","95.69","1.37M","0.60%"
"04/09/2013","95.41","95.32","95.51","94.31","1.43M","0.34%"
"04/08/2013","95.09","94.58","95.10","94.04","1.20M","0.59%"
"04/05/2013","94.53","94.83","95.21","94.00","2.58M","-0.91%"
"04/04/2013","95.40","95.49","96.13","95.26","1.47M","0.33%"
"04/03/2013","95.09","95.28","96.46","95.04","2.63M","0.08%"
"04/02/2013","95.01","95.50","95.64","94.69","1.68M","0.01%"
"04/01/2013","95.00","96.14","96.45","94.78","2.14M","-1.57%"
"03/28/2013","96.52","94.39","96.59","94.39","3.83M","2.17%"
"03/27/2013","94.47","93.24","94.67","93.04","1.91M","0.82%"
"03/26/2013","93.70","92.75","93.75","92.63","1.97M","1.51%"
"03/25/2013","92.31","92.61","93.00","91.91","1.32M","0.05%"
"03/22/2013","92.26","92.17","92.84","91.80","1.56M","0.63%"
"03/21/2013","91.68","92.00","92.45","91.65","1.57M","-0.61%"
"03/20/2013","92.24","93.23","93.50","92.23","1.85M","-0.68%"
"03/19/2013","92.87","92.73","93.57","92.46","1.47M","0.55%"
"03/18/2013","92.36","91.81","93.14","91.70","1.49M","-0.41%"
"03/15/2013","92.74","92.09","92.80","92.02","2.52M","0.22%"
"03/14/2013","92.54","92.29","92.54","92.01","1.88M","0.26%"
"03/13/2013","92.30","90.64","92.49","90.30","2.08M","2.14%"
"03/12/2013","90.37","90.23","90.44","89.95","2.12M","-0.19%"
"03/11/2013","90.54","89.79","90.58","89.70","2.10M","0.61%"
"03/08/2013","89.99","89.16","90.20","88.98","1.77M","1.35%"
"03/07/2013","88.79","88.54","89.28","88.42","1.42M","0.49%"
"03/06/2013","88.36","88.10","88.42","87.71","1.68M","0.63%"
"03/05/2013","87.81","87.10","88.09","86.90","1.49M","0.82%"
"03/04/2013","87.10","87.84","87.89","86.51","1.77M","-1.21%"
"03/01/2013","88.17","87.75","88.37","87.09","1.87M","0.19%"
"02/28/2013","88.00","88.59","88.79","87.94","2.28M","-0.37%"
"02/27/2013","88.33","85.91","88.58","85.91","2.67M","1.18%"
"02/26/2013","87.30","88.08","88.34","87.04","12.05M","-0.66%"
"02/25/2013","87.88","88.43","89.08","87.71","10.85M","-0.27%"
"02/22/2013","88.12","87.90","88.67","87.65","6.85M","0.64%"
"02/21/2013","87.56","87.65","87.80","87.10","1.96M","-0.19%"
"02/20/2013","87.73","87.93","88.48","87.72","2.88M","-0.57%"
"02/19/2013","88.23","87.95","88.23","87.41","2.44M","0.41%"
"02/15/2013","87.87","87.08","87.87","87.05","2.56M","0.91%"
"02/14/2013","87.08","86.48","87.36","85.88","2.40M","0.02%"
"02/13/2013","87.06","87.31","87.49","86.49","1.90M","-0.23%"
"02/12/2013","87.26","87.78","87.99","87.01","1.75M","-0.31%"
"02/11/2013","87.53","87.99","88.01","87.21","1.78M","-0.55%"
"02/08/2013","88.01","87.43","88.23","87.43","1.94M","0.65%"
"02/07/2013","87.44","87.40","88.05","86.85","1.96M","-0.18%"
"02/06/2013","87.60","86.70","87.60","86.61","2.52M","0.68%"
"02/05/2013","87.01","87.49","87.53","86.59","2.89M","0.36%"
"02/04/2013","86.70","86.54","87.11","86.37","2.84M","-0.60%"
"02/01/2013","87.22","87.52","87.78","86.37","3.43M","0.40%"
"01/31/2013","86.87","88.06","88.38","86.72","5.31M","-1.52%"
"01/30/2013","88.21","89.88","89.98","88.03","6.84M","-1.83%"
"01/29/2013","89.85","89.45","90.52","89.30","3.03M","0.59%"
"01/28/2013","89.32","92.49","92.49","89.02","4.17M","-3.32%"
"01/25/2013","92.39","93.24","93.26","92.28","3.37M","-0.92%"
"01/24/2013","93.25","96.52","96.52","92.90","4.13M","-2.94%"
"01/23/2013","96.07","94.72","96.07","94.02","2.42M","0.78%"
"01/22/2013","95.33","94.00","95.61","93.79","1.61M","1.45%"
"01/18/2013","93.97","94.75","94.91","93.88","2.41M","-0.82%"
"01/17/2013","94.75","93.96","95.00","93.71","1.34M","1.28%"
"01/16/2013","93.55","93.77","93.81","93.04","1.15M","-0.50%"
"01/15/2013","94.02","93.49","94.34","93.35","1.24M","0.12%"
"01/14/2013","93.91","93.09","93.94","93.09","850.07K","0.21%"
"01/11/2013","93.71","94.46","94.77","93.63","1.17M","-0.43%"
"01/10/2013","94.11","94.28","94.35","93.56","1.64M","0.13%"
"01/09/2013","93.99","93.17","94.04","92.61","1.29M","1.11%"
"01/08/2013","92.96","93.80","93.80","92.45","1.34M","-1.34%"
"01/07/2013","94.22","93.43","94.36","93.41","1.34M","0.34%"
"01/04/2013","93.90","93.93","94.00","93.07","1.74M","0.37%"
"01/03/2013","93.55","93.52","94.31","93.07","1.83M","0.30%"
"01/02/2013","93.27","93.79","94.17","92.58","2.25M","1.06%"
"12/31/2012","92.29","90.80","92.40","89.72","2.00M","1.04%"
"12/28/2012","91.34","92.28","92.64","91.09","1.61M","-1.61%"
"12/27/2012","92.83","92.09","92.99","91.72","1.73M","0.87%"
"12/26/2012","92.03","92.77","93.18","92.00","979.65K","-0.80%"
"12/24/2012","92.77","93.15","93.15","92.52","656.74K","-0.39%"
"12/21/2012","93.13","91.19","93.47","91.17","3.93M","0.68%"
"12/20/2012","92.50","92.50","92.97","91.90","2.31M","-0.44%"
"12/19/2012","92.91","92.97","93.67","92.19","1.93M","-0.02%"
"12/18/2012","92.93","90.54","93.01","90.40","5.68M","2.78%"
"12/17/2012","90.42","89.19","90.78","88.79","1.67M","1.64%"
"12/14/2012","88.96","90.00","90.06","88.84","1.70M","-1.14%"
"12/13/2012","89.99","91.51","91.66","89.81","2.43M","-1.98%"
"12/12/2012","91.81","92.31","92.75","91.69","1.51M","-0.21%"
"12/11/2012","92.00","92.72","93.00","91.91","1.38M","-0.44%"
"12/10/2012","92.41","91.75","92.70","91.54","1.18M","0.55%"
"12/07/2012","91.90","91.58","92.00","91.15","1.06M","0.46%"
"12/06/2012","91.48","91.58","91.94","90.80","1.68M","-0.05%"
"12/05/2012","91.53","91.63","92.08","90.70","1.86M","0.05%"
"12/04/2012","91.48","91.36","92.30","91.25","2.10M","-0.08%"
"12/03/2012","91.55","93.25","93.42","91.54","1.78M","-1.88%"
"11/30/2012","93.30","93.34","94.10","93.04","1.65M","0.28%"
"11/29/2012","93.04","92.50","93.42","92.09","2.12M","-0.70%"
"11/28/2012","93.70","92.55","93.70","91.85","1.62M","0.64%"
"11/27/2012","93.10","93.12","94.00","92.73","1.82M","-0.20%"
"11/26/2012","93.29","92.31","93.36","91.75","2.02M","1.59%"
"11/23/2012","91.83","90.74","91.90","90.67","652.30K","1.46%"
"11/21/2012","90.51","90.50","90.79","90.31","860.28K","0.37%"
"11/20/2012","90.18","90.49","90.58","89.32","1.52M","-0.33%"
"11/19/2012","90.48","88.83","90.50","88.65","2.03M","2.28%"
"11/16/2012","88.46","87.83","88.75","87.21","1.65M","1.00%"
"11/15/2012","87.58","88.02","88.54","87.08","1.55M","-0.60%"
"11/14/2012","88.11","90.47","90.59","87.88","1.93M","-2.30%"
"11/13/2012","90.18","89.07","91.07","89.00","2.30M","0.41%"
"11/12/2012","89.81","89.82","90.14","89.09","1.55M","-0.19%"
"11/09/2012","89.98","89.50","90.76","89.16","1.78M","0.07%"
"11/08/2012","89.92","89.27","90.98","89.27","1.77M","-1.35%"
"11/07/2012","91.15","92.49","93.37","89.38","3.71M","-3.92%"
"11/06/2012","94.87","94.15","95.92","93.88","1.88M","0.82%"
"11/05/2012","94.10","93.49","94.40","92.85","1.71M","0.41%"
"11/02/2012","93.72","94.50","94.80","93.50","2.36M","-0.50%"
"11/01/2012","94.19","93.77","94.86","93.66","1.19M","0.56%"
"10/31/2012","93.67","94.45","94.54","93.03","1.17M","0.89%"
"10/26/2012","92.84","92.86","93.68","92.26","1.47M","-0.76%"
"10/25/2012","93.55","94.52","94.73","92.81","1.11M","-0.39%"
"10/24/2012","93.92","92.09","94.96","92.09","2.01M","2.14%"
"10/23/2012","91.95","92.28","92.44","91.39","1.22M","-0.88%"
"10/22/2012","92.77","92.65","93.11","92.00","762.78K","-0.13%"
"10/19/2012","92.89","94.21","94.30","92.69","1.52M","-1.52%"
"10/18/2012","94.32","93.58","94.40","93.19","1.17M","0.79%"
"10/17/2012","93.58","93.63","93.98","93.24","1.00M","0.22%"
"10/16/2012","93.37","92.86","93.41","92.71","1.16M","0.94%"
"10/15/2012","92.50","92.75","92.94","92.42","1.26M","-0.49%"
"10/12/2012","92.96","93.06","93.89","92.50","969.24K","0.26%"
"10/11/2012","92.72","93.19","93.44","92.70","533.37K","0.01%"
"10/10/2012","92.71","93.82","93.82","92.48","1.00M","-1.08%"
"10/09/2012","93.72","94.07","94.82","93.71","806.32K","-0.31%"
"10/08/2012","94.01","94.20","94.59","94.00","628.55K","-0.38%"
"10/05/2012","94.37","94.80","94.90","94.13","1.17M","-0.16%"
"10/04/2012","94.52","93.58","94.59","93.50","1.36M","1.54%"
"10/03/2012","93.09","93.28","93.65","92.83","1.33M","-0.08%"
"10/02/2012","93.16","93.55","93.70","92.28","1.38M","-0.30%"
"10/01/2012","93.44","93.37","93.98","93.06","1.71M","0.06%"
"09/28/2012","93.38","92.28","93.70","92.08","1.78M","1.00%"
"09/27/2012","92.46","92.18","92.50","91.43","1.42M","0.60%"
"09/26/2012","91.91","91.49","92.67","91.49","1.19M","0.45%"
"09/25/2012","91.50","91.20","91.89","91.05","1.90M","0.51%"
"09/24/2012","91.04","91.35","91.49","90.39","1.50M","-0.27%"
"09/21/2012","91.29","91.35","91.74","91.05","3.00M","0.12%"
"09/20/2012","91.18","91.73","91.89","91.12","1.57M","-1.15%"
"09/19/2012","92.24","91.72","92.35","91.56","1.35M","0.51%"
"09/18/2012","91.77","91.93","92.09","91.06","1.34M","-0.48%"
"09/17/2012","92.21","92.29","92.95","92.00","4.67M","-0.34%"
"09/14/2012","92.52","93.14","93.20","92.02","1.78M","-0.65%"
"09/13/2012","93.13","92.43","93.45","91.95","1.33M","0.77%"
"09/12/2012","92.42","92.49","92.94","92.26","1.09M","0.20%"
"09/11/2012","92.24","92.00","92.50","91.83","969.07K","0.23%"
"09/10/2012","92.03","91.79","92.48","91.72","719.34K","-0.16%"
"09/07/2012","92.18","92.81","92.98","92.03","1.16M","-0.70%"
"09/06/2012","92.83","92.00","92.85","91.60","1.22M","1.42%"
"09/05/2012","91.53","90.44","91.58","90.34","1.40M","1.10%"
"09/04/2012","90.53","91.19","91.39","90.01","959.14K","-0.67%"
"08/31/2012","91.14","91.37","91.76","90.77","1.09M","0.23%"
"08/30/2012","90.93","91.03","91.32","90.52","908.21K","-1.08%"
"08/29/2012","91.92","92.55","92.75","91.82","969.71K","-0.61%"
"08/28/2012","92.48","91.86","92.70","91.38","1.82M","0.22%"
"08/27/2012","92.28","92.64","93.00","92.21","945.59K","-0.18%"
"08/24/2012","92.45","91.76","92.68","91.70","1.48M","0.27%"
"08/23/2012","92.20","93.00","93.00","91.70","1.42M","-0.89%"
"08/22/2012","93.03","93.47","93.50","92.67","1.61M","-0.82%"
"08/21/2012","93.80","93.71","93.99","93.11","1.87M","0.51%"
"08/20/2012","93.32","92.12","93.50","92.12","1.57M","1.00%"
"08/17/2012","92.40","92.34","92.50","91.78","1.57M","0.38%"
"08/16/2012","92.05","91.52","92.24","91.33","4.81M","0.59%"
"08/15/2012","91.51","90.99","91.69","90.72","763.32K","0.18%"
"08/14/2012","91.35","91.19","91.68","90.90","1.09M","0.25%"
"08/13/2012","91.12","90.71","91.18","90.54","1.08M","0.10%"
"08/10/2012","91.03","90.35","91.15","90.20","1.01M","0.54%"
"08/09/2012","90.54","90.48","90.63","90.00","1.07M","-0.39%"
"08/08/2012","90.89","90.25","91.00","89.71","1.08M","0.63%"
"08/07/2012","90.32","89.44","90.50","89.12","1.33M","1.49%"
"08/06/2012","88.99","89.61","89.84","88.94","837.89K","-0.45%"
"08/03/2012","89.39","89.43","89.56","88.47","1.05M","1.06%"
"08/02/2012","88.45","88.74","88.83","87.47","1.40M","-0.57%"
"08/01/2012","88.96","89.86","90.00","88.80","3.68M","-0.35%"
"07/31/2012","89.27","89.18","89.61","88.97","2.26M","0.21%"
"07/30/2012","89.08","89.59","89.85","88.78","1.48M","-1.24%"
"07/27/2012","90.20","88.74","90.51","88.65","1.50M","1.86%"
"07/26/2012","88.55","88.65","88.87","87.96","1.36M","0.99%"
"07/25/2012","87.68","88.12","88.22","86.56","2.35M","-0.13%"
"07/24/2012","87.79","87.49","89.16","86.93","2.03M","1.01%"
"07/23/2012","86.91","86.90","87.29","86.56","1.54M","-0.91%"
"07/20/2012","87.71","88.07","88.49","87.38","1.35M","-0.90%"
"07/19/2012","88.51","88.80","88.80","87.77","1.23M","-0.10%"
"07/18/2012","88.60","87.40","88.67","87.27","1.15M","1.34%"
"07/17/2012","87.43","87.14","87.81","86.72","1.30M","0.33%"
"07/16/2012","87.14","87.01","87.22","86.16","1.12M","-0.13%"
"07/13/2012","87.25","86.13","87.33","86.10","1.38M","1.43%"
"07/12/2012","86.02","86.41","86.61","85.65","1.61M","-0.94%"
"07/11/2012","86.84","87.10","87.30","86.52","1.40M","-0.21%"
"07/10/2012","87.02","87.67","88.23","86.71","963.14K","-0.42%"
"07/09/2012","87.39","86.89","87.55","86.82","1.38M","0.61%"
"07/06/2012","86.86","86.43","87.00","86.11","892.94K","-0.16%"
"07/05/2012","87.00","87.16","87.54","86.85","1.74M","-0.58%"
"07/03/2012","87.51","87.22","87.51","87.09","1.08M","0.40%"
"07/02/2012","87.16","87.32","87.65","86.51","1.09M","0.09%"
"06/29/2012","87.08","86.00","87.09","86.00","2.17M","3.02%"
"06/28/2012","84.53","84.09","84.75","83.46","1.05M","-0.45%"
"06/27/2012","84.91","83.43","85.18","83.43","1.25M","1.83%"
"06/26/2012","83.38","84.56","84.67","83.15","1.48M","-1.03%"
"06/25/2012","84.25","84.67","85.25","84.17","1.53M","-1.29%"
"06/22/2012","85.35","84.73","85.50","84.22","1.57M","1.16%"
"06/21/2012","84.37","85.18","85.53","84.27","1.62M","-0.20%"
"06/20/2012","84.54","85.16","85.27","84.12","1.16M","-0.89%"
"06/19/2012","85.30","85.02","85.61","84.44","1.50M","0.64%"
"06/18/2012","84.76","83.48","84.84","83.34","1.50M","1.57%"
"06/15/2012","83.45","83.38","83.89","83.17","1.71M","0.14%"
"06/14/2012","83.33","82.85","83.60","82.44","1.36M","0.80%"
"06/13/2012","82.67","82.97","83.44","82.40","1.13M","-0.84%"
"06/12/2012","83.37","83.08","83.79","82.75","1.47M","1.10%"
"06/11/2012","82.46","83.79","83.79","82.39","886.31K","-1.00%"
"06/08/2012","83.29","82.94","83.41","82.65","1.12M","0.17%"
"06/07/2012","83.15","83.04","83.65","82.69","1.78M","0.93%"
"06/06/2012","82.38","81.79","82.44","81.28","3.65M","1.93%"
"06/05/2012","80.82","80.81","80.92","80.14","1.42M","-0.28%"
"06/04/2012","81.05","81.23","81.96","80.44","1.51M","-0.21%"
"06/01/2012","81.22","81.64","82.02","81.01","1.80M","-1.91%"
"05/31/2012","82.80","82.74","83.47","82.62","1.61M","0.00%"
"05/30/2012","82.80","82.40","83.25","81.52","1.96M","-1.03%"
"05/29/2012","83.66","83.29","83.69","82.83","7.99M","1.15%"
"05/25/2012","82.71","83.25","83.62","82.62","6.31M","-0.79%"
"05/24/2012","83.37","83.58","83.58","82.51","5.98M","0.02%"
"05/23/2012","83.35","83.37","83.48","82.19","1.57M","-0.41%"
"05/22/2012","83.69","83.60","84.23","83.09","1.53M","0.07%"
"05/21/2012","83.63","83.25","83.66","82.52","1.25M","1.03%"
"05/18/2012","82.78","83.16","83.78","82.60","1.56M","-0.06%"
"05/17/2012","82.83","84.22","84.30","82.78","1.40M","-1.78%"
"05/16/2012","84.33","84.93","85.32","84.29","1.32M","-0.31%"
"05/15/2012","84.59","85.03","85.37","84.42","1.40M","-0.72%"
"05/14/2012","85.20","84.66","85.40","84.17","1.19M","-0.01%"
"05/11/2012","85.21","86.18","86.33","85.17","1.92M","-1.06%"
"05/10/2012","86.12","86.59","86.91","86.00","1.32M","0.20%"
"05/09/2012","85.95","86.53","86.91","85.92","1.76M","-1.35%"
"05/08/2012","87.13","86.99","87.22","86.25","1.67M","-0.21%"
"05/07/2012","87.31","87.78","88.11","86.98","2.17M","-0.59%"
"05/04/2012","87.83","89.28","89.55","87.83","2.08M","-1.83%"
"05/03/2012","89.47","89.83","90.08","89.23","1.46M","-0.68%"
"05/02/2012","90.08","89.71","90.29","89.71","2.00M","-0.52%"
"05/01/2012","90.55","90.61","91.02","90.16","1.63M","0.01%"
"04/30/2012","90.54","91.10","91.10","90.46","1.15M","-0.83%"
"04/27/2012","91.30","92.08","92.09","91.20","1.47M","-0.44%"
"04/26/2012","91.70","91.41","92.24","91.11","1.98M","0.79%"
"04/25/2012","90.98","91.74","91.89","90.62","1.84M","-0.16%"
"04/24/2012","91.13","90.63","91.29","90.53","1.29M","0.66%"
"04/23/2012","90.53","89.99","90.74","89.94","1.41M","-0.34%"
"04/20/2012","90.84","90.45","91.24","90.32","1.12M","0.55%"
"04/19/2012","90.34","90.70","90.97","90.03","1.50M","-0.03%"
"04/18/2012","90.37","90.29","90.77","89.93","946.77K","-0.25%"
"04/17/2012","90.60","89.54","90.78","89.03","1.37M","1.15%"
"04/16/2012","89.57","89.55","89.80","89.08","2.81M","0.30%"
"04/13/2012","89.30","89.93","90.58","89.29","1.48M","-0.96%"
"04/12/2012","90.17","88.80","90.41","88.70","1.47M","1.90%"
"04/11/2012","88.49","88.37","88.95","88.23","1.39M","0.94%"
"04/10/2012","87.67","88.50","88.64","87.67","1.44M","-1.21%"
"04/09/2012","88.74","89.36","89.36","88.71","1.33M","-1.56%"
"04/05/2012","90.15","90.04","90.77","89.83","1.81M","-0.21%"
"04/04/2012","90.34","90.86","90.95","90.26","1.63M","-0.80%"
"04/03/2012","91.07","91.02","91.42","90.65","1.26M","-0.10%"
"04/02/2012","91.16","89.41","91.61","89.41","1.68M","1.45%"
"03/30/2012","89.86","90.00","90.16","89.60","1.28M","0.26%"
"03/29/2012","89.63","89.47","89.69","88.83","1.33M","-0.07%"
"03/28/2012","89.69","90.78","91.08","89.32","1.35M","-1.28%"
"03/27/2012","90.85","90.64","91.09","90.55","1.12M","0.23%"
"03/26/2012","90.64","90.23","90.77","90.09","1.34M","0.97%"
"03/23/2012","89.77","89.60","89.88","89.20","1.03M","0.41%"
"03/22/2012","89.40","89.12","89.66","88.84","1.41M","-0.06%"
"03/21/2012","89.45","89.31","89.72","89.26","1.29M","0.12%"
"03/20/2012","89.34","89.29","89.56","88.64","1.36M","-0.25%"
"03/19/2012","89.56","88.92","89.69","88.89","899.98K","0.27%"
"03/16/2012","89.32","90.30","90.50","89.25","2.12M","-1.09%"
"03/15/2012","90.30","90.40","90.68","89.93","1.38M","-0.13%"
"03/14/2012","90.42","89.86","91.01","89.78","2.04M","0.86%"
"03/13/2012","89.65","89.38","89.71","88.80","1.63M","0.73%"
"03/12/2012","89.00","88.71","89.29","88.62","1.11M","0.10%"
"03/09/2012","88.91","88.82","89.12","88.22","1.18M","0.60%"
"03/08/2012","88.38","88.57","89.00","88.26","1.16M","0.48%"
"03/07/2012","87.96","87.81","88.07","87.41","1.28M","0.21%"
"03/06/2012","87.78","87.98","88.84","87.68","1.44M","-1.01%"
"03/05/2012","88.68","89.02","89.08","88.56","1.46M","0.20%"
"03/02/2012","88.50","88.40","89.05","88.30","1.33M","0.15%"
"03/01/2012","88.37","88.61","88.97","88.14","1.61M","-0.05%"
"02/29/2012","88.41","88.88","89.31","88.39","2.83M","-0.33%"
"02/28/2012","88.70","88.85","88.86","88.00","1.87M","-0.79%"
"02/27/2012","89.41","89.52","90.00","89.08","2.90M","-0.13%"
"02/24/2012","89.53","88.48","90.15","88.40","7.28M","1.40%"
"02/23/2012","88.29","87.81","88.39","87.57","7.43M","0.76%"
"02/22/2012","87.62","87.34","88.09","87.26","1.24M","0.54%"
"02/21/2012","87.15","87.86","87.90","86.79","1.74M","-0.95%"
"02/17/2012","87.99","86.72","88.31","86.62","2.73M","1.84%"
"02/16/2012","86.40","86.85","87.21","86.06","2.30M","-0.61%"
"02/15/2012","86.93","87.68","87.92","86.77","3.47M","-1.72%"
"02/14/2012","88.45","87.73","88.55","87.66","1.68M","0.25%"
"02/13/2012","88.23","87.64","88.25","86.98","2.58M","0.82%"
"02/10/2012","87.51","87.13","87.72","87.00","1.93M","-0.57%"
"02/09/2012","88.01","87.66","88.07","87.40","2.86M","0.42%"
"02/08/2012","87.64","86.57","87.71","86.14","3.39M","1.17%"
"02/07/2012","86.63","85.00","86.64","85.00","2.87M","1.62%"
"02/06/2012","85.25","84.38","85.40","84.34","2.03M","0.78%"
"02/03/2012","84.59","83.41","84.73","83.25","3.37M","1.71%"
"02/02/2012","83.17","83.56","83.70","82.90","1.30M","-0.42%"
"02/01/2012","83.52","82.54","83.72","82.26","2.11M","1.46%"
"01/31/2012","82.32","82.20","82.40","81.70","2.88M","0.38%"
"01/30/2012","82.01","81.32","82.13","81.29","3.11M","-0.01%"
"01/27/2012","82.02","82.00","82.55","81.66","1.95M","-0.55%"
"01/26/2012","82.47","82.47","82.95","81.29","2.73M","0.91%"
"01/25/2012","81.73","82.04","82.27","81.25","2.42M","-0.62%"
"01/24/2012","82.24","82.55","82.81","82.12","1.14M","-0.36%"
"01/23/2012","82.54","82.83","82.86","81.90","1.72M","-0.29%"
"01/20/2012","82.78","83.15","83.44","82.54","2.46M","-1.11%"
"01/19/2012","83.71","82.25","83.71","81.85","1.96M","1.74%"
"01/18/2012","82.28","81.59","82.28","81.34","1.16M","0.78%"
"01/17/2012","81.64","82.05","82.10","81.35","1.95M","0.15%"
"01/13/2012","81.52","81.16","81.53","80.80","1.48M","-0.21%"
"01/12/2012","81.69","81.12","81.77","80.76","1.82M","1.13%"
"01/11/2012","80.78","80.49","81.13","80.49","1.25M","0.20%"
"01/10/2012","80.62","80.63","81.20","80.36","1.85M","0.72%"
"01/09/2012","80.04","80.35","80.35","79.76","1.86M","0.08%"
"01/06/2012","79.98","80.41","80.41","79.65","4.27M","-0.11%"
"01/05/2012","80.07","80.66","80.68","79.05","2.62M","-1.04%"
"01/04/2012","80.91","80.95","81.45","80.37","2.24M","-1.35%"
"01/03/2012","82.02","82.12","82.99","81.77","2.27M","1.38%"
"12/30/2011","80.90","81.65","81.86","80.86","1.47M","-0.76%"
"12/29/2011","81.52","80.96","81.74","80.88","1.12M","0.72%"
"12/28/2011","80.94","81.68","81.78","80.85","840.38K","-0.47%"
"12/27/2011","81.32","81.33","81.66","80.94","1.48M","-0.11%"
"12/23/2011","81.41","81.00","81.46","80.67","1.93M","0.74%"
"12/22/2011","80.81","79.82","81.03","79.63","2.79M","1.48%"
"12/21/2011","79.63","78.45","79.69","78.02","1.82M","1.40%"
"12/20/2011","78.53","77.94","78.87","77.83","1.75M","2.23%"
"12/19/2011","76.82","77.28","77.69","76.60","1.39M","-0.36%"
"12/16/2011","77.10","77.62","77.88","76.32","4.22M","0.23%"
"12/15/2011","76.92","77.07","77.52","76.76","1.97M","0.83%"
"12/14/2011","76.29","76.72","76.87","76.02","1.44M","-0.57%"
"12/13/2011","76.73","77.38","77.77","76.46","1.64M","-0.21%"
"12/12/2011","76.89","77.44","77.47","76.40","1.45M","-0.68%"
"12/09/2011","77.42","77.05","77.70","77.02","1.24M","1.18%"
"12/08/2011","76.52","77.47","77.65","76.42","1.80M","-1.35%"
"12/07/2011","77.57","77.94","78.05","77.37","2.09M","-0.44%"
"12/06/2011","77.91","77.80","78.49","77.62","1.50M","-0.26%"
"12/05/2011","78.11","78.56","78.66","77.60","2.53M","0.37%"
"12/02/2011","77.82","79.55","79.80","77.23","2.42M","-1.47%"
"12/01/2011","78.98","78.14","79.49","78.11","1.90M","1.06%"
"11/30/2011","78.15","78.03","78.86","77.73","3.00M","2.14%"
"11/29/2011","76.51","77.29","77.29","76.35","2.65M","-1.91%"
"11/28/2011","78.00","76.81","78.00","76.00","5.89M","3.46%"
"11/25/2011","75.39","74.02","76.23","74.00","2.00M","1.95%"
"11/23/2011","73.95","73.76","74.57","73.55","2.48M","-0.70%"
"11/22/2011","74.47","74.51","74.94","73.57","2.30M","-0.03%"
"11/21/2011","74.49","74.16","74.89","72.37","8.53M","-0.81%"
"11/18/2011","75.10","75.60","75.72","74.94","6.63M","-0.08%"
"11/17/2011","75.16","75.75","75.98","74.39","2.89M","-1.01%"
"11/16/2011","75.93","77.09","77.32","75.77","2.37M","-2.47%"
"11/15/2011","77.85","77.12","78.14","77.01","1.41M","0.65%"
"11/14/2011","77.35","77.33","77.95","77.23","1.50M","-0.09%"
"11/11/2011","77.42","76.94","77.81","76.78","1.73M","1.69%"
"11/10/2011","76.13","77.30","77.40","75.77","2.61M","-1.07%"
"11/09/2011","76.95","77.02","77.53","76.56","2.77M","-1.84%"
"11/08/2011","78.39","78.42","78.87","77.54","2.21M","0.17%"
"11/07/2011","78.26","76.43","78.42","75.96","2.54M","2.27%"
"11/04/2011","76.52","75.53","76.52","74.74","2.94M","0.57%"
"11/03/2011","76.09","75.16","76.21","74.60","1.41M","2.11%"
"11/02/2011","74.52","74.73","75.29","74.33","1.97M","0.72%"
"11/01/2011","73.99","74.56","75.06","73.48","2.71M","-2.52%"
"10/31/2011","75.90","75.28","77.00","75.09","3.27M","0.62%"
"10/28/2011","75.43","75.72","76.69","75.06","2.25M","-0.29%"
"10/27/2011","75.65","78.02","78.30","75.22","3.16M","-0.92%"
"10/26/2011","76.35","78.94","78.94","75.64","4.41M","-3.22%"
"10/25/2011","78.89","78.66","79.90","78.05","3.27M","0.20%"
"10/24/2011","78.73","77.39","78.86","76.57","2.21M","1.72%"
"10/21/2011","77.40","76.41","77.40","75.64","2.12M","2.25%"
"10/20/2011","75.70","75.75","76.05","74.81","1.37M","0.30%"
"10/19/2011","75.47","75.90","76.68","75.21","1.23M","-0.67%"
"10/18/2011","75.98","74.80","76.42","74.23","1.96M","1.69%"
"10/17/2011","74.72","75.75","76.45","74.56","2.48M","-1.67%"
"10/14/2011","75.99","77.01","77.10","75.73","1.74M","-0.55%"
"10/13/2011","76.41","75.90","76.59","75.28","1.14M","0.37%"
"10/12/2011","76.13","76.63","76.92","75.96","1.44M","-0.25%"
"10/11/2011","76.32","75.46","76.60","75.46","1.60M","0.75%"
"10/10/2011","75.75","75.24","75.81","74.51","1.54M","2.36%"
"10/07/2011","74.00","73.60","74.80","73.08","2.39M","1.19%"
"10/06/2011","73.13","72.27","73.73","72.11","2.15M","0.88%"
"10/05/2011","72.49","73.10","73.77","71.97","2.97M","-0.29%"
"10/04/2011","72.70","70.45","72.76","70.37","2.25M","2.16%"
"10/03/2011","71.16","72.58","73.29","71.11","2.72M","-2.04%"
"09/30/2011","72.64","71.69","73.40","71.53","3.35M","0.21%"
"09/29/2011","72.49","74.25","74.39","71.00","3.62M","-1.13%"
"09/28/2011","73.32","74.30","74.92","73.24","1.83M","-1.28%"
"09/27/2011","74.27","75.17","75.23","73.71","2.93M","0.66%"
"09/26/2011","73.78","72.98","73.80","72.19","4.82M","2.34%"
"09/23/2011","72.09","73.48","74.72","71.74","4.78M","-1.44%"
"09/22/2011","73.14","70.87","74.21","70.77","5.40M","0.67%"
"09/21/2011","72.65","75.47","75.73","72.65","4.05M","-3.70%"
"09/20/2011","75.44","76.94","76.99","75.32","3.06M","-1.63%"
"09/19/2011","76.69","75.06","77.04","74.84","3.55M","0.87%"
"09/16/2011","76.03","75.28","76.21","74.51","4.10M","0.78%"
"09/15/2011","75.44","73.76","75.50","73.76","2.04M","2.53%"
"09/14/2011","73.58","73.07","74.50","72.61","2.81M","1.20%"
"09/13/2011","72.71","72.62","74.22","72.16","3.09M","0.65%"
"09/12/2011","72.24","70.50","72.29","70.50","2.53M","0.94%"
"09/09/2011","71.57","71.16","71.98","70.53","2.55M","-0.51%"
"09/08/2011","71.94","72.55","73.00","71.82","1.74M","-1.37%"
"09/07/2011","72.94","72.10","73.18","71.43","1.67M","2.42%"
"09/06/2011","71.22","69.67","71.33","69.10","2.35M","-0.21%"
"09/02/2011","71.37","72.14","72.66","71.13","2.20M","-2.30%"
"09/01/2011","73.05","74.40","75.00","72.95","2.35M","-1.54%"
"08/31/2011","74.19","74.58","74.75","73.67","1.81M","0.12%"
"08/30/2011","74.10","73.21","74.57","72.50","2.19M","0.04%"
"08/29/2011","74.07","73.81","74.46","73.14","1.87M","1.12%"
"08/26/2011","73.25","71.71","73.27","70.52","1.84M","1.68%"
"08/25/2011","72.04","73.53","73.75","71.73","2.00M","-1.67%"
"08/24/2011","73.26","71.77","73.29","71.52","1.71M","1.92%"
"08/23/2011","71.88","70.23","71.98","70.11","2.53M","2.80%"
"08/22/2011","69.92","70.40","70.77","69.40","1.99M","0.76%"
"08/19/2011","69.39","68.33","70.23","68.17","3.03M","0.01%"
"08/18/2011","69.38","69.74","69.96","68.32","4.17M","-2.54%"
"08/17/2011","71.19","71.00","71.66","70.62","2.37M","0.71%"
"08/16/2011","70.69","69.99","71.93","69.37","3.18M","0.61%"
"08/15/2011","70.26","69.83","70.48","69.42","3.03M","1.65%"
"08/12/2011","69.12","69.66","70.35","68.07","3.26M","0.41%"
"08/11/2011","68.84","66.99","69.70","66.36","3.30M","2.95%"
"08/10/2011","66.87","69.48","69.80","66.68","4.81M","-5.66%"
"08/09/2011","70.88","69.45","70.99","67.06","8.25M","2.87%"
"08/08/2011","68.90","71.65","72.87","68.77","4.90M","-5.38%"
"08/05/2011","72.82","72.04","73.98","71.98","6.41M","2.10%"
"08/04/2011","71.32","72.88","72.96","71.30","3.33M","-3.05%"
"08/03/2011","73.56","73.54","74.01","72.35","3.43M","-0.16%"
"08/02/2011","73.68","73.96","75.11","73.62","4.18M","-1.05%"
"08/01/2011","74.46","76.11","76.11","73.43","3.49M","-1.68%"
"07/29/2011","75.73","74.62","76.94","74.59","3.45M","0.58%"
"07/28/2011","75.29","77.45","77.85","74.44","4.94M","-2.80%"
"07/27/2011","77.46","80.28","80.58","77.22","2.93M","-4.16%"
"07/26/2011","80.82","81.34","81.99","79.94","3.09M","1.92%"
"07/25/2011","79.30","78.91","79.74","78.53","1.51M","-0.38%"
"07/22/2011","79.60","79.88","80.00","78.98","1.27M","-0.70%"
"07/21/2011","80.16","78.79","80.39","78.59","1.79M","2.35%"
"07/20/2011","78.32","78.40","78.80","77.99","1.43M","-0.10%"
"07/19/2011","78.40","77.51","78.67","77.47","1.79M","1.24%"
"07/18/2011","77.44","78.12","78.14","76.96","1.57M","-1.19%"
"07/15/2011","78.37","79.46","79.46","77.61","2.32M","-1.05%"
"07/14/2011","79.20","79.63","79.72","78.94","1.57M","-0.59%"
"07/13/2011","79.67","80.07","80.88","79.44","1.82M","-0.05%"
"07/12/2011","79.71","79.87","80.00","79.25","1.98M","-0.34%"
"07/11/2011","79.98","79.73","80.11","79.51","1.73M","-0.66%"
"07/08/2011","80.51","80.59","81.03","80.31","2.07M","-1.04%"
"07/07/2011","81.36","82.23","82.23","81.24","1.95M","-0.32%"
"07/06/2011","81.62","80.97","81.93","80.93","2.34M","0.80%"
"07/05/2011","80.97","81.63","81.63","80.64","1.31M","-1.22%"
"07/01/2011","81.97","80.87","82.01","80.69","1.20M","1.24%"
"06/30/2011","80.97","80.40","81.27","80.09","1.49M","0.75%"
"06/29/2011","80.37","79.65","80.62","79.55","1.63M","1.17%"
"06/28/2011","79.44","79.79","79.84","79.24","1.65M","-0.29%"
"06/27/2011","79.67","79.43","79.89","79.03","1.19M","0.59%"
"06/24/2011","79.20","79.78","79.81","79.12","1.90M","-0.61%"
"06/23/2011","79.69","79.88","80.04","78.57","1.81M","-0.40%"
"06/22/2011","80.01","80.64","80.94","79.95","1.71M","-0.79%"
"06/21/2011","80.65","80.71","80.95","80.19","1.86M","0.39%"
"06/20/2011","80.34","79.72","80.83","79.72","4.15M","0.41%"
"06/17/2011","80.01","80.47","81.15","79.79","3.14M","0.13%"
"06/16/2011","79.91","79.57","80.35","79.30","2.49M","0.35%"
"06/15/2011","79.63","79.08","80.00","78.99","2.22M","-0.01%"
"06/14/2011","79.64","79.39","80.00","79.11","2.55M","0.99%"
"06/13/2011","78.86","77.72","79.08","77.51","3.05M","2.02%"
"06/10/2011","77.30","77.65","78.01","77.21","2.40M","-0.76%"
"06/09/2011","77.89","77.13","78.02","76.80","1.90M","1.00%"
"06/08/2011","77.12","77.22","77.75","77.02","2.40M","-0.22%"
"06/07/2011","77.29","77.45","77.72","77.26","2.28M","-0.12%"
"06/06/2011","77.38","76.20","77.60","76.10","3.20M","1.44%"
"06/03/2011","76.28","75.22","76.46","75.10","2.56M","0.73%"
"06/02/2011","75.73","75.78","76.39","75.68","2.31M","-0.04%"
"06/01/2011","75.76","77.76","78.11","75.74","2.61M","-2.75%"
"05/31/2011","77.90","77.27","78.11","77.27","2.37M","0.83%"
"05/27/2011","77.26","77.08","77.54","76.68","1.80M","-0.62%"
"05/26/2011","77.74","78.35","78.68","77.54","3.00M","-0.92%"
"05/25/2011","78.46","78.52","78.60","78.00","2.33M","-0.18%"
"05/24/2011","78.60","79.16","79.33","78.51","2.38M","-0.80%"
"05/23/2011","79.23","79.02","79.80","78.79","1.83M","-0.65%"
"05/20/2011","79.75","80.37","80.37","79.53","1.69M","-0.78%"
"05/19/2011","80.38","80.50","80.83","80.08","1.05M","0.46%"
"05/18/2011","80.01","79.59","80.17","79.13","1.32M","0.57%"
"05/17/2011","79.56","79.84","80.38","78.84","2.01M","-0.97%"
"05/16/2011","80.34","79.39","80.52","79.27","2.44M","0.94%"
"05/13/2011","79.59","80.04","80.39","79.42","1.67M","-0.60%"
"05/12/2011","80.07","79.33","80.36","79.25","1.55M","0.87%"
"05/11/2011","79.38","79.50","80.20","79.24","2.28M","-0.09%"
"05/10/2011","79.45","80.24","80.46","79.42","2.19M","-0.60%"
"05/09/2011","79.93","80.02","80.51","79.63","1.71M","-0.03%"
"05/06/2011","79.95","80.47","80.80","79.58","2.05M","0.18%"
"05/05/2011","79.81","78.81","80.40","78.51","2.30M","1.14%"
"05/04/2011","78.91","79.92","80.35","78.78","4.36M","-1.23%"
"05/03/2011","79.89","78.52","80.17","78.50","2.29M","1.46%"
"05/02/2011","78.74","79.35","79.90","78.54","3.13M","-0.64%"
"04/29/2011","79.25","79.06","79.45","78.88","2.08M","0.24%"
"04/28/2011","79.06","79.19","79.33","78.49","2.40M","-0.13%"
"04/27/2011","79.16","79.07","79.81","78.71","1.73M","0.15%"
"04/26/2011","79.04","77.97","79.61","77.84","3.03M","2.07%"
"04/25/2011","77.44","77.48","77.86","77.08","2.46M","-0.44%"
"04/21/2011","77.78","77.86","78.06","77.61","1.91M","-0.13%"
"04/20/2011","77.88","77.67","78.73","77.59","1.98M","1.13%"
"04/19/2011","77.01","77.23","77.50","76.82","1.99M","0.14%"
"04/18/2011","76.90","77.46","77.53","76.54","2.92M","-1.65%"
"04/15/2011","78.19","78.01","78.37","77.48","2.52M","0.59%"
"04/14/2011","77.73","77.87","78.54","75.81","3.85M","-0.74%"
"04/13/2011","78.31","80.44","80.87","77.83","4.25M","-2.56%"
"04/12/2011","80.37","80.52","80.52","80.02","1.86M","-0.17%"
"04/11/2011","80.51","80.34","81.22","80.04","1.82M","0.01%"
"04/08/2011","80.50","81.80","81.92","80.20","1.94M","-1.58%"
"04/07/2011","81.79","81.29","81.80","80.91","1.68M","0.37%"
"04/06/2011","81.49","81.11","81.75","80.85","1.78M","0.47%"
"04/05/2011","81.11","80.55","81.63","80.41","2.01M","0.15%"
"04/04/2011","80.99","80.75","81.24","80.50","1.81M","0.01%"
"04/01/2011","80.98","80.50","81.34","80.36","1.55M","0.72%"
"03/31/2011","80.40","79.84","80.68","79.78","2.90M","0.80%"
"03/30/2011","79.76","80.50","80.67","79.72","2.28M","-0.73%"
"03/29/2011","80.35","80.24","80.57","79.57","1.59M","0.11%"
"03/28/2011","80.26","80.77","81.00","80.11","1.33M","-0.14%"
"03/25/2011","80.37","81.10","81.18","80.34","1.92M","-0.53%"
"03/24/2011","80.80","81.64","81.75","80.61","1.98M","-0.47%"
"03/23/2011","81.18","80.98","81.34","80.60","1.76M","-0.15%"
"03/22/2011","81.30","81.38","81.67","81.01","1.26M","0.09%"
"03/21/2011","81.23","81.32","81.69","81.14","2.28M","0.87%"
"03/18/2011","80.53","81.42","81.49","80.10","3.36M","0.15%"
"03/17/2011","80.41","79.79","80.98","79.45","2.92M","2.55%"
"03/16/2011","78.41","79.28","80.10","78.20","2.60M","-1.59%"
"03/15/2011","79.68","79.42","80.20","78.42","2.41M","-0.98%"
"03/14/2011","80.47","79.74","80.72","79.59","5.27M","0.00%"
"03/11/2011","80.47","79.08","80.78","78.83","2.44M","1.81%"
"03/10/2011","79.04","79.74","80.19","78.82","1.93M","-1.79%"
"03/09/2011","80.48","80.20","80.79","79.96","2.16M","0.26%"
"03/08/2011","80.27","79.32","80.52","79.32","1.88M","1.22%"
"03/07/2011","79.30","79.94","80.50","78.95","1.86M","-0.69%"
"03/04/2011","79.85","80.70","80.80","78.90","2.09M","-1.15%"
"03/03/2011","80.78","79.84","80.89","79.84","1.69M","1.66%"
"03/02/2011","79.46","79.31","79.88","78.87","1.63M","0.43%"
"03/01/2011","79.12","79.47","80.05","78.80","1.96M","-0.05%"
"02/28/2011","79.16","80.51","80.58","79.01","2.43M","-1.19%"
"02/25/2011","80.11","79.69","80.28","79.03","1.98M","-0.14%"
"02/24/2011","80.22","80.14","80.72","79.88","1.50M","0.10%"
"02/23/2011","80.14","80.30","80.78","79.62","1.99M","-0.05%"
"02/22/2011","80.18","81.32","81.42","79.98","1.81M","-1.99%"
"02/18/2011","81.81","81.95","82.09","81.42","1.52M","-0.11%"
"02/17/2011","81.90","81.10","82.09","80.97","1.95M","0.76%"
"02/16/2011","81.28","81.39","81.46","80.54","3.28M","-0.25%"
"02/15/2011","81.48","80.73","81.73","80.22","1.90M","0.69%"
"02/14/2011","80.92","81.77","81.99","80.10","1.79M","-0.94%"
"02/11/2011","81.69","81.57","81.92","81.14","2.61M","-0.24%"
"02/10/2011","81.89","81.85","82.14","81.35","1.91M","-0.46%"
"02/09/2011","82.27","81.31","82.43","81.07","1.76M","1.07%"
"02/08/2011","81.40","81.49","81.85","81.13","1.86M","-0.15%"
"02/07/2011","81.52","80.70","81.74","80.56","3.88M","1.00%"
"02/04/2011","80.71","80.90","80.93","80.21","3.48M","-0.01%"
"02/03/2011","80.72","81.01","81.44","80.38","3.77M","-0.43%"
"02/02/2011","81.07","80.31","81.66","80.11","1.93M","0.60%"
"02/01/2011","80.59","79.68","81.00","79.63","2.69M","1.24%"
"01/31/2011","79.60","78.88","79.63","78.59","2.27M","1.79%"
"01/28/2011","78.20","79.34","80.50","77.79","4.38M","-1.14%"
"01/27/2011","79.10","79.96","81.00","78.57","3.05M","0.91%"
"01/26/2011","78.39","78.94","79.00","77.52","2.84M","-0.86%"
"01/25/2011","79.07","77.86","79.13","77.64","3.05M","1.33%"
"01/24/2011","78.03","78.88","79.18","77.66","6.91M","-1.50%"
"01/21/2011","79.22","79.75","80.16","79.13","4.23M","-0.13%"
"01/20/2011","79.32","77.58","79.33","77.38","4.77M","2.14%"
"01/19/2011","77.66","76.23","78.67","76.23","5.08M","1.46%"
"01/18/2011","76.54","75.03","76.89","75.00","3.79M","2.74%"
"01/14/2011","74.50","73.66","74.61","73.52","2.51M","0.89%"
"01/13/2011","73.84","74.21","74.88","73.75","2.89M","-0.54%"
"01/12/2011","74.24","74.14","74.35","73.79","2.91M","0.80%"
"01/11/2011","73.65","74.00","74.00","73.38","4.61M","0.08%"
"01/10/2011","73.59","73.75","74.18","73.16","4.65M","-0.05%"
"01/07/2011","73.63","73.19","73.89","72.75","4.15M","0.61%"
"01/06/2011","73.18","72.46","73.96","72.19","6.46M","1.75%"
"01/05/2011","71.92","70.13","71.96","70.01","4.47M","2.29%"
"01/04/2011","70.31","69.82","70.62","69.70","2.70M","0.63%"
"01/03/2011","69.87","70.20","70.38","69.62","2.00M","-0.06%"
"12/31/2010","69.91","68.83","69.96","68.65","2.49M","1.78%"
"12/30/2010","68.69","69.31","69.53","68.65","2.32M","-0.64%"
"12/29/2010","69.13","69.73","69.87","69.10","1.77M","-0.65%"
"12/28/2010","69.58","69.37","69.64","68.95","1.45M","0.39%"
"12/27/2010","69.31","69.00","69.41","68.81","1.31M","0.09%"
"12/23/2010","69.25","69.43","69.58","69.00","2.12M","-0.14%"
"12/22/2010","69.35","69.69","69.78","69.31","3.10M","-0.64%"
"12/21/2010","69.80","70.04","70.19","69.50","2.75M","0.22%"
"12/20/2010","69.65","69.79","70.16","69.44","2.41M","-0.60%"
"12/17/2010","70.07","70.28","70.28","69.57","2.83M","-0.43%"
"12/16/2010","70.37","69.90","70.42","69.30","1.78M","0.93%"
"12/15/2010","69.72","69.69","70.08","69.53","1.87M","-0.43%"
"12/14/2010","70.02","68.83","70.32","68.74","2.81M","2.04%"
"12/13/2010","68.62","68.86","69.03","68.38","2.84M","-0.32%"
"12/10/2010","68.84","68.39","68.92","68.31","3.24M","0.78%"
"12/09/2010","68.31","68.95","69.06","68.02","3.69M","-0.61%"
"12/08/2010","68.73","69.37","69.83","68.73","2.56M","-1.04%"
"12/07/2010","69.45","69.34","69.77","68.94","2.52M","0.97%"
"12/06/2010","68.78","69.25","69.27","68.51","1.92M","-0.58%"
"12/03/2010","69.18","69.47","69.96","68.51","2.77M","-0.89%"
"12/02/2010","69.80","69.66","70.10","69.42","3.11M","0.58%"
"12/01/2010","69.40","68.65","69.54","68.65","2.43M","2.00%"
"11/30/2010","68.04","67.70","68.47","67.68","2.38M","-0.23%"
"11/29/2010","68.20","68.00","68.40","67.71","2.56M","-0.87%"
"11/26/2010","68.80","68.59","69.11","68.42","1.44M","-0.52%"
"11/24/2010","69.16","68.65","69.22","68.50","2.77M","1.23%"
"11/23/2010","68.32","68.24","68.91","68.14","2.37M","-0.47%"
"11/22/2010","68.64","69.33","69.41","68.14","7.88M","-1.14%"
"11/19/2010","69.43","69.15","69.74","69.10","7.13M","0.40%"
"11/18/2010","69.15","68.91","69.31","68.09","7.82M","0.88%"
"11/17/2010","68.55","68.82","69.07","67.71","3.62M","-0.19%"
"11/16/2010","68.68","69.16","69.49","68.11","2.73M","-0.99%"
"11/15/2010","69.37","69.73","70.11","69.37","2.48M","-0.17%"
"11/12/2010","69.49","69.90","70.30","69.47","2.85M","-0.88%"
"11/11/2010","70.11","71.23","71.25","69.91","4.86M","-2.52%"
"11/10/2010","71.92","72.46","72.46","71.68","2.47M","-0.87%"
"11/09/2010","72.55","73.34","73.40","72.23","2.10M","-1.01%"
"11/08/2010","73.29","73.36","73.59","72.99","2.12M","0.03%"
"11/05/2010","73.27","71.89","73.70","71.86","3.68M","1.82%"
"11/04/2010","71.96","71.49","72.12","70.60","2.78M","1.45%"
"11/03/2010","70.93","71.77","71.94","70.39","3.34M","-0.99%"
"11/02/2010","71.64","72.00","72.45","70.90","2.47M","0.24%"
"11/01/2010","71.47","71.71","72.20","70.95","1.58M","0.25%"
"10/29/2010","71.29","70.81","71.52","70.75","1.56M","0.38%"
"10/28/2010","71.02","71.35","71.67","70.32","1.85M","0.18%"
"10/27/2010","70.89","71.30","71.55","70.46","2.86M","-1.27%"
"10/26/2010","71.80","71.06","72.13","71.06","2.24M","0.55%"
"10/25/2010","71.41","72.28","72.69","71.28","2.49M","-0.52%"
"10/22/2010","71.78","71.77","71.84","71.15","2.17M","-0.08%"
"10/21/2010","71.84","69.83","71.89","69.83","3.99M","2.88%"
"10/20/2010","69.83","69.44","69.97","69.33","2.93M","0.52%"
"10/19/2010","69.47","68.49","69.70","67.87","6.31M","-0.81%"
"10/18/2010","70.04","69.90","70.19","69.50","2.65M","0.03%"
"10/15/2010","70.02","70.70","70.89","69.65","2.78M","-0.26%"
"10/14/2010","70.20","71.15","71.43","70.07","2.46M","-1.29%"
"10/13/2010","71.12","70.96","71.26","70.73","2.30M","0.81%"
"10/12/2010","70.55","70.68","70.77","69.57","2.09M","0.10%"
"10/11/2010","70.48","70.18","70.61","69.55","2.21M","0.54%"
"10/08/2010","70.10","70.86","70.87","69.97","2.95M","-0.75%"
"10/07/2010","70.63","70.99","71.16","70.25","1.80M","-0.38%"
"10/06/2010","70.90","70.38","71.50","70.38","3.68M","0.42%"
"10/05/2010","70.60","69.96","70.87","69.35","2.75M","1.80%"
"10/04/2010","69.35","69.63","70.54","69.25","3.41M","-0.37%"
"10/01/2010","69.61","71.53","71.55","69.00","7.53M","-2.34%"
"09/30/2010","71.28","72.33","72.49","71.09","3.43M","-0.85%"
"09/29/2010","71.89","72.16","72.40","71.33","3.27M","-0.80%"
"09/28/2010","72.47","72.51","72.60","71.82","1.72M","0.12%"
"09/27/2010","72.38","73.24","73.45","72.36","2.36M","-1.03%"
"09/24/2010","73.13","71.71","73.19","71.31","2.71M","2.04%"
"09/23/2010","71.67","71.39","72.16","71.20","2.33M","-0.18%"
"09/22/2010","71.80","71.35","72.30","71.21","2.69M","0.21%"
"09/21/2010","71.65","70.58","72.06","70.51","3.12M","1.33%"
"09/20/2010","70.71","70.00","70.92","69.52","2.86M","1.38%"
"09/17/2010","69.75","68.81","70.13","68.77","3.77M","1.81%"
"09/16/2010","68.51","68.38","68.84","68.26","1.67M","0.04%"
"09/15/2010","68.48","68.41","68.77","68.19","2.19M","0.00%"
"09/14/2010","68.48","69.45","69.58","68.41","3.00M","-1.40%"
"09/13/2010","69.45","71.07","71.18","69.08","2.69M","-1.32%"
"09/10/2010","70.38","69.39","70.56","69.19","2.24M","1.46%"
"09/09/2010","69.37","69.70","69.93","69.15","1.89M","0.74%"
"09/08/2010","68.86","68.85","69.61","68.62","3.57M","-1.05%"
"09/07/2010","69.59","70.66","70.70","69.49","2.06M","-1.60%"
"09/03/2010","70.72","70.78","70.93","70.38","2.04M","0.57%"
"09/02/2010","70.32","69.78","70.32","69.65","2.83M","0.56%"
"09/01/2010","69.93","70.09","70.64","69.78","3.23M","0.59%"
"08/31/2010","69.52","69.93","70.20","69.36","2.71M","-1.00%"
"08/30/2010","70.22","70.65","71.14","70.14","1.87M","-2.84%"
"08/27/2010","72.27","71.93","72.30","71.18","1.74M","1.02%"
"08/26/2010","71.54","71.74","72.32","71.33","1.33M","-0.18%"
"08/25/2010","71.67","70.79","72.08","70.00","2.50M","0.59%"
"08/24/2010","71.25","71.94","72.09","71.13","2.42M","-1.70%"
"08/23/2010","72.48","73.68","73.72","72.41","2.50M","-0.98%"
"08/20/2010","73.20","72.48","73.35","72.48","2.47M","0.16%"
"08/19/2010","73.08","73.33","73.72","72.66","3.11M","-0.79%"
"08/18/2010","73.66","72.50","73.91","72.29","2.96M","1.71%"
"08/17/2010","72.42","72.40","73.37","71.96","3.63M","0.67%"
"08/16/2010","71.94","72.42","72.42","71.51","3.38M","-1.07%"
"08/13/2010","72.72","72.24","73.52","72.22","2.10M","0.33%"
"08/12/2010","72.48","72.37","72.93","72.00","2.16M","-0.88%"
"08/11/2010","73.12","74.10","74.20","72.75","2.66M","-2.57%"
"08/10/2010","75.05","75.24","75.25","73.62","2.13M","-0.73%"
"08/09/2010","75.60","75.18","75.74","75.14","979.36K","0.71%"
"08/06/2010","75.07","74.40","75.07","74.20","1.32M","0.05%"
"08/05/2010","75.03","74.50","75.68","74.25","2.71M","0.01%"
"08/04/2010","75.02","75.59","75.59","74.91","2.63M","-0.54%"
"08/03/2010","75.43","75.81","75.81","75.27","1.83M","-0.62%"
"08/02/2010","75.90","75.84","76.00","74.98","1.78M","1.00%"
"07/30/2010","75.15","74.26","75.44","74.26","2.69M","0.27%"
"07/29/2010","74.95","75.71","75.71","74.13","1.92M","-0.39%"
"07/28/2010","75.24","75.07","75.67","74.25","1.76M","0.49%"
"07/27/2010","74.87","75.30","76.34","74.78","3.36M","-0.01%"
"07/26/2010","74.88","73.85","75.27","73.85","3.18M","1.26%"
"07/23/2010","73.95","74.38","74.83","73.90","2.89M","-0.40%"
"07/22/2010","74.25","74.41","74.81","73.78","3.11M","0.80%"
"07/21/2010","73.66","74.28","74.59","73.14","3.11M","-0.32%"
"07/20/2010","73.90","73.15","73.98","72.35","2.91M","-0.20%"
"07/19/2010","74.05","74.34","74.74","73.73","1.37M","0.16%"
"07/16/2010","73.93","75.61","76.09","73.83","1.96M","-2.66%"
"07/15/2010","75.95","75.58","76.15","75.01","2.15M","0.60%"
"07/14/2010","75.50","75.22","76.23","75.04","2.44M","-0.04%"
"07/13/2010","75.53","75.10","75.98","75.10","1.96M","1.06%"
"07/12/2010","74.74","74.94","75.19","74.24","1.55M","-0.66%"
"07/09/2010","75.24","75.93","76.01","74.61","2.00M","-1.20%"
"07/08/2010","76.15","75.58","76.21","75.22","2.07M","0.98%"
"07/07/2010","75.41","74.28","75.48","73.80","2.17M","1.45%"
"07/06/2010","74.33","75.03","75.32","73.65","1.81M","-0.15%"
"07/02/2010","74.44","74.74","75.02","73.89","1.50M","-0.03%"
"07/01/2010","74.46","74.50","74.96","73.78","2.33M","-0.05%"
"06/30/2010","74.50","75.00","75.52","74.36","2.66M","-0.86%"
"06/29/2010","75.15","77.08","77.34","74.62","3.11M","-3.13%"
"06/28/2010","77.58","78.35","78.64","77.58","1.60M","-0.60%"
"06/25/2010","78.05","78.12","78.50","77.58","3.09M","-0.09%"
"06/24/2010","78.12","79.44","80.02","78.00","1.73M","-1.97%"
"06/23/2010","79.69","80.07","80.57","79.24","2.23M","-0.21%"
"06/22/2010","79.86","79.96","81.14","79.77","1.89M","-0.26%"
"06/21/2010","80.07","81.45","81.70","79.61","2.15M","-0.77%"
"06/18/2010","80.69","81.09","81.09","80.01","2.61M","-0.32%"
"06/17/2010","80.95","80.96","81.44","79.99","1.83M","-0.31%"
"06/16/2010","81.20","80.46","81.60","80.42","1.21M","0.45%"
"06/15/2010","80.84","80.19","80.89","79.95","2.17M","1.47%"
"06/14/2010","79.67","79.25","80.67","79.25","2.31M","1.17%"
"06/11/2010","78.75","77.81","78.86","77.42","1.46M","0.36%"
"06/10/2010","78.47","77.97","78.83","77.52","2.10M","1.46%"
"06/09/2010","77.34","77.04","78.54","77.00","2.26M","0.44%"
"06/08/2010","77.00","76.30","77.28","75.74","2.30M","0.89%"
"06/07/2010","76.32","77.99","77.99","76.22","2.47M","-1.38%"
"06/04/2010","77.39","78.76","78.76","77.17","2.28M","-2.91%"
"06/03/2010","79.71","79.81","80.32","79.34","1.80M","-0.11%"
"06/02/2010","79.80","79.30","79.84","78.46","2.55M","0.80%"
"06/01/2010","79.17","79.85","80.90","78.97","1.81M","-0.94%"
"05/28/2010","79.92","80.42","80.75","79.72","1.91M","-0.79%"
"05/27/2010","80.56","80.60","80.60","79.62","2.49M","1.04%"
"05/26/2010","79.73","80.94","81.37","79.71","3.55M","-0.83%"
"05/25/2010","80.40","78.56","80.76","78.19","4.26M","0.75%"
"05/24/2010","79.80","80.76","81.11","79.67","2.51M","-1.68%"
"05/21/2010","81.16","76.27","81.19","76.06","5.90M","4.66%"
"05/20/2010","77.55","79.32","79.59","77.55","3.52M","-3.66%"
"05/19/2010","80.50","80.77","81.01","78.98","2.57M","-0.62%"
"05/18/2010","81.00","81.61","82.71","80.63","3.01M","-0.38%"
"05/17/2010","81.31","80.97","81.70","80.18","2.60M","0.64%"
"05/14/2010","80.79","81.78","82.16","80.10","2.42M","-1.89%"
"05/13/2010","82.35","83.45","83.92","82.06","2.18M","-1.27%"
"05/12/2010","83.41","83.49","84.02","82.96","2.43M","0.37%"
"05/11/2010","83.10","83.01","83.95","82.64","2.42M","-0.62%"
"05/10/2010","83.62","83.98","84.89","82.64","2.66M","2.89%"
"05/07/2010","81.27","82.33","83.26","80.55","4.11M","-1.91%"
"05/06/2010","82.85","84.50","85.73","78.74","3.67M","-2.35%"
"05/05/2010","84.84","84.44","85.94","84.44","2.06M","-0.66%"
"05/04/2010","85.40","86.28","86.31","85.00","2.42M","-1.56%"
"05/03/2010","86.75","85.29","86.98","85.03","1.49M","2.19%"
"04/30/2010","84.89","86.24","86.87","84.89","1.56M","-1.71%"
"04/29/2010","86.37","85.44","86.65","85.44","1.53M","1.66%"
"04/28/2010","84.96","84.88","85.23","83.89","1.76M","0.54%"
"04/27/2010","84.50","85.99","86.27","84.19","2.89M","-1.85%"
"04/26/2010","86.09","87.03","87.06","85.92","1.55M","-0.95%"
"04/23/2010","86.92","86.73","86.92","85.94","1.33M","0.29%"
"04/22/2010","86.67","85.89","86.78","85.41","2.70M","0.49%"
"04/21/2010","86.25","84.84","86.85","84.29","2.37M","1.51%"
"04/20/2010","84.97","84.52","85.42","84.26","2.28M","0.91%"
"04/19/2010","84.20","82.95","84.28","82.87","2.26M","1.46%"
"04/16/2010","82.99","83.31","83.54","82.03","2.60M","-0.28%"
"04/15/2010","83.22","82.68","83.58","82.61","1.45M","0.74%"
"04/14/2010","82.61","82.63","82.69","81.49","1.86M","0.01%"
"04/13/2010","82.60","82.84","82.92","82.14","1.27M","-0.39%"
"04/12/2010","82.92","82.72","83.20","82.53","1.14M","0.16%"
"04/09/2010","82.79","82.44","82.82","81.88","1.08M","0.73%"
"04/08/2010","82.19","82.23","82.59","81.99","1.32M","0.00%"
"04/07/2010","82.19","82.22","82.81","81.97","1.62M","-0.40%"
"04/06/2010","82.52","83.62","83.62","82.28","2.23M","-1.57%"
"04/05/2010","83.84","84.00","84.49","83.57","1.15M","-0.05%"
"04/01/2010","83.88","83.61","84.25","83.20","1.86M","0.79%"
"03/31/2010","83.22","83.88","83.88","82.89","2.26M","-1.03%"
"03/30/2010","84.09","84.70","85.03","83.61","1.55M","-0.86%"
"03/29/2010","84.82","84.54","85.23","84.53","1.34M","0.69%"
"03/26/2010","84.24","83.94","84.58","83.53","1.67M","0.85%"
"03/25/2010","83.53","83.93","84.58","83.49","1.53M","-0.42%"
"03/24/2010","83.88","84.68","84.71","83.46","2.09M","-1.06%"
"03/23/2010","84.78","85.50","85.75","84.42","3.33M","-1.09%"
"03/22/2010","85.71","85.39","86.35","85.12","3.01M","-1.37%"
"03/19/2010","86.90","86.82","87.19","86.10","4.03M","1.12%"
"03/18/2010","85.94","84.74","86.13","84.34","2.92M","1.27%"
"03/17/2010","84.86","84.77","85.20","84.50","2.59M","0.28%"
"03/16/2010","84.62","84.30","84.99","84.14","4.09M","0.59%"
"03/15/2010","84.12","83.14","84.26","83.06","2.63M","1.24%"
"03/12/2010","83.09","83.09","83.35","82.58","2.01M","0.07%"
"03/11/2010","83.03","82.20","83.24","80.32","3.12M","0.54%"
"03/10/2010","82.58","82.49","82.96","82.23","2.31M","0.44%"
"03/09/2010","82.22","81.01","82.45","80.84","2.55M","1.39%"
"03/08/2010","81.09","81.19","81.97","81.07","2.44M","-0.22%"
"03/05/2010","81.27","79.42","81.33","79.42","3.19M","2.52%"
"03/04/2010","79.27","79.19","79.83","78.61","1.85M","0.53%"
"03/03/2010","78.85","79.73","80.05","78.72","1.96M","-0.45%"
"03/02/2010","79.21","79.22","80.09","78.97","2.73M","0.44%"
"03/01/2010","78.86","77.75","79.42","77.69","2.44M","1.41%"
"02/26/2010","77.76","76.89","77.94","76.70","2.64M","1.00%"
"02/25/2010","76.99","76.00","77.04","75.62","2.05M","-0.73%"
"02/24/2010","77.56","77.17","77.69","76.93","2.38M","0.86%"
"02/23/2010","76.90","76.84","78.05","76.74","2.90M","-0.05%"
"02/22/2010","76.94","77.19","77.73","76.55","3.03M","-0.35%"
"02/19/2010","77.21","77.19","77.46","76.64","2.80M","-0.16%"
"02/18/2010","77.33","76.17","77.44","76.15","2.69M","1.26%"
"02/17/2010","76.37","76.15","76.77","75.52","2.06M","0.45%"
"02/16/2010","76.03","75.92","76.33","75.48","2.53M","0.60%"
"02/12/2010","75.58","75.73","75.96","75.02","2.48M","-1.01%"
"02/11/2010","76.35","74.90","76.42","74.51","3.43M","1.65%"
"02/10/2010","75.11","75.35","75.59","74.70","2.80M","-0.45%"
"02/09/2010","75.45","75.17","75.99","74.70","3.70M","1.23%"
"02/08/2010","74.53","75.68","75.86","74.47","4.31M","-1.57%"
"02/05/2010","75.72","75.85","76.62","74.04","5.03M","-0.37%"
"02/04/2010","76.00","76.25","77.12","75.95","4.99M","-0.90%"
"02/03/2010","76.69","76.18","76.95","75.84","2.65M","0.18%"
"02/02/2010","76.55","75.00","76.76","74.89","3.00M","2.22%"
"02/01/2010","74.89","75.34","75.34","74.28","2.78M","0.50%"
"01/29/2010","74.52","76.16","76.45","74.37","3.25M","-2.14%"
"01/28/2010","76.15","78.43","78.47","75.25","3.54M","-1.27%"
"01/27/2010","77.13","76.69","77.34","76.00","3.05M","0.46%"
"01/26/2010","76.78","76.42","77.35","75.85","2.84M","0.03%"
"01/25/2010","76.76","76.25","77.48","75.82","2.56M","1.56%"
"01/22/2010","75.58","76.75","77.31","75.50","2.07M","-1.82%"
"01/21/2010","76.98","78.05","78.58","76.47","2.30M","-1.45%"
"01/20/2010","78.11","77.81","78.30","76.82","3.13M","-0.26%"
"01/19/2010","78.31","76.80","78.70","76.55","3.77M","2.02%"
"01/15/2010","76.76","76.96","77.19","76.33","2.04M","-0.10%"
"01/14/2010","76.84","76.79","77.03","76.15","1.95M","-0.05%"
"01/13/2010","76.88","76.16","77.02","75.71","2.25M","1.21%"
"01/12/2010","75.96","75.75","76.47","75.31","2.12M","-0.01%"
"01/11/2010","75.97","75.76","76.19","75.19","1.97M","0.48%"
"01/08/2010","75.61","74.35","75.94","74.32","3.63M","1.61%"
"01/07/2010","74.41","76.17","76.20","73.61","7.04M","-2.74%"
"01/06/2010","76.51","76.10","77.19","75.85","5.21M","-1.47%"
"01/05/2010","77.65","76.62","77.79","76.55","2.36M","1.04%"
"01/04/2010","76.85","75.87","76.95","75.52","2.41M","1.99%"