"Date","Price","Open","High","Low","Vol.","Change %"
"08/21/2026","551.03","566.14","567.51","550.18","926.94K","-2.28%"
"08/20/2026","563.86","580.74","586.00","563.42","1.24M","-3.26%"
"08/19/2026","582.84","583.35","591.54","578.85","671.75K","-1.07%"
"08/18/2026","589.14","579.07","594.51","576.20","764.08K","3.32%"
"08/17/2026","570.20","581.85","584.96","569.24","660.15K","-2.67%"
"08/14/2026","585.87","579.36","586.36","574.44","599.41K","1.94%"
"08/13/2026","574.74","578.72","579.94","571.92","409.58K","-0.45%"
"08/12/2026","577.32","571.07","580.03","569.51","626.63K","0.28%"
"08/11/2026","575.69","575.94","580.75","572.98","430.42K","-0.38%"
"08/10/2026","577.89","575.00","581.59","573.11","643.27K","1.10%"
"08/07/2026","571.58","566.80","572.75","560.54","443.00K","0.68%"
"08/06/2026","567.74","563.81","568.68","559.00","604.03K","1.84%"
"08/05/2026","557.47","555.88","557.57","549.77","628.22K","1.07%"
"08/04/2026","551.55","547.77","555.00","541.09","753.10K","0.56%"
"08/03/2026","548.47","546.02","557.61","543.53","673.03K","1.10%"
"07/31/2026","542.48","534.85","545.22","530.08","852.89K","1.43%"
"07/30/2026","534.85","529.07","535.03","519.77","774.93K","-0.04%"
"07/29/2026","535.05","554.35","554.93","534.24","760.95K","-2.58%"
"07/28/2026","549.22","558.00","565.42","548.58","944.46K","0.30%"
"07/27/2026","547.58","542.44","552.00","542.22","680.28K","0.98%"
"07/24/2026","542.24","535.50","544.67","534.45","655.19K","1.64%"
"07/23/2026","533.48","537.19","546.76","526.36","1.08M","1.56%"
"07/22/2026","525.28","523.09","535.64","518.47","1.06M","2.54%"
"07/21/2026","512.29","490.00","514.14","479.02","2.45M","-2.23%"
"07/20/2026","523.96","523.48","533.07","522.74","1.03M","0.46%"
"07/17/2026","521.57","525.07","538.96","520.66","1.05M","0.56%"
"07/16/2026","518.65","525.81","529.44","517.16","1.27M","-1.25%"
"07/15/2026","525.22","531.88","535.92","524.87","824.64K","-0.65%"
"07/14/2026","528.67","536.88","544.11","527.94","773.51K","-2.43%"
"07/13/2026","541.82","540.52","545.54","536.85","633.64K","0.41%"
"07/10/2026","539.63","534.67","541.08","529.93","455.89K","1.39%"
"07/09/2026","532.23","537.55","539.65","528.02","938.27K","-2.36%"
"07/08/2026","545.11","546.04","548.15","539.00","955.39K","-0.72%"
"07/07/2026","549.04","551.04","552.63","544.28","702.95K","0.24%"
"07/06/2026","547.75","547.00","548.51","537.37","917.81K","-0.23%"
"07/02/2026","549.01","527.89","549.01","527.89","1.74M","5.59%"
"07/01/2026","519.95","514.44","525.31","511.08","902.81K","2.09%"
"06/30/2026","509.31","499.76","509.57","495.10","1.29M","2.68%"
"06/29/2026","496.02","502.00","503.81","493.84","1.15M","-0.80%"
"06/26/2026","500.03","501.75","507.28","498.13","1.58M","0.14%"
"06/25/2026","499.33","501.00","512.43","498.75","775.31K","-0.73%"
"06/24/2026","503.01","515.14","517.13","502.77","1.22M","-1.99%"
"06/23/2026","513.22","519.07","519.63","509.48","790.76K","1.16%"
"06/22/2026","507.33","515.59","516.07","503.68","1.12M","-2.72%"
"06/18/2026","521.50","552.14","553.50","515.38","2.40M","-5.21%"
"06/17/2026","550.15","549.00","558.80","544.35","709.55K","-0.19%"
"06/16/2026","551.21","545.90","554.20","544.35","741.42K","1.19%"
"06/15/2026","544.73","542.35","546.07","536.74","1.07M","-1.02%"
"06/12/2026","550.33","553.00","554.06","546.99","800.97K","-0.40%"
"06/11/2026","552.52","543.87","559.70","541.38","896.88K","1.91%"
"06/10/2026","542.14","552.90","552.92","541.00","751.21K","-1.19%"
"06/09/2026","548.67","538.35","548.75","537.44","968.16K","1.45%"
"06/08/2026","540.81","542.03","546.86","531.50","1.03M","-0.66%"
"06/05/2026","544.40","550.00","551.96","540.16","1.07M","-0.14%"
"06/04/2026","545.17","532.50","545.43","531.33","1.01M","3.63%"
"06/03/2026","526.06","533.54","538.43","525.73","1.22M","-1.96%"
"06/02/2026","536.59","535.17","538.43","531.80","1.33M","-0.49%"
"06/01/2026","539.22","559.93","559.93","538.62","1.32M","-4.34%"
"05/29/2026","563.68","561.31","563.93","551.03","1.98M","0.78%"
"05/28/2026","559.29","552.26","560.55","551.34","1.06M","1.44%"
"05/27/2026","551.34","552.35","555.49","548.55","520.73K","-0.98%"
"05/26/2026","556.80","557.73","558.99","550.34","607.12K","0.22%"
"05/22/2026","555.58","552.54","557.69","550.49","652.27K","0.73%"
"05/21/2026","551.58","553.62","555.96","546.76","799.53K","-0.11%"
"05/20/2026","552.17","556.06","556.06","547.57","966.27K","-0.75%"
"05/19/2026","556.34","552.95","557.09","550.08","829.90K","1.15%"
"05/18/2026","550.00","540.00","552.75","539.00","1.29M","1.72%"
"05/15/2026","540.69","548.72","552.80","539.14","648.91K","-1.45%"
"05/14/2026","548.65","553.54","555.97","547.28","524.72K","-0.57%"
"05/13/2026","551.80","554.35","554.35","544.10","568.21K","-1.16%"
"05/12/2026","558.30","550.00","559.46","546.57","684.92K","1.84%"
"05/11/2026","548.21","546.00","554.25","544.12","667.70K","-0.24%"
"05/08/2026","549.52","554.97","555.03","544.24","742.68K","-0.50%"
"05/07/2026","552.27","559.23","561.32","548.30","841.48K","-1.31%"
"05/06/2026","559.60","558.97","560.62","551.25","772.80K","0.18%"
"05/05/2026","558.60","570.05","570.50","553.41","923.67K","-1.48%"
"05/04/2026","567.00","567.31","577.50","565.19","708.09K","-0.20%"
"05/01/2026","568.14","578.74","580.86","568.09","647.15K","-1.96%"
"04/30/2026","579.48","574.14","580.74","573.25","649.74K","1.24%"
"04/29/2026","572.41","578.00","582.13","567.33","683.93K","-0.94%"
"04/28/2026","577.82","581.96","582.99","570.66","585.91K","0.44%"
"04/27/2026","575.28","577.00","588.26","569.56","932.25K","0.03%"
"04/24/2026","575.11","582.32","582.78","569.00","1.04M","-2.14%"
"04/23/2026","587.66","592.57","596.50","583.23","1.39M","-0.33%"
"04/22/2026","589.62","611.10","615.00","583.50","1.30M","-3.52%"
"04/21/2026","611.13","640.00","653.00","610.39","1.63M","-6.98%"
"04/20/2026","656.98","667.00","673.34","653.36","787.93K","-1.24%"
"04/17/2026","665.26","671.02","677.75","663.02","745.38K","-1.12%"
"04/16/2026","672.77","679.10","680.41","669.90","670.49K","-0.86%"
"04/15/2026","678.59","680.66","682.88","676.00","547.39K","-0.23%"
"04/14/2026","680.13","678.46","681.68","674.55","535.51K","-0.17%"
"04/13/2026","681.31","677.72","683.87","677.01","515.99K","1.13%"
"04/10/2026","673.73","685.34","687.00","665.00","499.99K","-2.44%"
"04/09/2026","690.57","689.70","698.53","685.00","777.24K","0.45%"
"04/08/2026","687.47","677.47","690.79","673.50","1.30M","-0.44%"
"04/07/2026","690.50","690.14","696.78","686.39","608.49K","-0.76%"
"04/06/2026","695.79","701.00","703.06","687.95","792.55K","-0.96%"
"04/02/2026","702.50","700.70","708.55","698.19","613.28K","0.79%"
"04/01/2026","697.00","689.34","702.18","684.75","551.45K","2.16%"
"03/31/2026","682.24","679.86","685.52","667.28","551.31K","1.59%"
"03/30/2026","671.59","689.04","693.01","663.92","927.45K","-1.09%"
"03/27/2026","679.00","692.26","693.84","677.96","581.87K","-1.88%"
"03/26/2026","691.99","689.65","696.93","687.47","543.20K","0.11%"
"03/25/2026","691.21","685.48","692.79","681.80","579.72K","1.33%"
"03/24/2026","682.16","670.00","689.29","668.20","730.96K","0.32%"
"03/23/2026","680.00","705.85","706.73","678.74","1.23M","-3.81%"
"03/20/2026","706.95","714.72","717.34","701.00","1.72M","-1.01%"
"03/19/2026","714.15","719.08","728.00","707.01","849.92K","-1.47%"
"03/18/2026","724.84","729.99","731.17","720.00","545.69K","0.11%"
"03/17/2026","724.03","734.44","736.87","720.80","764.79K","-1.62%"
"03/16/2026","735.96","733.53","737.40","726.17","604.69K","0.31%"
"03/13/2026","733.71","739.95","746.89","728.34","481.85K","-0.35%"
"03/12/2026","736.30","736.44","746.18","726.58","753.64K","0.43%"
"03/11/2026","733.18","730.74","742.10","728.57","622.72K","-0.24%"
"03/10/2026","734.98","738.00","744.97","730.19","642.32K","-1.65%"
"03/09/2026","747.34","763.00","765.58","744.57","910.40K","-1.16%"
"03/06/2026","756.13","742.27","758.68","738.01","772.87K","2.18%"
"03/05/2026","740.01","749.64","751.94","734.35","919.56K","-1.83%"
"03/04/2026","753.84","757.50","758.28","737.75","1.21M","-0.69%"
"03/03/2026","759.11","768.85","774.00","751.87","1.30M","-1.16%"
"03/02/2026","768.02","745.00","768.22","739.81","1.47M","6.02%"
"02/27/2026","724.38","720.00","727.29","714.81","896.42K","1.90%"
"02/26/2026","710.90","703.00","713.81","700.17","588.07K","1.03%"
"02/25/2026","703.65","727.40","728.50","691.03","1.63M","-3.31%"
"02/24/2026","727.73","726.56","734.58","710.47","734.96K","0.32%"
"02/23/2026","725.39","721.26","731.45","719.42","567.19K","0.25%"
"02/20/2026","723.56","735.00","737.75","718.01","744.14K","-1.81%"
"02/19/2026","736.87","727.26","745.55","727.26","1.01M","1.66%"
"02/18/2026","724.83","709.97","725.55","702.49","1.19M","3.38%"
"02/17/2026","701.12","702.56","708.00","698.73","614.51K","-0.21%"
"02/13/2026","702.57","696.80","709.00","696.26","676.16K","1.08%"
"02/12/2026","695.06","680.75","696.72","679.92","887.44K","2.39%"
"02/11/2026","678.83","682.34","688.11","674.75","865.35K","-0.90%"
"02/10/2026","685.00","702.32","702.32","684.37","956.32K","-1.87%"
"02/09/2026","698.02","712.15","715.61","698.00","694.08K","-1.56%"
"02/06/2026","709.11","702.00","711.88","699.53","635.16K","1.81%"
"02/05/2026","696.50","680.25","704.18","679.00","845.70K","0.98%"
"02/04/2026","689.75","705.75","709.39","677.39","1.73M","-2.16%"
"02/03/2026","704.98","694.20","707.66","685.50","942.71K","2.91%"
"02/02/2026","685.02","685.00","690.47","675.40","1.18M","-1.05%"
"01/30/2026","692.26","688.00","697.67","681.10","953.19K","-0.44%"
"01/29/2026","695.35","695.45","705.45","686.05","1.06M","0.90%"
"01/28/2026","689.13","674.46","690.74","664.00","1.22M","1.53%"
"01/27/2026","678.74","649.65","683.01","636.00","1.36M","2.69%"
"01/26/2026","660.97","670.00","671.45","659.11","1.02M","-1.78%"
"01/23/2026","672.95","674.20","677.30","668.51","597.95K","0.37%"
"01/22/2026","670.44","661.18","671.10","660.00","602.17K","0.95%"
"01/21/2026","664.16","658.97","669.63","654.66","1.01M","1.04%"
"01/20/2026","657.30","665.93","674.75","653.02","1.00M","-1.44%"
"01/16/2026","666.90","657.60","669.68","657.26","969.32K","1.88%"
"01/15/2026","654.61","640.37","658.41","632.98","965.72K","0.23%"
"01/14/2026","653.14","625.00","654.52","624.85","1.48M","4.42%"
"01/13/2026","625.50","639.16","639.79","619.68","1.15M","-0.61%"
"01/12/2026","629.32","623.63","635.76","623.38","1.26M","1.70%"
"01/09/2026","618.82","590.68","619.78","590.68","1.45M","4.74%"
"01/08/2026","590.79","617.88","638.84","585.95","3.61M","2.39%"
"01/07/2026","577.01","616.42","617.99","574.51","1.67M","-5.50%"
"01/06/2026","610.61","614.56","619.20","606.82","997.99K","-0.12%"
"01/05/2026","611.32","593.96","611.37","591.20","941.89K","4.38%"
"01/02/2026","585.66","569.59","585.85","564.50","477.42K","2.71%"
"12/31/2025","570.21","575.21","577.00","570.02","419.63K","-0.76%"
"12/30/2025","574.57","578.89","580.12","574.31","526.28K","-0.56%"
"12/29/2025","577.78","577.92","580.76","576.88","250.06K","0.07%"
"12/26/2025","577.37","582.71","582.71","575.45","230.39K","-0.86%"
"12/24/2025","582.35","581.23","587.29","581.14","202.61K","0.39%"
"12/23/2025","580.06","585.28","586.00","576.70","564.76K","-0.79%"
"12/22/2025","584.66","568.90","585.28","568.90","530.05K","2.85%"
"12/19/2025","568.46","558.47","570.96","557.97","1.33M","1.60%"
"12/18/2025","559.52","564.00","569.93","558.06","950.16K","-0.83%"
"12/17/2025","564.19","562.79","572.30","557.59","761.81K","-0.80%"
"12/16/2025","568.72","573.50","574.20","565.84","488.15K","-1.23%"
"12/15/2025","575.79","569.14","575.79","568.57","448.89K","1.06%"
"12/12/2025","569.76","563.19","571.60","560.50","784.47K","1.74%"
"12/11/2025","560.04","557.56","568.66","556.93","618.25K","0.84%"
"12/10/2025","555.36","549.00","558.61","546.52","680.05K","0.86%"
"12/09/2025","550.63","554.12","557.74","550.25","411.02K","-0.53%"
"12/08/2025","553.56","549.00","553.61","546.51","706.02K","0.84%"
"12/05/2025","548.97","551.50","552.28","544.16","785.55K","-0.73%"
"12/04/2025","553.00","552.84","560.00","551.55","753.13K","-0.06%"
"12/03/2025","553.32","549.56","554.52","546.49","889.96K","1.16%"
"12/02/2025","546.97","546.68","551.28","545.17","779.36K","0.27%"
"12/01/2025","545.51","567.73","568.50","543.66","795.04K","-4.67%"
"11/28/2025","572.25","567.35","573.68","566.63","421.75K","0.91%"
"11/26/2025","567.11","569.61","582.60","567.08","445.84K","-0.41%"
"11/25/2025","569.42","565.70","574.50","565.70","919.54K","0.68%"
"11/24/2025","565.56","562.92","566.27","560.00","731.70K","-0.20%"
"11/21/2025","566.70","568.28","571.67","563.08","943.95K","-0.11%"
"11/20/2025","567.35","570.88","573.26","563.51","688.17K","0.42%"
"11/19/2025","565.00","560.39","567.20","557.46","665.42K","-0.31%"
"11/18/2025","566.76","565.00","573.30","564.17","1.05M","0.66%"
"11/17/2025","563.03","559.98","563.08","556.29","913.01K","0.90%"
"11/14/2025","558.00","557.75","562.03","553.36","742.58K","0.00%"
"11/13/2025","558.00","563.24","563.41","556.84","828.40K","-0.10%"
"11/12/2025","558.57","565.18","569.15","558.40","669.77K","-1.44%"
"11/11/2025","566.74","564.48","570.79","559.00","743.41K","0.67%"
"11/10/2025","562.98","564.80","567.06","557.39","1.08M","-0.99%"
"11/07/2025","568.61","571.97","571.97","562.44","646.06K","-0.59%"
"11/06/2025","571.96","570.00","578.04","569.95","610.82K","0.26%"
"11/05/2025","570.50","572.77","579.53","569.74","535.80K","-1.15%"
"11/04/2025","577.14","574.49","579.59","568.40","494.37K","0.30%"
"11/03/2025","575.41","580.44","581.19","571.68","657.83K","-1.38%"
"10/31/2025","583.45","579.15","586.63","575.82","840.20K","0.84%"
"10/30/2025","578.60","585.94","591.73","577.74","1.10M","-1.09%"
"10/29/2025","584.99","590.00","594.22","582.51","723.54K","-1.69%"
"10/28/2025","595.05","594.50","598.95","591.24","714.93K","-0.15%"
"10/27/2025","595.95","604.87","605.65","595.00","501.26K","-1.59%"
"10/24/2025","605.58","606.35","608.50","597.08","564.83K","-0.03%"
"10/23/2025","605.74","599.73","609.82","598.01","655.58K","1.55%"
"10/22/2025","596.48","597.07","605.96","595.65","1.12M","-0.48%"
"10/21/2025","599.35","589.96","604.89","571.36","1.75M","-0.44%"
"10/20/2025","602.00","599.66","602.90","596.21","1.08M","1.26%"
"10/17/2025","594.50","597.00","601.65","591.68","825.20K","-0.75%"
"10/16/2025","598.98","611.00","611.80","597.59","781.93K","-1.63%"
"10/15/2025","608.93","625.05","627.05","600.08","666.90K","-2.87%"
"10/14/2025","626.93","619.48","627.41","618.07","437.59K","1.30%"
"10/13/2025","618.88","619.97","624.05","616.90","452.76K","-0.74%"
"10/10/2025","623.49","633.36","635.24","619.41","660.10K","-1.81%"
"10/09/2025","635.01","638.00","640.90","631.37","1.01M","-0.46%"
"10/08/2025","637.95","630.00","638.54","625.55","939.16K","2.63%"
"10/07/2025","621.63","622.85","627.81","618.40","838.23K","0.50%"
"10/06/2025","618.52","609.12","619.71","609.00","540.31K","1.47%"
"10/03/2025","609.54","607.00","610.64","605.30","435.95K","0.75%"
"10/02/2025","605.01","603.80","607.26","601.96","453.95K","-0.07%"
"10/01/2025","605.42","607.22","610.85","603.01","558.36K","-0.64%"
"09/30/2025","609.32","593.10","610.12","593.10","803.10K","2.58%"
"09/29/2025","593.99","598.31","604.13","591.51","777.14K","-0.09%"
"09/26/2025","594.52","589.49","594.96","586.85","511.02K","1.49%"
"09/25/2025","585.77","590.00","593.75","582.48","1.07M","-0.09%"
"09/24/2025","586.27","580.64","589.60","577.00","784.17K","1.59%"
"09/23/2025","577.08","576.00","580.66","571.08","656.28K","0.16%"
"09/22/2025","576.15","573.69","577.65","570.26","566.75K","0.54%"
"09/19/2025","573.03","571.91","576.15","565.50","1.48M","-0.13%"
"09/18/2025","573.75","572.00","576.98","568.32","798.95K","-0.58%"
"09/17/2025","577.08","579.10","585.00","576.39","790.27K","-0.39%"
"09/16/2025","579.36","578.00","587.24","575.95","1.10M","0.84%"
"09/15/2025","574.54","574.00","576.47","571.11","804.62K","-0.25%"
"09/12/2025","575.96","582.34","583.13","575.18","717.91K","-1.20%"
"09/11/2025","582.95","579.31","585.76","578.00","901.13K","0.53%"
"09/10/2025","579.87","571.24","580.84","570.00","547.46K","1.44%"
"09/09/2025","571.63","580.46","580.49","571.44","482.59K","-1.76%"
"09/08/2025","581.90","574.99","582.13","571.36","814.13K","0.19%"
"09/05/2025","580.80","579.34","581.16","574.82","633.71K","0.18%"
"09/04/2025","579.76","581.71","581.94","576.00","505.55K","-0.22%"
"09/03/2025","581.01","586.53","588.00","577.69","463.17K","-1.41%"
"09/02/2025","589.32","591.88","596.16","585.26","635.90K","-0.12%"
"08/29/2025","590.04","587.90","591.57","587.08","528.59K","0.36%"
"08/28/2025","587.90","586.61","587.94","580.90","479.16K","0.22%"
"08/27/2025","586.61","594.55","594.55","585.04","679.48K","-1.08%"
"08/26/2025","593.02","588.39","595.85","588.11","1.00M","1.07%"
"08/25/2025","586.74","592.00","595.40","586.05","478.20K","-0.96%"
"08/22/2025","592.44","599.79","600.99","591.37","616.74K","-0.80%"
"08/21/2025","597.21","593.00","598.83","591.31","610.29K","0.79%"
"08/20/2025","592.54","589.84","595.32","587.77","610.48K","1.08%"
"08/19/2025","586.23","584.00","589.48","582.22","470.84K","0.24%"
"08/18/2025","584.82","587.47","592.22","583.54","922.40K","0.15%"
"08/15/2025","583.96","583.41","586.75","580.92","667.58K","0.04%"
"08/14/2025","583.72","583.89","585.28","580.93","543.33K","0.28%"
"08/13/2025","582.09","582.49","586.89","576.22","745.68K","0.22%"
"08/12/2025","580.80","579.21","581.63","577.62","643.89K","0.10%"
"08/11/2025","580.24","579.81","583.78","575.45","744.80K","-0.15%"
"08/08/2025","581.11","587.71","591.07","579.15","749.48K","-1.07%"
"08/07/2025","587.38","583.21","588.23","580.00","626.64K","-0.32%"
"08/06/2025","589.29","590.00","593.48","586.70","992.56K","-0.11%"
"08/05/2025","589.95","590.22","594.68","586.01","905.82K","0.03%"
"08/04/2025","589.75","585.69","592.16","584.13","970.35K","0.56%"
"08/01/2025","586.44","577.14","587.88","572.95","1.01M","1.70%"
"07/31/2025","576.61","572.00","577.38","568.89","850.67K","0.66%"
"07/30/2025","572.81","572.94","573.81","568.71","661.77K","-0.07%"
"07/29/2025","573.22","571.40","573.30","568.19","682.78K","0.81%"
"07/28/2025","568.62","569.24","570.00","563.64","679.71K","-0.20%"
"07/25/2025","569.74","568.00","570.16","563.30","635.76K","0.22%"
"07/24/2025","568.48","568.25","576.86","566.58","974.95K","0.00%"
"07/23/2025","568.50","562.35","568.67","551.80","1.25M","0.84%"
"07/22/2025","563.79","536.01","567.12","535.52","2.40M","9.41%"
"07/21/2025","515.29","518.31","523.98","514.39","832.87K","-0.72%"
"07/18/2025","519.04","523.35","528.27","515.64","874.06K","-0.91%"
"07/17/2025","523.83","519.00","525.52","518.64","621.05K","0.79%"
"07/16/2025","519.70","516.84","520.78","514.06","483.66K","0.56%"
"07/15/2025","516.82","519.40","523.46","516.15","539.57K","-0.82%"
"07/14/2025","521.11","517.00","523.76","513.33","790.44K","1.27%"
"07/11/2025","514.60","513.70","515.20","508.02","748.97K","0.14%"
"07/10/2025","513.87","506.55","514.93","504.98","624.13K","1.17%"
"07/09/2025","507.94","505.81","508.40","502.30","608.96K","0.61%"
"07/08/2025","504.85","501.00","506.93","500.83","669.57K","-0.60%"
"07/07/2025","507.92","506.20","509.60","503.20","653.56K","0.74%"
"07/03/2025","504.20","500.26","505.19","498.61","381.83K","1.06%"
"07/02/2025","498.90","493.00","499.02","489.52","817.52K","-0.92%"
"07/01/2025","503.53","499.95","504.81","496.38","651.57K","0.71%"
"06/30/2025","499.98","495.31","501.08","493.96","644.14K","1.21%"
"06/27/2025","494.00","490.95","494.68","489.26","874.36K","0.07%"
"06/26/2025","493.66","489.19","497.04","487.68","876.45K","1.38%"
"06/25/2025","486.92","488.00","488.46","483.84","724.83K","0.60%"
"06/24/2025","484.00","494.80","495.12","481.28","930.62K","-3.14%"
"06/23/2025","499.67","500.81","508.32","496.44","978.83K","0.40%"
"06/20/2025","497.70","496.62","499.86","488.00","916.35K","0.62%"
"06/18/2025","494.65","504.42","506.60","493.58","792.68K","-1.85%"
"06/17/2025","503.97","502.00","505.85","498.06","764.30K","1.30%"
"06/16/2025","497.52","510.81","515.00","495.58","1.17M","-3.72%"
"06/13/2025","516.72","504.00","519.43","503.20","1.84M","3.94%"
"06/12/2025","497.13","488.82","497.32","487.95","635.18K","1.77%"
"06/11/2025","488.46","483.57","488.71","472.02","895.25K","-0.07%"
"06/10/2025","488.80","491.53","491.53","486.64","535.91K","-0.52%"
"06/09/2025","491.36","490.00","492.11","483.76","617.72K","0.40%"
"06/06/2025","489.41","488.59","491.43","486.56","372.48K","0.26%"
"06/05/2025","488.12","492.95","492.95","484.53","634.32K","-0.65%"
"06/04/2025","491.29","490.00","495.90","488.05","766.89K","0.63%"
"06/03/2025","488.22","483.00","488.63","481.75","578.46K","1.00%"
"06/02/2025","483.38","481.13","483.85","478.92","765.35K","-0.29%"
"05/30/2025","484.77","480.00","485.99","475.06","1.30M","1.12%"
"05/29/2025","479.39","471.18","480.25","468.50","864.03K","0.86%"
"05/28/2025","475.32","477.74","478.09","473.70","924.35K","-0.03%"
"05/27/2025","475.47","471.62","475.66","470.30","868.71K","0.85%"
"05/23/2025","471.46","472.07","472.97","468.29","679.24K","-0.30%"
"05/22/2025","472.88","471.53","475.65","468.98","922.36K","-0.22%"
"05/21/2025","473.90","481.11","481.11","472.34","902.98K","-0.57%"
"05/20/2025","476.60","469.89","477.87","469.89","1.00M","1.16%"
"05/19/2025","471.12","476.12","476.12","469.28","959.07K","-0.43%"
"05/16/2025","473.17","469.61","473.56","466.38","1.15M","0.88%"
"05/15/2025","469.05","461.44","470.89","459.25","1.12M","2.79%"
"05/14/2025","456.30","461.38","465.00","453.01","1.27M","-3.05%"
"05/13/2025","470.67","478.70","479.98","470.63","883.93K","-1.77%"
"05/12/2025","479.16","479.95","482.79","471.55","1.29M","-0.72%"
"05/09/2025","482.62","484.86","485.12","475.88","639.69K","-0.36%"
"05/08/2025","484.37","486.68","489.84","483.63","920.97K","-0.34%"
"05/07/2025","486.04","486.73","488.70","481.00","875.41K","-0.30%"
"05/06/2025","487.48","491.48","493.09","484.98","655.19K","-1.19%"
"05/05/2025","493.33","493.58","496.21","489.48","830.41K","0.39%"
"05/02/2025","491.42","492.72","498.53","478.77","1.73M","0.98%"
"05/01/2025","486.67","485.17","488.17","482.09","1.19M","0.03%"
"04/30/2025","486.50","484.09","487.82","475.54","1.31M","0.91%"
"04/29/2025","482.10","483.79","487.11","480.00","977.36K","-0.25%"
"04/28/2025","483.31","475.55","487.00","475.55","1.82M","2.14%"
"04/25/2025","473.20","465.30","473.49","458.35","1.33M","2.19%"
"04/24/2025","463.07","469.56","471.24","462.48","1.81M","-2.03%"
"04/23/2025","472.65","466.67","478.82","460.36","1.93M","1.85%"
"04/22/2025","464.08","484.75","494.20","450.13","4.79M","-12.66%"
"04/21/2025","531.33","540.00","540.00","526.45","1.34M","-1.68%"
"04/17/2025","540.39","530.08","544.76","530.08","1.10M","0.54%"
"04/16/2025","537.51","537.11","544.00","534.13","1.38M","1.54%"
"04/15/2025","529.36","534.61","536.55","528.00","927.07K","-1.21%"
"04/14/2025","535.82","529.84","538.68","525.71","714.37K","0.34%"
"04/11/2025","533.99","516.09","537.75","514.19","1.18M","3.47%"
"04/10/2025","516.09","511.47","521.55","503.29","1.07M","0.74%"
"04/09/2025","512.30","483.11","519.50","480.90","1.61M","4.13%"
"04/08/2025","491.97","500.00","503.01","487.58","1.23M","2.16%"
"04/07/2025","481.57","480.14","495.00","472.96","1.97M","-0.81%"
"04/04/2025","485.52","513.50","516.78","484.89","1.69M","-5.76%"
"04/03/2025","515.17","512.56","525.00","512.50","1.06M","0.58%"
"04/02/2025","512.18","510.61","514.50","508.04","750.85K","-0.18%"
"04/01/2025","513.10","514.54","517.31","509.38","710.78K","0.21%"
"03/31/2025","512.01","512.00","518.89","508.48","981.89K","-0.04%"
"03/28/2025","512.19","513.64","516.85","507.13","730.61K","-0.32%"
"03/27/2025","513.82","514.06","518.69","511.91","929.00K","1.32%"
"03/26/2025","507.14","508.81","510.91","504.77","821.13K","0.10%"
"03/25/2025","506.62","498.00","509.42","496.00","991.51K","2.33%"
"03/24/2025","495.08","491.00","495.50","489.09","626.70K","0.89%"
"03/21/2025","490.72","490.21","494.79","483.99","2.08M","0.30%"
"03/20/2025","489.23","490.50","492.83","487.02","685.63K","-0.47%"
"03/19/2025","491.52","490.58","497.66","486.00","846.82K","0.35%"
"03/18/2025","489.81","491.00","494.20","488.23","620.07K","-0.14%"
"03/17/2025","490.50","484.48","492.99","484.19","748.30K","1.15%"
"03/14/2025","484.93","487.29","497.36","483.07","1.40M","-1.15%"
"03/13/2025","490.59","474.61","492.60","471.89","1.33M","3.26%"
"03/12/2025","475.10","489.04","492.00","474.50","1.14M","-3.85%"
"03/11/2025","494.11","494.00","495.45","484.80","1.56M","-0.27%"
"03/10/2025","495.45","486.44","510.21","483.71","1.57M","1.84%"
"03/07/2025","486.52","473.12","491.10","472.23","1.03M","2.38%"
"03/06/2025","475.20","475.65","477.07","465.20","941.68K","0.21%"
"03/05/2025","474.20","466.74","479.64","466.59","1.19M","2.24%"
"03/04/2025","463.83","471.43","480.88","463.14","1.34M","-2.02%"
"03/03/2025","473.41","466.36","473.81","463.16","1.26M","2.53%"
"02/28/2025","461.74","460.75","464.93","455.93","901.03K","0.38%"
"02/27/2025","459.97","455.97","464.00","455.88","1.13M","1.12%"
"02/26/2025","454.87","458.27","458.90","452.73","738.92K","-1.33%"
"02/25/2025","461.01","451.85","462.56","450.84","1.24M","2.46%"
"02/24/2025","449.94","450.23","456.51","449.20","1.51M","0.44%"
"02/21/2025","447.96","437.83","450.09","437.83","1.68M","2.25%"
"02/20/2025","438.11","429.08","439.00","426.24","1.22M","1.08%"
"02/19/2025","433.45","443.47","451.08","430.00","1.78M","-1.79%"
"02/18/2025","441.36","445.35","448.95","439.45","1.07M","0.56%"
"02/14/2025","438.90","453.74","453.99","434.15","2.04M","-3.55%"
"02/13/2025","455.06","472.26","474.74","453.62","1.25M","-3.36%"
"02/12/2025","470.86","472.24","477.47","469.26","807.08K","-0.63%"
"02/11/2025","473.84","475.62","475.83","468.42","539.05K","-0.11%"
"02/10/2025","474.37","469.81","477.08","468.53","804.83K","1.24%"
"02/07/2025","468.58","468.36","474.14","465.87","820.01K","0.44%"
"02/06/2025","466.55","470.85","472.74","462.24","789.95K","-1.23%"
"02/05/2025","472.34","484.99","486.00","470.93","1.08M","-2.08%"
"02/04/2025","482.39","486.60","487.79","481.42","525.93K","-1.10%"
"02/03/2025","487.75","488.41","493.33","481.66","763.38K","0.10%"
"01/31/2025","487.27","484.00","488.10","478.50","795.03K","0.81%"
"01/30/2025","483.37","472.00","485.00","469.73","1.47M","0.38%"
"01/29/2025","481.54","486.64","492.76","480.24","873.55K","-1.05%"
"01/28/2025","486.64","501.11","502.91","485.48","1.04M","-3.30%"
"01/27/2025","503.23","502.39","507.38","497.00","738.23K","1.25%"
"01/24/2025","497.02","497.93","500.00","496.66","556.44K","-0.55%"
"01/23/2025","499.77","506.00","507.64","493.23","780.19K","-0.53%"
"01/22/2025","502.41","504.00","505.26","497.17","1.33M","-0.40%"
"01/21/2025","504.45","490.00","507.67","489.54","1.31M","4.58%"
"01/17/2025","482.38","480.42","483.43","477.36","1.09M","0.25%"
"01/16/2025","481.19","471.33","481.33","470.77","706.64K","1.88%"
"01/15/2025","472.30","476.53","477.70","470.19","646.44K","-0.67%"
"01/14/2025","475.50","473.51","475.98","471.58","554.12K","0.66%"
"01/13/2025","472.38","458.69","477.39","458.69","964.54K","2.98%"
"01/10/2025","458.69","461.36","464.38","455.42","626.43K","-0.76%"
"01/08/2025","462.21","456.02","464.62","453.96","746.60K","2.17%"
"01/07/2025","452.39","454.19","458.55","450.81","1.10M","-0.60%"
"01/06/2025","455.14","465.27","466.22","453.96","873.42K","-2.71%"
"01/03/2025","467.82","467.56","469.61","466.46","624.52K","-0.04%"
"01/02/2025","468.01","471.99","476.09","466.28","598.35K","-0.27%"
"12/31/2024","469.29","466.52","470.52","465.31","439.91K","0.59%"
"12/30/2024","466.52","467.82","469.05","465.18","440.22K","-1.02%"
"12/27/2024","471.35","469.62","474.65","469.03","376.02K","-0.19%"
"12/26/2024","472.23","471.09","474.02","469.67","294.71K","0.24%"
"12/24/2024","471.09","466.69","471.79","465.90","235.08K","0.83%"
"12/23/2024","467.20","469.37","470.26","464.12","581.86K","-0.50%"
"12/20/2024","469.54","467.49","474.40","464.35","1.28M","0.52%"
"12/19/2024","467.13","466.28","470.97","462.81","730.31K","-0.11%"
"12/18/2024","467.66","480.88","483.50","467.12","839.19K","-2.63%"
"12/17/2024","480.29","480.95","486.89","478.39","747.29K","-0.48%"
"12/16/2024","482.60","478.84","484.65","477.48","859.44K","0.54%"
"12/13/2024","480.00","479.99","484.02","477.67","699.63K","-0.31%"
"12/12/2024","481.51","477.00","486.22","473.77","1.32M","1.24%"
"12/11/2024","475.62","480.30","480.86","474.00","1.06M","-0.95%"
"12/10/2024","480.18","477.71","480.68","473.29","789.63K","0.21%"
"12/09/2024","479.17","471.45","482.01","470.60","930.26K","1.17%"
"12/06/2024","473.65","479.61","480.05","470.55","915.77K","-1.23%"
"12/05/2024","479.57","485.80","486.59","478.14","932.69K","-1.45%"
"12/04/2024","486.62","482.74","487.84","481.06","804.73K","0.29%"
"12/03/2024","485.21","485.68","486.30","483.13","683.90K","0.09%"
"12/02/2024","484.75","487.00","489.18","481.91","479.61K","-1.00%"
"11/29/2024","489.65","489.90","490.62","486.60","336.74K","0.12%"
"11/27/2024","489.08","488.27","492.42","488.00","583.43K","0.13%"
"11/26/2024","488.43","486.56","491.74","482.57","849.29K","0.65%"
"11/25/2024","485.27","493.50","493.99","478.42","1.81M","-2.33%"
"11/22/2024","496.87","497.98","500.00","494.31","507.54K","0.09%"
"11/21/2024","496.41","493.90","496.90","489.17","609.79K","0.90%"
"11/20/2024","491.98","490.32","492.95","487.44","533.50K","0.20%"
"11/19/2024","491.02","494.12","497.94","489.65","795.31K","0.48%"
"11/18/2024","488.68","494.85","498.32","487.64","876.01K","-1.07%"
"11/15/2024","493.99","497.56","504.23","490.87","1.43M","-1.27%"
"11/14/2024","500.34","521.00","521.00","492.13","1.19M","-3.86%"
"11/13/2024","520.42","528.75","529.90","518.84","773.46K","-2.06%"
"11/12/2024","531.39","536.15","536.15","529.91","650.23K","-0.43%"
"11/11/2024","533.70","532.93","539.76","532.51","538.46K","0.89%"
"11/08/2024","528.99","523.37","531.27","522.23","495.84K","1.62%"
"11/07/2024","520.58","525.92","525.92","517.45","671.77K","-0.49%"
"11/06/2024","523.14","529.35","529.35","515.44","965.81K","2.00%"
"11/05/2024","512.90","508.94","513.19","505.48","695.56K","1.08%"
"11/04/2024","507.44","507.79","510.99","502.14","455.73K","0.10%"
"11/01/2024","506.95","513.90","513.90","506.33","497.89K","-0.41%"
"10/31/2024","509.02","505.61","511.70","504.06","908.24K","0.73%"
"10/30/2024","505.34","504.05","509.37","501.85","799.18K","0.26%"
"10/29/2024","504.05","512.50","512.66","504.01","582.07K","-1.58%"
"10/28/2024","512.15","519.27","519.27","511.45","680.70K","-1.39%"
"10/25/2024","519.35","525.83","527.75","518.57","516.10K","-0.83%"
"10/24/2024","523.68","515.91","531.00","515.74","1.31M","1.41%"
"10/23/2024","516.40","522.11","522.90","515.44","919.71K","-0.73%"
"10/22/2024","520.20","529.80","529.80","517.82","677.44K","-1.78%"
"10/21/2024","529.65","533.73","536.89","525.83","579.74K","-0.21%"
"10/18/2024","530.79","528.21","530.93","525.60","1.25M","0.53%"
"10/17/2024","527.97","525.17","529.43","522.12","909.23K","-0.65%"
"10/16/2024","531.43","525.08","531.67","525.00","541.22K","0.85%"
"10/15/2024","526.93","535.27","536.12","525.88","710.69K","-1.34%"
"10/14/2024","534.07","530.65","535.00","527.83","334.13K","1.02%"
"10/11/2024","528.70","529.01","531.00","526.53","325.16K","0.31%"
"10/10/2024","527.09","532.21","532.21","525.88","372.88K","-0.97%"
"10/09/2024","532.23","531.55","534.53","528.77","428.54K","-0.08%"
"10/08/2024","532.65","536.01","536.62","531.64","422.54K","-0.25%"
"10/07/2024","533.97","536.26","539.30","531.46","436.20K","-0.52%"
"10/04/2024","536.74","535.82","538.56","534.06","393.95K","-0.16%"
"10/03/2024","537.58","539.85","543.60","535.00","443.74K","-0.24%"
"10/02/2024","538.87","544.49","547.23","538.29","691.04K","-0.92%"
"10/01/2024","543.88","528.18","555.57","525.78","1.20M","2.99%"
"09/30/2024","528.07","526.72","528.94","521.90","957.19K","0.24%"
"09/27/2024","526.79","523.49","528.93","521.97","528.78K","0.47%"
"09/26/2024","524.31","524.33","530.60","523.21","426.08K","-0.72%"
"09/25/2024","528.11","532.18","533.00","525.09","437.26K","-0.33%"
"09/24/2024","529.86","531.03","533.77","526.52","528.10K","-0.62%"
"09/23/2024","533.14","525.24","534.61","523.55","524.05K","1.53%"
"09/20/2024","525.13","521.09","526.82","518.23","1.33M","0.55%"
"09/19/2024","522.26","522.73","523.17","517.44","468.51K","0.12%"
"09/18/2024","521.63","520.75","526.72","516.94","532.79K","0.17%"
"09/17/2024","520.75","515.00","521.91","513.22","423.05K","-0.10%"
"09/16/2024","521.27","524.16","527.50","519.54","338.53K","0.29%"
"09/13/2024","519.78","517.34","521.53","516.09","292.83K","0.24%"
"09/12/2024","518.54","512.59","519.05","512.59","473.59K","0.51%"
"09/11/2024","515.93","517.47","518.45","508.13","650.28K","-0.78%"
"09/10/2024","519.97","525.52","527.01","519.32","561.55K","-0.81%"
"09/09/2024","524.21","517.00","525.10","517.00","642.06K","1.79%"
"09/06/2024","515.00","519.39","522.89","514.73","535.69K","-0.85%"
"09/05/2024","519.39","524.74","525.80","516.33","384.35K","-0.82%"
"09/04/2024","523.68","524.01","528.76","520.20","580.09K","0.19%"
"09/03/2024","522.69","522.65","526.66","520.51","810.74K","-0.10%"
"08/30/2024","523.21","516.50","523.62","516.17","712.85K","0.74%"
"08/29/2024","519.35","514.00","521.52","512.20","509.56K","1.13%"
"08/28/2024","513.56","515.56","517.47","510.14","638.76K","0.22%"
"08/27/2024","512.44","512.05","513.91","508.00","433.96K","0.09%"
"08/26/2024","512.00","510.36","512.34","508.81","515.22K","0.52%"
"08/23/2024","509.34","510.00","510.40","505.24","555.06K","-0.06%"
"08/22/2024","509.63","506.21","511.87","506.21","500.87K","0.55%"
"08/21/2024","506.86","508.91","509.42","504.87","527.26K","-0.23%"
"08/20/2024","508.04","504.50","508.06","500.52","452.95K","0.63%"
"08/19/2024","504.87","506.75","508.47","503.52","344.27K","-0.35%"
"08/16/2024","506.66","504.42","507.73","502.12","580.33K","0.59%"
"08/15/2024","503.70","504.63","505.23","501.32","611.76K","-0.26%"
"08/14/2024","505.00","501.47","507.53","500.83","720.13K","0.52%"
"08/13/2024","502.38","501.49","502.51","496.45","780.96K","0.14%"
"08/12/2024","501.66","495.49","502.69","492.00","922.80K","1.48%"
"08/09/2024","494.34","492.47","495.86","487.00","519.17K","0.61%"
"08/08/2024","491.32","487.67","495.32","484.86","544.39K","0.32%"
"08/07/2024","489.75","483.36","495.05","480.68","739.97K","0.66%"
"08/06/2024","486.53","493.23","495.50","485.95","741.62K","-1.24%"
"08/05/2024","492.63","497.48","506.83","486.29","967.47K","-0.39%"
"08/02/2024","494.55","495.98","505.00","485.70","1.05M","0.24%"
"08/01/2024","493.36","485.80","494.65","483.40","997.83K","1.87%"
"07/31/2024","484.32","486.54","489.38","482.85","1.45M","-0.50%"
"07/30/2024","486.73","476.58","489.06","475.02","745.12K","1.98%"
"07/29/2024","477.29","481.05","482.54","475.24","877.42K","-0.63%"
"07/26/2024","480.30","477.56","484.45","472.11","1.16M","2.07%"
"07/25/2024","470.57","460.93","472.83","458.93","2.05M","6.43%"
"07/24/2024","442.12","444.44","445.95","437.02","1.30M","-0.04%"
"07/23/2024","442.30","439.44","443.64","437.00","681.27K","0.96%"
"07/22/2024","438.10","437.60","438.87","435.11","790.73K","0.04%"
"07/19/2024","437.94","442.55","442.55","434.80","720.02K","-0.38%"
"07/18/2024","439.61","437.44","445.86","437.44","891.22K","-0.13%"
"07/17/2024","440.17","434.71","441.83","433.94","1.14M","1.15%"
"07/16/2024","435.16","431.21","436.05","431.20","641.32K","0.75%"
"07/15/2024","431.92","434.01","436.45","431.07","624.41K","-0.07%"
"07/12/2024","432.24","435.00","437.69","431.63","692.10K","0.05%"
"07/11/2024","432.02","425.06","433.20","424.66","761.21K","1.36%"
"07/10/2024","426.24","422.69","426.59","422.69","717.71K","0.59%"
"07/09/2024","423.73","430.00","430.39","423.68","910.41K","-1.52%"
"07/08/2024","430.25","435.15","436.13","429.41","728.02K","-1.03%"
"07/05/2024","434.73","437.09","437.09","432.49","436.71K","-0.54%"
"07/03/2024","437.09","436.98","438.51","434.85","303.98K","-0.06%"
"07/02/2024","437.37","434.72","437.48","433.66","504.04K","0.54%"
"07/01/2024","435.00","437.60","440.50","433.23","719.10K","-0.22%"
"06/28/2024","435.95","436.31","438.10","433.95","1.10M","0.24%"
"06/27/2024","434.91","432.54","437.60","431.99","981.63K","0.79%"
"06/26/2024","431.49","430.33","433.23","427.11","779.47K","0.70%"
"06/25/2024","428.48","430.91","431.55","428.43","724.37K","-0.51%"
"06/24/2024","430.67","433.90","437.70","428.84","1.08M","-0.33%"
"06/21/2024","432.09","431.74","433.53","427.02","1.89M","-0.55%"
"06/20/2024","434.48","425.56","436.80","425.56","863.83K","2.03%"
"06/18/2024","425.83","430.29","432.89","424.95","963.09K","-0.92%"
"06/17/2024","429.78","423.04","431.04","422.19","1.03M","1.34%"
"06/14/2024","424.09","422.09","424.11","418.60","1.09M","0.16%"
"06/13/2024","423.42","426.58","426.81","420.25","1.39M","-0.87%"
"06/12/2024","427.15","430.23","432.31","424.40","1.33M","-0.62%"
"06/11/2024","429.82","434.25","436.00","428.97","1.39M","-1.37%"
"06/10/2024","435.77","440.00","441.87","435.07","1.01M","-0.97%"
"06/07/2024","440.04","443.85","445.85","439.82","716.69K","-1.07%"
"06/06/2024","444.78","442.40","446.37","441.50","673.55K","0.54%"
"06/05/2024","442.37","447.66","448.18","441.30","993.90K","-1.34%"
"06/04/2024","448.39","449.29","450.25","447.35","530.70K","-0.21%"
"06/03/2024","449.33","449.20","453.40","448.84","1.09M","-0.32%"
"05/31/2024","450.77","446.30","451.93","445.32","2.87M","0.95%"
"05/30/2024","446.52","448.48","450.16","444.83","1.26M","0.03%"
"05/29/2024","446.39","453.60","453.76","446.19","1.34M","-2.00%"
"05/28/2024","455.50","465.13","465.13","455.06","848.47K","-2.34%"
"05/24/2024","466.43","465.45","467.52","464.86","420.86K","-0.17%"
"05/23/2024","467.21","472.08","475.05","466.24","947.08K","-1.58%"
"05/22/2024","474.69","470.97","475.34","470.35","556.38K","0.59%"
"05/21/2024","471.90","470.72","473.96","468.57","579.64K","0.63%"
"05/20/2024","468.94","471.90","472.09","468.09","689.39K","-0.27%"
"05/17/2024","470.22","471.87","471.87","468.21","966.74K","-0.10%"
"05/16/2024","470.69","470.32","472.42","467.63","842.41K","0.22%"
"05/15/2024","469.65","471.85","473.23","466.33","682.33K","-0.93%"
"05/14/2024","474.07","477.75","479.21","473.85","505.81K","-0.54%"
"05/13/2024","476.65","475.20","480.73","475.20","507.09K","0.39%"
"05/10/2024","474.80","474.26","476.30","472.42","579.02K","0.29%"
"05/09/2024","473.43","471.54","474.52","471.54","868.96K","0.39%"
"05/08/2024","471.61","474.61","475.76","471.36","866.62K","-0.45%"
"05/07/2024","473.75","470.69","474.85","468.96","734.32K","1.04%"
"05/06/2024","468.86","470.34","471.26","467.31","862.32K","-0.05%"
"05/03/2024","469.09","475.65","477.52","465.23","1.44M","-1.24%"
"05/02/2024","475.00","484.91","488.48","474.33","1.37M","-2.34%"
"05/01/2024","486.37","485.12","490.27","483.41","1.16M","0.28%"
"04/30/2024","485.03","486.45","488.06","483.53","908.98K","-0.24%"
"04/29/2024","486.22","481.50","486.28","480.74","753.66K","1.20%"
"04/26/2024","480.45","487.56","488.35","477.71","1.37M","-1.56%"
"04/25/2024","488.06","468.77","490.60","465.00","1.37M","2.84%"
"04/24/2024","474.57","475.09","477.12","470.78","1.12M","-0.02%"
"04/23/2024","474.68","473.58","476.77","470.41","1.37M","0.79%"
"04/22/2024","470.98","464.93","472.45","462.07","1.01M","1.82%"
"04/19/2024","462.58","455.59","463.50","453.07","1.21M","2.23%"
"04/18/2024","452.50","449.88","456.70","449.88","846.25K","0.10%"
"04/17/2024","452.05","452.92","453.85","448.43","818.19K","0.38%"
"04/16/2024","450.35","453.08","456.15","450.05","953.36K","-0.21%"
"04/15/2024","451.29","461.96","464.61","446.22","2.01M","-1.06%"
"04/12/2024","456.11","462.03","468.20","455.82","1.05M","-0.38%"
"04/11/2024","457.83","456.59","459.93","454.78","692.84K","-0.02%"
"04/10/2024","457.91","452.60","458.76","449.77","983.05K","0.71%"
"04/09/2024","454.66","452.83","455.10","450.43","855.42K","-0.37%"
"04/08/2024","456.36","456.12","457.95","454.81","1.51M","0.41%"
"04/05/2024","454.50","457.51","459.02","452.50","1.53M","-1.08%"
"04/04/2024","459.48","458.00","464.65","455.60","2.22M","0.54%"
"04/03/2024","457.01","465.33","467.60","456.81","1.27M","-2.00%"
"04/02/2024","466.36","472.09","473.99","465.01","801.67K","-1.06%"
"04/01/2024","471.35","478.39","478.82","470.92","794.74K","-1.53%"
"03/28/2024","478.66","479.00","480.75","478.00","632.46K","0.27%"
"03/27/2024","477.36","472.83","477.89","471.96","823.09K","1.59%"
"03/26/2024","469.91","469.50","473.06","468.60","503.96K","0.13%"
"03/25/2024","469.32","471.32","472.00","467.90","447.01K","0.12%"
"03/22/2024","468.75","468.97","471.29","467.60","615.41K","0.27%"
"03/21/2024","467.49","471.94","473.56","467.30","798.06K","-0.69%"
"03/20/2024","470.75","468.63","471.41","466.62","617.30K","0.70%"
"03/19/2024","467.48","465.00","467.50","462.63","726.84K","1.10%"
"03/18/2024","462.39","461.00","463.52","459.05","540.80K","0.14%"
"03/15/2024","461.75","457.88","464.39","457.88","1.00M","0.19%"
"03/14/2024","460.86","458.00","461.39","457.23","669.88K","0.57%"
"03/13/2024","458.23","458.56","462.20","458.03","698.53K","-0.13%"
"03/12/2024","458.84","456.55","460.90","454.53","1.21M","-0.09%"
"03/11/2024","459.25","459.48","462.24","458.35","552.49K","-0.05%"
"03/08/2024","459.50","455.01","459.89","453.14","475.58K","0.68%"
"03/07/2024","456.40","459.21","459.59","454.26","796.37K","-1.01%"
"03/06/2024","461.07","458.16","463.83","457.88","546.18K","0.61%"
"03/05/2024","458.26","463.23","464.58","457.96","1.25M","-0.40%"
"03/04/2024","460.08","456.00","461.23","455.45","692.84K","1.14%"
"03/01/2024","454.90","461.00","461.00","453.82","1.27M","-1.33%"
"02/29/2024","461.02","458.38","461.50","455.41","927.20K","0.45%"
"02/28/2024","458.95","459.61","462.08","457.21","534.69K","0.13%"
"02/27/2024","458.36","457.58","459.27","454.00","421.08K","-0.21%"
"02/26/2024","459.34","462.27","465.75","458.88","618.60K","-0.38%"
"02/23/2024","461.10","455.82","461.56","455.54","574.67K","0.89%"
"02/22/2024","457.05","458.68","459.44","451.51","1.80M","-0.64%"
"02/21/2024","460.00","454.68","461.09","453.76","1.28M","1.34%"
"02/20/2024","453.91","453.22","460.54","452.85","1.37M","0.65%"
"02/16/2024","450.96","450.37","452.87","448.01","1.02M","0.21%"
"02/15/2024","450.00","447.25","451.66","446.45","974.71K","0.81%"
"02/14/2024","446.37","447.50","450.00","443.00","1.00M","0.04%"
"02/13/2024","446.17","453.76","455.58","443.15","1.02M","-1.17%"
"02/12/2024","451.47","455.00","455.64","451.31","723.45K","-0.76%"
"02/09/2024","454.92","452.11","455.56","450.52","906.75K","0.82%"
"02/08/2024","451.22","452.86","454.15","449.81","527.82K","-0.59%"
"02/07/2024","453.90","448.17","453.93","448.17","748.26K","1.28%"
"02/06/2024","448.17","442.00","449.92","440.94","587.89K","1.33%"
"02/05/2024","442.28","443.93","445.82","440.23","1.66M","-0.96%"
"02/02/2024","446.58","445.78","447.74","441.50","1.62M","0.08%"
"02/01/2024","446.22","446.77","447.77","442.70","2.18M","-0.12%"
"01/31/2024","446.76","445.38","449.70","444.54","3.21M","0.74%"
"01/30/2024","443.50","443.00","445.06","437.33","2.32M","1.18%"
"01/29/2024","438.31","440.00","442.55","435.15","857.14K","0.08%"
"01/26/2024","437.96","435.74","439.27","431.52","1.15M","0.78%"
"01/25/2024","434.55","446.60","449.00","426.00","2.29M","-6.33%"
"01/24/2024","463.92","466.62","472.99","462.81","1.19M","-0.85%"
"01/23/2024","467.92","466.54","470.89","464.82","1.08M","0.28%"
"01/22/2024","466.62","469.42","470.77","466.29","871.23K","-0.82%"
"01/19/2024","470.48","475.37","475.37","469.36","1.37M","-0.87%"
"01/18/2024","474.63","475.14","476.22","468.52","875.83K","0.16%"
"01/17/2024","473.88","477.34","482.90","473.58","612.22K","-0.84%"
"01/16/2024","477.90","481.50","482.17","476.03","734.62K","-0.66%"
"01/12/2024","481.08","468.77","481.46","468.77","701.36K","2.94%"
"01/11/2024","467.34","472.61","473.05","465.33","544.62K","-0.98%"
"01/10/2024","471.95","472.00","477.08","471.11","499.28K","-0.06%"
"01/09/2024","472.23","475.30","477.82","470.00","617.52K","-0.64%"
"01/08/2024","475.26","466.03","475.40","465.21","658.96K","1.14%"
"01/05/2024","469.89","472.72","472.72","467.20","511.54K","-0.39%"
"01/04/2024","471.73","481.31","483.78","471.65","791.72K","-0.66%"
"01/03/2024","474.88","474.44","483.83","470.84","773.57K","1.02%"
"01/02/2024","470.09","469.19","476.36","467.27","742.53K","0.42%"
"12/29/2023","468.14","466.21","468.93","465.02","403.46K","0.53%"
"12/28/2023","465.68","463.40","467.41","463.20","387.69K","0.31%"
"12/27/2023","464.22","462.90","465.85","462.60","378.38K","-0.06%"
"12/26/2023","464.50","462.56","465.76","462.40","419.96K","0.30%"
"12/22/2023","463.13","461.45","465.43","461.45","362.30K","0.85%"
"12/21/2023","459.22","458.60","461.89","458.29","484.02K","0.45%"
"12/20/2023","457.16","462.71","463.85","457.14","598.45K","-1.51%"
"12/19/2023","464.16","465.04","467.33","462.59","600.06K","-0.27%"
"12/18/2023","465.42","462.27","466.76","460.51","757.96K","0.95%"
"12/15/2023","461.05","460.60","462.48","455.00","1.75M","-0.56%"
"12/14/2023","463.66","479.59","480.00","461.69","1.21M","-4.40%"
"12/13/2023","485.01","480.43","486.39","478.98","778.32K","1.20%"
"12/12/2023","479.25","479.55","481.69","477.47","379.41K","0.10%"
"12/11/2023","478.76","476.97","480.92","476.91","429.35K","0.53%"
"12/08/2023","476.25","478.72","479.84","475.36","411.32K","-0.26%"
"12/07/2023","477.48","482.22","483.66","476.34","530.51K","-0.59%"
"12/06/2023","480.29","475.21","481.14","475.21","446.46K","0.77%"
"12/05/2023","476.61","480.43","480.43","475.28","637.02K","-0.77%"
"12/04/2023","480.33","478.49","480.56","474.96","1.08M","0.10%"
"12/01/2023","479.84","476.39","480.58","475.11","696.19K","0.98%"
"11/30/2023","475.16","469.22","476.27","468.39","701.26K","1.66%"
"11/29/2023","467.41","470.28","471.41","464.44","554.50K","-0.57%"
"11/28/2023","470.08","470.53","473.57","468.81","550.53K","0.36%"
"11/27/2023","468.39","470.81","470.81","465.56","482.28K","-0.66%"
"11/24/2023","471.52","471.50","473.61","470.34","191.24K","0.01%"
"11/22/2023","471.45","468.71","472.94","467.76","589.91K","0.08%"
"11/21/2023","471.07","465.82","472.02","462.51","448.96K","1.13%"
"11/20/2023","465.82","464.52","467.92","462.87","594.18K","0.36%"
"11/17/2023","464.17","464.34","466.27","463.21","519.87K","0.06%"
"11/16/2023","463.88","466.15","467.08","462.85","429.88K","-0.24%"
"11/15/2023","464.99","466.00","467.84","462.75","649.58K","-0.39%"
"11/14/2023","466.83","463.00","468.68","460.57","1.06M","0.53%"
"11/13/2023","464.38","464.03","466.21","462.03","1.02M","0.24%"
"11/10/2023","463.27","461.55","464.24","458.33","758.55K","0.47%"
"11/09/2023","461.09","461.25","462.45","457.16","971.39K","0.13%"
"11/08/2023","460.48","467.67","469.58","459.52","952.86K","-1.54%"
"11/07/2023","467.70","473.30","473.30","464.77","1.01M","-0.70%"
"11/06/2023","471.00","472.62","474.37","469.70","636.80K","0.09%"
"11/03/2023","470.58","475.80","477.00","470.13","785.83K","-1.09%"
"11/02/2023","475.77","465.32","476.10","463.69","1.35M","1.60%"
"11/01/2023","468.26","474.75","474.75","467.14","841.14K","-0.67%"
"10/31/2023","471.43","470.33","471.90","463.84","1.09M","0.59%"
"10/30/2023","468.68","473.67","475.00","467.40","1.03M","-0.93%"
"10/27/2023","473.07","474.99","478.52","468.90","805.73K","-0.99%"
"10/26/2023","477.78","486.50","492.00","474.01","1.55M","-1.13%"
"10/25/2023","483.26","482.41","486.30","480.04","1.06M","1.01%"
"10/24/2023","478.44","484.21","487.14","477.98","771.94K","-0.45%"
"10/23/2023","480.60","486.27","487.90","480.44","802.02K","-1.05%"
"10/20/2023","485.70","492.13","494.77","485.60","920.38K","-0.87%"
"10/19/2023","489.94","488.58","493.43","487.63","671.95K","-0.17%"
"10/18/2023","490.76","493.00","495.99","488.29","740.18K","0.36%"
"10/17/2023","489.00","487.81","496.89","483.89","1.18M","-0.01%"
"10/16/2023","489.07","492.18","495.00","482.58","959.99K","-0.22%"
"10/13/2023","490.15","482.39","490.99","480.35","1.47M","2.69%"
"10/12/2023","477.31","474.00","479.42","471.07","1.08M","0.83%"
"10/11/2023","473.37","467.25","474.64","466.31","865.81K","1.77%"
"10/10/2023","465.12","473.86","474.98","462.63","1.38M","-1.38%"
"10/09/2023","471.61","448.80","474.48","448.73","2.86M","11.43%"
"10/06/2023","423.24","419.00","425.32","414.56","947.75K","0.75%"
"10/05/2023","420.07","422.16","424.26","419.86","792.12K","-0.53%"
"10/04/2023","422.29","430.79","431.75","420.12","900.18K","-2.77%"
"10/03/2023","434.31","442.21","443.57","433.66","844.54K","-1.79%"
"10/02/2023","442.22","440.41","445.75","440.41","889.35K","0.46%"
"09/29/2023","440.19","439.90","442.53","438.15","790.14K","0.16%"
"09/28/2023","439.50","441.39","443.23","438.61","997.40K","0.52%"
"09/27/2023","437.24","427.31","438.04","427.04","987.06K","2.50%"
"09/26/2023","426.58","423.98","426.90","421.62","617.46K","0.24%"
"09/25/2023","425.57","423.32","428.96","420.12","676.65K","0.16%"
"09/22/2023","424.90","434.52","436.03","424.40","850.48K","-2.79%"
"09/21/2023","437.11","439.70","441.07","436.76","768.10K","-0.70%"
"09/20/2023","440.18","437.43","443.86","435.64","432.69K","0.97%"
"09/19/2023","435.97","440.26","441.65","435.55","597.53K","-1.03%"
"09/18/2023","440.52","435.87","442.60","435.03","692.75K","1.62%"
"09/15/2023","433.49","432.46","435.74","431.47","1.03M","0.27%"
"09/14/2023","432.32","424.99","432.43","424.18","543.96K","1.41%"
"09/13/2023","426.31","426.00","431.93","424.51","472.65K","0.53%"
"09/12/2023","424.08","423.52","426.20","421.77","581.61K","-0.22%"
"09/11/2023","425.00","423.31","425.11","416.71","843.30K","0.54%"
"09/08/2023","422.72","430.83","430.83","420.95","768.09K","-1.92%"
"09/07/2023","430.99","425.64","431.44","425.64","718.52K","1.73%"
"09/06/2023","423.64","431.59","432.02","423.44","602.49K","-1.73%"
"09/05/2023","431.08","435.01","435.90","431.00","470.44K","-1.04%"
"09/01/2023","435.62","435.23","437.11","434.86","423.86K","0.58%"
"08/31/2023","433.09","436.00","437.44","433.06","503.62K","-0.39%"
"08/30/2023","434.80","431.22","436.00","430.99","478.67K","1.10%"
"08/29/2023","430.06","429.91","431.19","426.00","541.19K","-0.25%"
"08/28/2023","431.15","429.34","431.33","428.52","505.28K","0.37%"
"08/25/2023","429.56","432.46","433.25","428.50","436.49K","-0.61%"
"08/24/2023","432.18","434.21","437.69","432.12","518.37K","-0.54%"
"08/23/2023","434.52","438.95","440.01","433.37","558.70K","-0.73%"
"08/22/2023","437.73","434.50","438.21","434.01","598.00K","0.93%"
"08/21/2023","433.69","429.17","434.72","429.07","542.47K","0.82%"
"08/18/2023","430.17","428.13","437.54","428.12","716.44K","0.23%"
"08/17/2023","429.17","428.17","432.25","428.10","576.20K","0.44%"
"08/16/2023","427.29","422.48","428.55","422.48","518.16K","0.97%"
"08/15/2023","423.17","427.79","428.42","421.73","583.67K","-1.46%"
"08/14/2023","429.45","431.23","432.89","429.01","516.71K","-0.37%"
"08/11/2023","431.05","430.27","432.65","429.67","734.04K","0.18%"
"08/10/2023","430.27","434.35","434.73","429.64","800.63K","-1.21%"
"08/09/2023","435.55","433.00","437.57","432.46","1.55M","0.61%"
"08/08/2023","432.90","436.00","438.42","432.31","664.79K","-0.86%"
"08/07/2023","436.66","437.87","439.36","433.11","1.29M","-0.43%"
"08/04/2023","438.54","444.02","444.77","437.67","584.00K","-0.92%"
"08/03/2023","442.61","447.19","447.99","441.61","758.51K","-1.09%"
"08/02/2023","447.47","447.89","448.44","444.37","830.74K","-0.15%"
"08/01/2023","448.15","445.89","449.66","445.00","576.75K","0.71%"
"07/31/2023","445.00","450.50","450.50","442.50","1.03M","-1.04%"
"07/28/2023","449.68","445.86","452.40","445.50","1.13M","0.98%"
"07/27/2023","445.31","442.72","446.98","431.61","1.72M","-2.59%"
"07/26/2023","457.16","457.17","459.82","454.02","896.23K","-0.01%"
"07/25/2023","457.19","445.46","457.29","444.05","846.30K","1.10%"
"07/24/2023","452.21","453.91","455.33","451.40","551.47K","-0.27%"
"07/21/2023","453.42","454.11","457.06","451.90","593.35K","-0.21%"
"07/20/2023","454.36","447.53","455.16","443.19","978.24K","2.73%"
"07/19/2023","442.28","442.42","445.83","438.64","933.71K","-0.09%"
"07/18/2023","442.68","456.69","460.64","440.50","1.26M","-2.54%"
"07/17/2023","454.24","451.87","457.00","449.35","861.50K","0.80%"
"07/14/2023","450.64","455.95","456.24","449.75","604.31K","-1.40%"
"07/13/2023","457.03","452.29","457.96","450.76","552.82K","0.81%"
"07/12/2023","453.35","461.44","461.49","453.18","691.07K","-1.61%"
"07/11/2023","460.75","453.91","462.00","453.17","688.16K","1.80%"
"07/10/2023","452.59","452.59","455.55","451.36","494.67K","0.03%"
"07/07/2023","452.45","454.99","455.84","450.77","577.48K","-0.77%"
"07/06/2023","455.98","458.45","460.68","454.04","673.83K","-0.67%"
"07/05/2023","459.05","457.83","459.63","453.12","369.28K","0.19%"
"07/03/2023","458.16","453.11","458.84","452.22","239.58K","0.52%"
"06/30/2023","455.80","453.15","459.51","449.90","766.99K","1.02%"
"06/29/2023","451.22","442.76","451.44","442.40","531.17K","1.93%"
"06/28/2023","442.66","448.79","450.57","440.67","618.91K","-1.29%"
"06/27/2023","448.44","448.24","451.44","445.34","535.16K","0.09%"
"06/26/2023","448.02","449.59","449.93","442.80","744.25K","-1.33%"
"06/23/2023","454.05","458.14","460.11","452.63","554.96K","-0.88%"
"06/22/2023","458.06","460.95","460.98","455.81","454.40K","-0.95%"
"06/21/2023","462.47","454.23","462.63","454.17","495.39K","1.79%"
"06/20/2023","454.34","458.95","460.69","454.09","510.34K","-0.87%"
"06/16/2023","458.35","453.10","458.91","452.60","1.18M","1.21%"
"06/15/2023","452.87","449.69","454.78","446.76","544.56K","1.11%"
"06/14/2023","447.90","450.89","453.44","446.16","510.18K","-0.72%"
"06/13/2023","451.15","450.18","453.83","445.16","609.85K","-0.52%"
"06/12/2023","453.51","453.96","453.96","448.23","781.85K","-0.17%"
"06/09/2023","454.26","456.45","459.71","454.19","640.87K","-0.27%"
"06/08/2023","455.47","453.74","457.84","452.40","630.34K","0.47%"
"06/07/2023","453.35","447.89","454.50","444.25","814.34K","1.17%"
"06/06/2023","448.10","447.50","449.37","444.17","696.06K","0.57%"
"06/05/2023","445.55","446.99","446.99","442.05","878.16K","0.39%"
"06/02/2023","443.83","441.92","447.13","438.74","1.03M","1.21%"
"06/01/2023","438.51","436.77","439.23","433.53","792.53K","0.69%"
"05/31/2023","435.49","437.81","441.36","434.62","1.50M","-0.61%"
"05/30/2023","438.16","434.89","441.12","432.33","875.99K","-0.04%"
"05/26/2023","438.32","432.62","441.51","432.62","865.02K","1.11%"
"05/25/2023","433.51","438.33","439.95","429.10","910.61K","-1.80%"
"05/24/2023","441.44","443.03","446.35","441.38","664.64K","-0.36%"
"05/23/2023","443.03","441.17","445.87","440.26","578.50K","-0.01%"
"05/22/2023","443.07","442.09","445.18","438.43","508.74K","-0.05%"
"05/19/2023","443.31","445.36","446.30","440.79","463.79K","-0.07%"
"05/18/2023","443.60","446.07","446.92","437.75","518.62K","-0.84%"
"05/17/2023","447.34","439.00","448.40","437.58","758.40K","2.69%"
"05/16/2023","435.63","439.99","440.34","435.45","448.90K","-0.85%"
"05/15/2023","439.37","438.75","440.08","436.00","491.03K","0.14%"
"05/12/2023","438.76","437.09","441.81","434.77","749.50K","0.67%"
"05/11/2023","435.85","438.90","440.31","433.18","699.02K","-1.62%"
"05/10/2023","443.03","443.10","445.00","438.70","559.61K","0.16%"
"05/09/2023","442.31","443.00","445.09","440.87","462.23K","0.02%"
"05/08/2023","442.24","448.33","450.95","441.87","418.16K","-1.02%"
"05/05/2023","446.81","443.46","448.45","441.93","474.75K","1.04%"
"05/04/2023","442.23","443.28","445.27","435.20","645.68K","-0.33%"
"05/03/2023","443.71","447.53","452.28","443.57","520.17K","-1.14%"
"05/02/2023","448.81","460.83","460.84","448.58","770.37K","-3.01%"
"05/01/2023","462.72","461.95","466.03","459.59","630.31K","0.31%"
"04/28/2023","461.27","460.37","461.57","455.52","708.80K","0.78%"
"04/27/2023","457.68","452.48","459.67","443.00","1.37M","1.91%"
"04/26/2023","449.09","462.69","464.33","449.07","1.41M","-3.52%"
"04/25/2023","465.47","470.11","470.11","464.42","691.42K","-1.16%"
"04/24/2023","470.92","471.16","472.63","466.50","593.59K","-0.23%"
"04/21/2023","471.99","475.72","475.72","468.83","1.52M","-0.46%"
"04/20/2023","474.18","478.40","478.40","472.07","511.69K","-0.61%"
"04/19/2023","477.07","480.46","482.79","476.20","482.81K","-0.50%"
"04/18/2023","479.47","475.74","483.40","475.74","756.22K","0.99%"
"04/17/2023","474.79","472.99","477.68","471.38","598.43K","0.47%"
"04/14/2023","472.57","470.55","473.09","468.77","501.94K","-0.34%"
"04/13/2023","474.16","472.00","476.07","469.67","540.01K","0.29%"
"04/12/2023","472.77","467.43","474.73","466.03","574.94K","0.96%"
"04/11/2023","468.27","476.12","476.12","467.52","657.10K","-1.74%"
"04/10/2023","476.54","470.98","478.17","470.98","594.82K","1.31%"
"04/06/2023","470.39","474.68","476.26","468.29","575.86K","-0.11%"
"04/05/2023","470.91","467.22","473.60","467.22","707.03K","0.60%"
"04/04/2023","468.10","468.73","471.94","465.00","495.27K","-0.23%"
"04/03/2023","469.19","463.30","471.55","462.65","577.56K","1.62%"
"03/31/2023","461.72","462.98","463.32","459.45","640.61K","0.16%"
"03/30/2023","460.98","460.46","462.92","458.50","541.52K","-0.13%"
"03/29/2023","461.57","459.38","462.58","457.49","584.22K","0.56%"
"03/28/2023","459.00","458.31","461.50","457.59","476.83K","0.16%"
"03/27/2023","458.25","459.09","459.80","455.18","626.76K","0.66%"
"03/24/2023","455.25","445.08","456.20","443.00","1.01M","2.43%"
"03/23/2023","444.44","444.01","446.06","440.71","1.12M","0.19%"
"03/22/2023","443.60","450.22","452.40","443.08","726.22K","-1.42%"
"03/21/2023","449.98","453.79","454.66","447.07","680.13K","0.16%"
"03/20/2023","449.26","445.27","452.31","445.01","662.43K","1.28%"
"03/17/2023","443.60","449.81","450.16","441.30","1.60M","-1.46%"
"03/16/2023","450.15","449.11","455.97","448.00","1.08M","0.28%"
"03/15/2023","448.90","448.97","456.38","439.87","1.51M","-1.05%"
"03/14/2023","453.66","457.90","459.98","449.23","1.78M","-0.89%"
"03/13/2023","457.74","454.69","462.87","453.71","1.24M","-0.44%"
"03/10/2023","459.78","458.53","463.19","457.19","772.29K","0.16%"
"03/09/2023","459.04","469.63","469.63","458.20","834.94K","-1.33%"
"03/08/2023","465.25","472.00","475.63","460.92","1.09M","-1.47%"
"03/07/2023","472.20","470.86","475.97","470.68","923.28K","0.42%"
"03/06/2023","470.22","466.62","474.40","465.96","761.27K","0.61%"
"03/03/2023","467.38","470.18","470.70","464.52","726.87K","-0.19%"
"03/02/2023","468.27","460.33","468.88","460.33","549.32K","1.24%"
"03/01/2023","462.55","461.97","465.67","459.25","588.85K","-0.34%"
"02/28/2023","464.11","470.49","471.74","463.31","764.47K","-1.27%"
"02/27/2023","470.07","470.63","474.10","467.37","681.55K","-0.18%"
"02/24/2023","470.91","472.65","478.00","468.55","629.30K","-1.12%"
"02/23/2023","476.26","477.55","482.34","472.70","995.41K","-0.52%"
"02/22/2023","478.73","473.96","481.50","473.95","1.29M","1.01%"
"02/21/2023","473.95","474.78","479.15","468.57","1.27M","0.71%"
"02/17/2023","470.63","465.44","470.67","462.78","830.12K","1.13%"
"02/16/2023","465.35","458.21","468.53","456.37","968.17K","0.96%"
"02/15/2023","460.94","465.92","468.09","458.93","828.14K","-1.41%"
"02/14/2023","467.51","467.88","470.92","465.87","1.25M","0.70%"
"02/13/2023","464.28","467.81","470.99","458.99","922.19K","0.09%"
"02/10/2023","463.86","457.12","464.33","456.43","968.03K","2.21%"
"02/09/2023","453.85","455.81","461.92","452.40","951.89K","-0.48%"
"02/08/2023","456.06","451.00","456.89","450.35","961.61K","0.86%"
"02/07/2023","452.15","448.00","454.13","443.49","1.10M","0.71%"
"02/06/2023","448.96","443.07","453.74","442.97","1.32M","1.89%"
"02/03/2023","440.64","451.00","454.46","440.02","1.39M","-0.05%"
"02/02/2023","440.86","439.44","444.67","436.00","1.24M","-0.39%"
"02/01/2023","442.59","445.45","449.02","442.12","901.29K","-1.22%"
"01/31/2023","448.04","441.42","448.07","435.63","1.32M","1.99%"
"01/30/2023","439.28","445.01","448.65","436.49","1.53M","0.37%"
"01/27/2023","437.65","433.18","443.99","430.93","2.14M","-1.31%"
"01/26/2023","443.47","458.00","473.20","438.99","3.12M","-4.28%"
"01/25/2023","463.29","457.79","466.00","457.67","1.14M","0.87%"
"01/24/2023","459.31","452.21","462.99","448.00","1.12M","1.87%"
"01/23/2023","450.87","451.97","454.48","448.33","1.06M","0.02%"
"01/20/2023","450.76","445.99","452.30","440.09","2.13M","1.91%"
"01/19/2023","442.31","448.15","453.01","442.21","1.38M","-0.84%"
"01/18/2023","446.06","453.73","454.08","445.51","1.93M","-2.09%"
"01/17/2023","455.57","463.34","465.23","453.73","1.93M","-1.27%"
"01/13/2023","461.43","474.40","474.40","454.79","2.61M","-5.44%"
"01/12/2023","487.98","491.71","494.00","485.89","1.10M","-1.00%"
"01/11/2023","492.93","496.20","499.36","489.49","944.00K","-0.58%"
"01/10/2023","495.79","496.97","502.31","490.95","902.25K","0.08%"
"01/09/2023","495.41","518.03","518.03","488.12","1.85M","-4.99%"
"01/06/2023","521.42","529.81","540.84","505.05","1.08M","-1.34%"
"01/05/2023","528.52","526.53","533.71","522.94","766.65K","0.39%"
"01/04/2023","526.45","535.87","540.35","522.37","939.79K","-2.57%"
"01/03/2023","540.33","544.92","547.80","537.90","615.24K","-0.97%"
"12/30/2022","545.61","542.93","546.87","539.51","564.87K","0.67%"
"12/29/2022","542.00","540.22","544.22","538.21","487.21K","0.29%"
"12/28/2022","540.41","543.45","545.37","540.24","718.11K","-0.14%"
"12/27/2022","541.19","538.00","544.04","537.00","454.54K","1.20%"
"12/23/2022","534.77","531.71","536.25","529.88","475.83K","0.64%"
"12/22/2022","531.37","539.00","542.10","526.38","434.60K","-1.38%"
"12/21/2022","538.79","531.00","540.56","529.78","518.64K","1.74%"
"12/20/2022","529.57","533.63","540.81","528.17","642.06K","-0.55%"
"12/19/2022","532.52","529.58","538.00","526.46","783.75K","0.50%"
"12/16/2022","529.87","527.17","532.38","521.61","1.43M","0.26%"
"12/15/2022","528.49","532.73","533.37","522.61","483.26K","-0.62%"
"12/14/2022","531.78","528.75","537.67","524.95","575.92K","1.18%"
"12/13/2022","525.59","537.01","537.06","523.34","853.68K","-1.79%"
"12/12/2022","535.18","530.50","535.89","525.92","540.52K","1.18%"
"12/09/2022","528.94","539.00","545.73","528.83","589.62K","-2.15%"
"12/08/2022","540.55","545.00","546.75","539.26","378.80K","0.06%"
"12/07/2022","540.21","532.18","540.94","529.90","583.06K","1.58%"
"12/06/2022","531.81","543.80","543.80","528.36","576.66K","-1.78%"
"12/05/2022","541.43","539.52","543.19","533.84","671.11K","-0.76%"
"12/02/2022","545.60","528.58","549.87","527.39","843.65K","2.89%"
"12/01/2022","530.30","534.62","535.42","521.60","568.25K","-0.56%"
"11/30/2022","533.29","527.95","534.89","524.46","786.57K","0.93%"
"11/29/2022","528.35","524.87","529.70","523.20","385.67K","0.66%"
"11/28/2022","524.88","524.72","530.53","522.44","490.63K","-0.56%"
"11/25/2022","527.83","526.87","529.79","522.08","254.36K","1.05%"
"11/23/2022","522.34","524.44","525.77","518.37","553.65K","-0.44%"
"11/22/2022","524.65","529.91","533.77","523.43","635.38K","-0.61%"
"11/21/2022","527.87","521.71","532.44","520.49","861.62K","1.43%"
"11/18/2022","520.42","518.84","524.79","515.83","863.54K","0.30%"
"11/17/2022","518.85","504.94","519.79","504.82","950.99K","2.72%"
"11/16/2022","505.13","499.00","507.67","496.04","1.07M","0.88%"
"11/15/2022","500.72","485.00","510.00","479.92","1.90M","3.94%"
"11/14/2022","481.74","496.00","500.07","478.46","2.19M","-2.22%"
"11/11/2022","492.70","517.97","518.83","490.20","2.27M","-7.32%"
"11/10/2022","531.59","540.78","540.78","523.72","1.22M","-0.29%"
"11/09/2022","533.14","540.66","543.19","532.81","601.68K","-1.44%"
"11/08/2022","540.93","533.34","542.14","532.33","652.57K","1.15%"
"11/07/2022","534.77","523.05","537.58","520.56","804.59K","2.30%"
"11/04/2022","522.77","526.00","527.16","510.01","1.24M","-0.52%"
"11/03/2022","525.51","528.04","531.34","525.47","1.20M","-0.90%"
"11/02/2022","530.30","534.05","539.68","529.83","1.11M","-1.04%"
"11/01/2022","535.88","549.62","550.11","534.26","1.30M","-2.39%"
"10/31/2022","549.01","544.80","553.66","543.97","1.09M","0.16%"
"10/28/2022","548.11","540.08","556.27","531.00","1.32M","2.35%"
"10/27/2022","535.51","512.58","537.81","508.00","1.69M","0.85%"
"10/26/2022","530.99","529.56","535.21","524.88","941.44K","0.80%"
"10/25/2022","526.75","520.37","528.00","517.45","763.80K","0.15%"
"10/24/2022","525.96","527.62","534.64","524.28","866.70K","0.63%"
"10/21/2022","522.66","512.56","525.35","509.50","1.05M","1.99%"
"10/20/2022","512.44","511.76","516.49","509.16","878.08K","0.30%"
"10/19/2022","510.91","504.84","516.79","501.52","1.34M","0.81%"
"10/18/2022","506.80","480.00","509.89","478.98","1.85M","6.67%"
"10/17/2022","475.09","467.21","478.70","466.26","1.12M","2.35%"
"10/14/2022","464.19","495.70","496.98","463.11","1.64M","-7.43%"
"10/13/2022","501.44","488.09","503.05","486.38","922.01K","1.84%"
"10/12/2022","492.38","508.14","508.14","492.20","972.73K","-2.94%"
"10/11/2022","507.31","504.13","514.56","503.26","836.48K","0.69%"
"10/10/2022","503.83","498.82","509.00","498.00","1.38M","1.56%"
"10/07/2022","496.09","485.16","496.52","483.02","1.10M","2.24%"
"10/06/2022","485.23","483.72","486.30","480.99","604.94K","0.16%"
"10/05/2022","484.45","487.00","489.50","480.68","620.89K","-1.19%"
"10/04/2022","490.28","488.42","497.12","487.01","985.75K","0.94%"
"10/03/2022","485.71","476.44","489.93","474.00","910.60K","3.27%"
"09/30/2022","470.32","466.50","474.00","466.50","1.13M","-0.03%"
"09/29/2022","470.48","480.66","482.10","464.51","910.94K","-2.73%"
"09/28/2022","483.69","475.52","485.85","464.28","948.30K","2.01%"
"09/27/2022","474.14","477.34","479.19","471.24","1.02M","-0.05%"
"09/26/2022","474.37","477.38","482.02","472.36","657.18K","-0.93%"
"09/23/2022","478.82","491.88","491.88","474.08","877.73K","-3.55%"
"09/22/2022","496.46","492.77","500.63","482.26","1.21M","0.73%"
"09/21/2022","492.87","505.49","515.49","492.61","1.25M","-0.23%"
"09/20/2022","494.00","488.06","496.08","481.03","875.76K","1.21%"
"09/19/2022","488.07","483.19","492.57","481.05","843.02K","0.59%"
"09/16/2022","485.20","483.36","487.85","480.30","1.12M","0.02%"
"09/15/2022","485.08","482.73","487.76","478.54","757.98K","0.04%"
"09/14/2022","484.88","472.81","485.20","471.85","1.16M","3.40%"
"09/13/2022","468.93","479.57","487.39","465.25","836.56K","-2.77%"
"09/12/2022","482.30","491.05","491.11","481.45","918.45K","-1.85%"
"09/09/2022","491.41","489.47","495.38","486.27","704.60K","0.34%"
"09/08/2022","489.73","487.07","489.82","481.30","584.90K","0.40%"
"09/07/2022","487.78","477.80","488.22","475.97","512.35K","1.68%"
"09/06/2022","479.74","476.80","484.19","476.72","569.26K","0.58%"
"09/02/2022","476.95","483.99","485.37","474.74","512.12K","-0.70%"
"09/01/2022","480.32","475.96","481.44","475.00","564.07K","0.49%"
"08/31/2022","477.99","481.13","482.59","476.97","725.07K","-0.61%"
"08/30/2022","480.93","486.60","486.75","478.64","573.72K","-1.00%"
"08/29/2022","485.81","480.05","489.17","477.10","499.47K","0.14%"
"08/26/2022","485.13","493.37","496.75","484.70","448.57K","-1.89%"
"08/25/2022","494.48","488.99","494.60","486.78","375.34K","1.14%"
"08/24/2022","488.89","485.20","490.30","484.58","612.65K","1.24%"
"08/23/2022","482.88","482.84","485.62","479.67","451.54K","-0.27%"
"08/22/2022","484.19","488.00","493.14","483.74","607.71K","-1.34%"
"08/19/2022","490.75","492.13","493.24","487.84","606.60K","-0.43%"
"08/18/2022","492.88","493.99","497.20","490.43","591.96K","0.08%"
"08/17/2022","492.51","482.72","496.30","482.63","852.04K","1.44%"
"08/16/2022","485.50","485.33","488.60","483.23","500.80K","-0.28%"
"08/15/2022","486.87","477.97","489.42","475.09","586.17K","1.52%"
"08/12/2022","479.58","470.52","479.76","469.22","701.74K","1.97%"
"08/11/2022","470.31","474.00","474.32","467.82","690.45K","-0.60%"
"08/10/2022","473.14","474.49","475.00","469.55","711.31K","-0.12%"
"08/09/2022","473.73","473.99","482.18","473.01","667.50K","0.78%"
"08/08/2022","470.05","478.95","480.08","465.77","614.19K","-1.58%"
"08/05/2022","477.59","475.68","478.38","469.39","522.36K","-0.09%"
"08/04/2022","478.04","482.00","486.15","477.52","654.92K","-0.77%"
"08/03/2022","481.75","480.00","484.11","471.02","845.10K","0.15%"
"08/02/2022","481.05","481.84","488.36","472.20","687.64K","1.14%"
"08/01/2022","475.63","481.37","488.17","472.22","933.43K","-0.68%"
"07/29/2022","478.90","457.72","479.80","456.06","1.20M","5.38%"
"07/28/2022","454.46","438.39","455.88","433.87","1.02M","1.94%"
"07/27/2022","445.81","445.58","447.67","441.40","744.64K","0.26%"
"07/26/2022","444.65","453.15","455.11","444.31","702.57K","-1.91%"
"07/25/2022","453.32","451.89","459.74","451.11","826.54K","0.33%"
"07/22/2022","451.85","457.37","463.26","450.01","864.78K","-0.43%"
"07/21/2022","453.80","454.32","455.14","448.80","528.50K","-0.50%"
"07/20/2022","456.07","458.00","460.77","452.14","594.02K","-0.29%"
"07/19/2022","457.39","444.10","458.26","443.13","751.41K","1.81%"
"07/18/2022","449.26","463.00","464.39","448.20","706.20K","-2.59%"
"07/15/2022","461.20","463.00","463.18","455.01","1.45M","0.48%"
"07/14/2022","458.99","458.89","461.75","454.74","571.41K","-1.33%"
"07/13/2022","465.20","464.97","476.91","464.00","531.50K","-0.78%"
"07/12/2022","468.88","476.68","478.41","467.48","534.85K","-1.39%"
"07/11/2022","475.51","478.62","481.77","472.60","497.18K","-1.02%"
"07/08/2022","480.43","480.64","483.21","478.61","380.93K","0.22%"
"07/07/2022","479.38","480.00","486.86","478.51","612.71K","-0.52%"
"07/06/2022","481.87","464.89","484.96","463.48","899.66K","3.77%"
"07/05/2022","464.36","479.06","480.20","455.45","1.25M","-4.53%"
"07/01/2022","486.37","478.57","487.89","473.63","607.11K","1.63%"
"06/30/2022","478.57","458.11","480.05","458.11","1.35M","3.63%"
"06/29/2022","461.81","468.00","468.00","459.32","586.91K","-0.62%"
"06/28/2022","464.67","468.13","473.82","464.17","583.22K","-0.46%"
"06/27/2022","466.82","461.38","468.88","461.27","542.61K","0.67%"
"06/24/2022","463.70","460.00","464.41","455.60","807.83K","1.64%"
"06/23/2022","456.24","458.45","460.65","449.45","614.46K","-0.52%"
"06/22/2022","458.61","454.22","464.01","453.01","539.95K","-1.11%"
"06/21/2022","463.77","448.64","464.78","448.61","780.51K","4.47%"
"06/17/2022","443.93","447.00","451.74","436.07","1.37M","-1.13%"
"06/16/2022","449.02","454.65","458.74","447.57","1.06M","-2.06%"
"06/15/2022","458.45","456.26","462.65","447.69","874.40K","0.88%"
"06/14/2022","454.46","459.97","462.96","448.54","818.55K","-1.35%"
"06/13/2022","460.68","459.77","465.76","457.56","1.33M","-0.68%"
"06/10/2022","463.82","459.35","465.84","453.00","964.82K","0.19%"
"06/09/2022","462.92","470.26","471.25","462.43","843.62K","-2.02%"
"06/08/2022","472.45","487.82","491.54","472.06","853.11K","-3.99%"
"06/07/2022","492.06","478.80","492.30","476.69","742.97K","2.76%"
"06/06/2022","478.86","479.27","483.94","477.46","586.69K","0.10%"
"06/03/2022","478.37","462.17","478.60","462.17","872.48K","3.35%"
"06/02/2022","462.87","466.07","467.00","449.69","1.15M","-0.30%"
"06/01/2022","464.25","467.78","471.91","458.76","798.61K","-0.79%"
"05/31/2022","467.97","465.97","468.69","456.84","1.76M","-0.59%"
"05/27/2022","470.76","466.15","471.05","462.58","646.00K","0.71%"
"05/26/2022","467.43","470.73","476.49","466.63","760.46K","-0.04%"
"05/25/2022","467.62","471.14","474.42","467.16","594.36K","-0.74%"
"05/24/2022","471.10","455.58","472.44","455.58","794.08K","3.14%"
"05/23/2022","456.77","446.65","458.27","446.30","561.54K","3.03%"
"05/20/2022","443.33","450.18","450.89","437.52","636.97K","-1.15%"
"05/19/2022","448.50","449.38","453.39","439.20","758.68K","-1.40%"
"05/18/2022","454.87","459.23","462.28","451.26","758.09K","-0.96%"
"05/17/2022","459.28","458.58","462.21","453.48","580.93K","0.26%"
"05/16/2022","458.08","453.67","461.32","452.95","586.61K","1.16%"
"05/13/2022","452.83","451.73","454.45","447.34","576.89K","0.45%"
"05/12/2022","450.78","448.12","450.91","442.70","942.05K","0.96%"
"05/11/2022","446.48","449.68","458.37","445.07","805.32K","-0.78%"
"05/10/2022","449.97","452.45","456.35","447.14","923.97K","-0.88%"
"05/09/2022","453.98","465.96","466.92","452.35","880.83K","-3.14%"
"05/06/2022","468.70","464.38","469.46","457.68","925.44K","0.44%"
"05/05/2022","466.66","463.24","470.23","457.14","1.56M","0.88%"
"05/04/2022","462.57","453.57","464.00","450.27","792.22K","2.51%"
"05/03/2022","451.25","444.45","453.23","439.69","1.08M","2.88%"
"05/02/2022","438.62","437.12","444.63","431.92","759.92K","-0.18%"
"04/29/2022","439.40","447.61","449.34","438.03","945.66K","-1.30%"
"04/28/2022","445.17","437.00","449.77","432.39","1.11M","1.23%"
"04/27/2022","439.77","444.18","450.69","439.77","838.39K","-0.62%"
"04/26/2022","442.51","444.68","452.48","440.41","614.26K","-0.34%"
"04/25/2022","444.02","443.99","444.99","434.15","608.21K","-0.76%"
"04/22/2022","447.40","443.74","456.66","443.67","727.15K","0.89%"
"04/21/2022","443.45","464.65","465.53","443.02","947.86K","-4.31%"
"04/20/2022","463.40","465.91","469.13","462.48","603.52K","-0.22%"
"04/19/2022","464.41","465.70","473.85","463.48","542.51K","-0.25%"
"04/18/2022","465.58","467.20","473.37","462.08","569.33K","-0.35%"
"04/14/2022","467.20","468.48","470.25","463.33","1.12M","0.58%"
"04/13/2022","464.52","468.00","470.06","460.33","563.04K","0.27%"
"04/12/2022","463.28","463.31","466.68","459.32","632.58K","0.25%"
"04/11/2022","462.14","466.38","470.95","461.70","869.24K","-0.33%"
"04/08/2022","463.66","472.76","477.26","459.35","909.50K","-1.51%"
"04/07/2022","470.77","460.00","472.64","459.03","761.64K","2.02%"
"04/06/2022","461.46","455.00","466.42","454.88","806.36K","1.64%"
"04/05/2022","454.01","450.49","463.50","450.49","576.23K","0.38%"
"04/04/2022","452.29","455.43","456.55","444.36","713.26K","-0.55%"
"04/01/2022","454.79","446.58","454.86","444.06","699.24K","1.69%"
"03/31/2022","447.22","449.97","457.93","446.70","648.12K","-1.35%"
"03/30/2022","453.33","449.49","456.49","448.49","624.04K","1.57%"
"03/29/2022","446.31","434.69","450.61","431.38","893.81K","-0.11%"
"03/28/2022","446.80","453.86","455.80","444.60","661.25K","-2.48%"
"03/25/2022","458.18","453.36","460.43","453.36","480.51K","0.79%"
"03/24/2022","454.57","446.99","455.14","446.08","665.07K","1.71%"
"03/23/2022","446.92","448.00","452.00","442.52","587.14K","0.14%"
"03/22/2022","446.30","447.11","448.00","438.54","741.33K","-0.07%"
"03/21/2022","446.60","435.24","448.27","432.11","1.29M","4.36%"
"03/18/2022","427.95","428.04","433.41","424.35","1.83M","-0.20%"
"03/17/2022","428.80","431.04","434.99","424.62","978.44K","1.03%"
"03/16/2022","424.43","430.42","443.11","416.23","1.88M","-5.22%"
"03/15/2022","447.82","443.54","448.37","436.87","827.49K","1.45%"
"03/14/2022","441.42","439.30","442.65","431.23","913.85K","1.17%"
"03/11/2022","436.30","447.68","449.86","435.69","1.18M","-1.87%"
"03/10/2022","444.61","450.49","463.12","441.83","1.44M","-1.18%"
"03/09/2022","449.92","441.52","456.84","437.45","1.73M","0.16%"
"03/08/2022","449.21","476.16","477.79","448.20","2.45M","-6.01%"
"03/07/2022","477.95","472.42","490.82","471.95","2.40M","2.00%"
"03/04/2022","468.57","454.14","472.94","450.01","1.69M","4.20%"
"03/03/2022","449.69","452.40","455.09","441.37","1.43M","-0.82%"
"03/02/2022","453.39","451.77","457.54","436.06","1.78M","-0.59%"
"03/01/2022","456.10","444.33","457.09","443.71","2.24M","3.16%"
"02/28/2022","442.14","414.31","442.94","413.93","2.60M","7.93%"
"02/25/2022","409.67","393.34","411.08","393.34","1.26M","3.59%"
"02/24/2022","395.49","395.62","402.90","389.99","1.55M","2.44%"
"02/23/2022","386.08","392.40","394.60","384.84","666.17K","-1.19%"
"02/22/2022","390.73","394.87","396.51","386.88","719.21K","-0.13%"
"02/18/2022","391.25","397.50","399.47","391.07","1.47M","-1.72%"
"02/17/2022","398.11","392.77","401.36","391.40","887.99K","1.13%"
"02/16/2022","393.66","384.99","394.26","384.80","1.09M","2.31%"
"02/15/2022","384.77","387.18","388.92","380.30","787.69K","-1.49%"
"02/14/2022","390.60","397.00","397.34","382.78","1.71M","-2.18%"
"02/11/2022","399.32","382.99","401.22","380.26","1.77M","4.53%"
"02/10/2022","382.02","382.76","386.34","379.93","906.23K","-0.61%"
"02/09/2022","384.36","380.11","384.67","379.61","702.78K","1.33%"
"02/08/2022","379.32","374.29","380.00","371.66","607.49K","1.65%"
"02/07/2022","373.16","370.54","375.60","368.20","539.78K","0.92%"
"02/04/2022","369.75","372.30","374.92","367.00","532.47K","-1.09%"
"02/03/2022","373.81","372.50","374.80","368.00","676.06K","0.76%"
"02/02/2022","370.98","367.40","371.92","365.25","764.78K","0.11%"
"02/01/2022","370.58","369.89","371.93","364.62","898.37K","0.18%"
"01/31/2022","369.90","376.76","378.14","366.88","1.14M","-2.71%"
"01/28/2022","380.20","370.45","380.74","369.34","920.98K","1.66%"
"01/27/2022","373.99","389.75","391.20","371.36","1.80M","-7.25%"
"01/26/2022","403.23","402.52","408.75","399.19","1.11M","0.01%"
"01/25/2022","403.18","399.71","405.57","393.01","987.79K","0.03%"
"01/24/2022","403.06","398.00","404.75","394.73","1.30M","1.07%"
"01/21/2022","398.81","399.76","407.60","397.82","928.09K","0.35%"
"01/20/2022","397.41","401.49","404.40","396.98","844.12K","-1.06%"
"01/19/2022","401.65","403.05","408.97","401.48","570.16K","0.00%"
"01/18/2022","401.63","403.33","404.00","395.89","774.77K","-0.45%"
"01/14/2022","403.45","397.28","404.00","395.88","936.14K","1.47%"
"01/13/2022","397.61","395.53","399.87","394.37","665.34K","0.53%"
"01/12/2022","395.53","401.32","402.23","393.65","714.84K","-1.27%"
"01/11/2022","400.60","397.70","401.69","395.50","605.03K","-0.41%"
"01/10/2022","402.23","405.00","406.84","399.24","1.02M","0.45%"
"01/07/2022","400.42","398.32","401.15","396.08","908.65K","0.79%"
"01/06/2022","397.27","397.56","399.83","394.40","764.34K","0.58%"
"01/05/2022","394.99","391.04","399.57","390.18","1.07M","-0.50%"
"01/04/2022","396.99","387.54","397.85","387.54","740.69K","2.97%"
"01/03/2022","385.53","386.95","388.07","382.74","662.14K","-0.40%"
"12/31/2021","387.07","384.01","388.21","383.98","414.11K","0.66%"
"12/30/2021","384.53","385.75","387.73","384.20","375.92K","-0.12%"
"12/29/2021","384.99","385.33","386.75","384.22","365.35K","-0.09%"
"12/28/2021","385.33","382.70","387.95","382.01","307.84K","0.29%"
"12/27/2021","384.21","381.49","384.82","381.19","362.21K","0.80%"
"12/23/2021","381.17","380.52","384.17","380.01","610.48K","0.36%"
"12/22/2021","379.81","378.49","381.00","378.49","715.18K","0.35%"
"12/21/2021","378.49","371.43","380.19","370.98","798.29K","2.31%"
"12/20/2021","369.95","376.21","377.17","367.00","860.82K","-1.99%"
"12/17/2021","377.46","379.48","380.54","376.53","1.14M","-0.33%"
"12/16/2021","378.72","380.19","383.07","377.52","721.42K","-0.03%"
"12/15/2021","378.82","376.74","379.66","374.20","672.05K","0.69%"
"12/14/2021","376.22","376.65","382.32","375.48","906.79K","-0.29%"
"12/13/2021","377.33","371.22","378.95","370.90","904.85K","1.69%"
"12/10/2021","371.06","368.20","371.86","366.00","480.30K","0.87%"
"12/09/2021","367.86","362.59","368.35","360.89","753.75K","1.04%"
"12/08/2021","364.09","363.54","367.33","362.36","467.46K","0.39%"
"12/07/2021","362.67","363.13","365.07","360.75","919.23K","-0.35%"
"12/06/2021","363.96","361.22","367.36","360.01","1.10M","1.71%"
"12/03/2021","357.84","352.60","358.16","352.60","746.43K","1.49%"
"12/02/2021","352.57","348.44","355.80","347.87","700.66K","1.90%"
"12/01/2021","345.98","349.62","352.92","345.91","711.99K","-0.81%"
"11/30/2021","348.80","354.11","354.79","348.33","1.28M","-2.13%"
"11/29/2021","356.39","355.32","358.80","352.63","532.84K","0.68%"
"11/26/2021","353.98","352.79","357.29","351.73","524.16K","-2.04%"
"11/24/2021","361.37","364.39","368.30","360.80","607.06K","-0.78%"
"11/23/2021","364.21","363.59","368.25","362.01","776.00K","0.29%"
"11/22/2021","363.15","354.44","365.34","353.33","942.95K","2.84%"
"11/19/2021","353.13","351.63","354.50","347.69","788.99K","0.49%"
"11/18/2021","351.42","354.36","354.36","345.90","1.44M","-0.72%"
"11/17/2021","353.96","355.44","356.77","353.76","784.79K","-0.18%"
"11/16/2021","354.60","360.46","361.23","354.57","801.06K","-1.50%"
"11/15/2021","360.00","360.50","361.59","359.27","961.62K","0.10%"
"11/12/2021","359.65","359.61","360.88","358.38","493.65K","-0.08%"
"11/11/2021","359.94","361.05","361.60","357.00","475.44K","-0.60%"
"11/10/2021","362.10","363.79","366.90","361.37","562.45K","-0.66%"
"11/09/2021","364.52","363.70","365.95","360.63","550.72K","0.34%"
"11/08/2021","363.27","365.00","365.45","360.36","523.93K","-0.30%"
"11/05/2021","364.37","361.00","366.54","358.53","1.11M","2.16%"
"11/04/2021","356.66","353.27","359.54","353.27","988.88K","0.72%"
"11/03/2021","354.11","350.02","354.75","349.50","675.36K","0.26%"
"11/02/2021","353.20","357.00","358.27","350.34","933.46K","-0.46%"
"11/01/2021","354.85","357.00","360.80","352.92","777.79K","-0.66%"
"10/29/2021","357.22","352.00","359.66","352.00","1.35M","-0.40%"
"10/28/2021","358.64","380.56","381.35","354.15","2.01M","-7.60%"
"10/27/2021","388.15","395.16","396.04","387.47","1.01M","-2.12%"
"10/26/2021","396.57","394.61","398.75","392.68","1.59M","-2.47%"
"10/25/2021","406.62","405.62","408.03","403.57","473.89K","0.10%"
"10/22/2021","406.21","403.69","406.31","400.37","523.99K","0.85%"
"10/21/2021","402.77","400.00","403.36","396.97","398.83K","0.47%"
"10/20/2021","400.88","398.74","402.01","397.51","340.31K","0.40%"
"10/19/2021","399.30","395.57","399.33","392.83","445.80K","1.37%"
"10/18/2021","393.89","393.90","396.82","392.54","422.51K","-0.37%"
"10/15/2021","395.36","391.08","396.72","391.08","664.98K","1.39%"
"10/14/2021","389.94","390.30","392.82","388.94","514.73K","0.32%"
"10/13/2021","388.70","389.48","389.92","383.58","671.21K","-0.35%"
"10/12/2021","390.07","392.62","394.65","389.09","715.08K","-0.79%"
"10/11/2021","393.16","390.04","396.58","387.84","790.25K","0.88%"
"10/08/2021","389.72","383.22","390.93","382.02","690.34K","1.83%"
"10/07/2021","382.70","378.00","383.85","378.00","696.19K","1.43%"
"10/06/2021","377.32","368.70","377.47","366.57","840.02K","2.01%"
"10/05/2021","369.88","365.38","371.27","363.80","569.73K","1.15%"
"10/04/2021","365.67","361.65","367.29","361.49","893.85K","1.32%"
"10/01/2021","360.92","361.73","362.89","356.48","587.80K","0.21%"
"09/30/2021","360.15","363.59","364.64","359.89","981.59K","-0.78%"
"09/29/2021","362.98","358.78","366.00","355.81","762.28K","1.31%"
"09/28/2021","358.30","356.71","361.00","356.40","767.23K","0.31%"
"09/27/2021","357.21","356.64","361.33","356.64","613.08K","0.42%"
"09/24/2021","355.70","352.16","357.14","351.62","608.72K","1.37%"
"09/23/2021","350.91","351.09","352.80","348.25","845.24K","0.69%"
"09/22/2021","348.52","347.03","350.47","345.82","585.93K","0.98%"
"09/21/2021","345.14","348.83","350.35","344.89","535.22K","-1.05%"
"09/20/2021","348.81","346.97","351.65","345.16","634.80K","-0.41%"
"09/17/2021","350.24","350.88","355.75","347.02","1.90M","0.17%"
"09/16/2021","349.66","356.76","357.11","349.26","584.29K","-1.71%"
"09/15/2021","355.74","352.01","357.20","351.42","611.53K","1.14%"
"09/14/2021","351.73","355.06","355.82","349.11","848.63K","-0.56%"
"09/13/2021","353.70","355.74","357.55","349.76","647.92K","-0.11%"
"09/10/2021","354.10","357.85","358.11","352.86","669.30K","-0.75%"
"09/09/2021","356.78","360.33","361.79","356.70","1.26M","-1.00%"
"09/08/2021","360.40","358.77","362.49","358.39","560.26K","0.42%"
"09/07/2021","358.88","363.54","365.52","358.57","869.17K","-1.93%"
"09/03/2021","365.93","367.76","368.27","365.43","379.50K","-0.64%"
"09/02/2021","368.30","365.00","368.40","365.00","665.56K","0.91%"
"09/01/2021","364.98","367.89","367.89","364.60","508.35K","-0.74%"
"08/31/2021","367.70","367.37","367.91","364.14","782.26K","0.02%"
"08/30/2021","367.62","364.75","369.30","363.91","541.19K","0.76%"
"08/27/2021","364.84","367.09","368.46","363.55","553.92K","-0.52%"
"08/26/2021","366.76","362.13","367.04","360.78","739.65K","1.13%"
"08/25/2021","362.66","362.95","364.42","361.66","416.65K","-0.03%"
"08/24/2021","362.77","364.45","364.45","362.27","318.77K","-0.04%"
"08/23/2021","362.92","365.00","365.17","362.66","474.41K","-0.02%"
"08/20/2021","363.00","360.21","364.67","359.26","496.00K","0.53%"
"08/19/2021","361.09","362.15","365.00","359.88","468.13K","-0.57%"
"08/18/2021","363.16","366.52","367.53","363.03","411.75K","-1.48%"
"08/17/2021","368.63","369.03","371.76","365.91","924.70K","0.00%"
"08/16/2021","368.62","362.46","368.82","359.55","680.32K","1.52%"
"08/13/2021","363.11","363.88","365.31","362.73","372.11K","-0.21%"
"08/12/2021","363.86","367.35","367.35","361.00","570.40K","-0.61%"
"08/11/2021","366.10","363.80","367.31","362.24","331.20K","0.94%"
"08/10/2021","362.68","360.22","363.03","358.87","642.59K","0.47%"
"08/09/2021","360.99","361.72","361.72","359.70","356.46K","-0.31%"
"08/06/2021","362.11","359.86","362.97","359.86","361.11K","0.95%"
"08/05/2021","358.72","358.65","359.41","357.00","351.32K","0.41%"
"08/04/2021","357.25","362.85","364.00","356.51","641.88K","-1.97%"
"08/03/2021","364.44","361.35","365.61","358.66","666.20K","0.72%"
"08/02/2021","361.84","363.82","367.36","361.71","396.70K","-0.33%"
"07/30/2021","363.02","364.63","366.38","362.21","645.26K","-0.72%"
"07/29/2021","365.66","362.80","369.84","362.80","1.02M","1.54%"
"07/28/2021","360.11","363.47","364.99","359.85","564.71K","-0.58%"
"07/27/2021","362.20","358.52","365.06","358.47","573.12K","1.10%"
"07/26/2021","358.26","357.92","359.43","355.30","715.84K","-0.84%"
"07/23/2021","361.31","360.61","361.70","358.76","478.43K","0.57%"
"07/22/2021","359.26","360.80","361.05","358.29","549.54K","-0.61%"
"07/21/2021","361.46","361.09","363.32","359.89","632.53K","0.41%"
"07/20/2021","359.97","355.64","362.74","355.64","911.35K","1.40%"
"07/19/2021","355.00","361.37","362.32","350.64","866.69K","-2.15%"
"07/16/2021","362.81","365.42","365.98","361.34","778.81K","-0.36%"
"07/15/2021","364.12","362.34","365.72","361.71","491.02K","0.05%"
"07/14/2021","363.94","367.36","368.45","363.62","1.04M","-0.94%"
"07/13/2021","367.39","370.60","373.98","367.29","707.40K","-0.79%"
"07/12/2021","370.33","370.16","372.45","368.29","450.50K","-0.40%"
"07/09/2021","371.82","372.48","373.51","369.38","357.39K","0.51%"
"07/08/2021","369.94","368.90","371.99","367.94","402.73K","-0.36%"
"07/07/2021","371.26","367.34","372.06","365.80","545.55K","0.98%"
"07/06/2021","367.65","368.03","368.44","362.75","603.27K","-0.42%"
"07/02/2021","369.20","367.92","371.06","365.31","338.04K","0.43%"
"07/01/2021","367.62","364.53","367.96","363.39","449.42K","1.15%"
"06/30/2021","363.43","361.30","364.91","361.30","613.86K","0.87%"
"06/29/2021","360.31","369.81","371.24","360.00","1.15M","-2.67%"
"06/28/2021","370.21","373.39","373.39","368.35","564.99K","-0.83%"
"06/25/2021","373.31","369.00","375.41","368.06","2.93M","0.98%"
"06/24/2021","369.68","372.06","372.06","367.54","645.02K","-0.16%"
"06/23/2021","370.28","372.59","372.59","368.11","709.85K","-0.61%"
"06/22/2021","372.57","374.38","374.38","371.07","491.57K","-0.19%"
"06/21/2021","373.29","369.80","374.58","368.40","894.06K","1.66%"
"06/18/2021","367.19","365.92","370.24","365.24","2.39M","-0.41%"
"06/17/2021","368.70","373.24","373.89","366.20","737.02K","-0.94%"
"06/16/2021","372.21","378.18","378.18","371.65","883.38K","-0.74%"
"06/15/2021","375.00","375.40","377.37","373.77","686.96K","0.74%"
"06/14/2021","372.23","372.45","373.09","369.41","865.64K","-0.75%"
"06/11/2021","375.06","373.88","375.55","370.20","636.23K","0.68%"
"06/10/2021","372.51","375.00","375.66","370.90","741.43K","-0.02%"
"06/09/2021","372.60","371.11","372.97","368.64","689.65K","0.40%"
"06/08/2021","371.11","372.04","372.87","368.13","613.30K","-0.20%"
"06/07/2021","371.84","376.40","378.00","370.27","1.13M","-1.50%"
"06/04/2021","377.51","373.83","379.03","372.95","1.32M","3.00%"
"06/03/2021","366.51","367.01","367.38","364.49","779.44K","-0.19%"
"06/02/2021","367.21","365.62","369.69","364.73","495.82K","0.43%"
"06/01/2021","365.62","369.22","370.05","365.23","764.22K","-0.07%"
"05/28/2021","365.87","369.27","370.46","365.48","575.73K","-1.24%"
"05/27/2021","370.46","370.29","371.24","366.02","997.19K","1.02%"
"05/26/2021","366.72","369.33","370.35","365.40","697.12K","-0.88%"
"05/25/2021","369.99","372.53","374.38","369.33","680.32K","-0.59%"
"05/24/2021","372.18","372.70","373.97","368.56","570.84K","0.46%"
"05/21/2021","370.46","372.54","377.02","369.24","682.54K","-0.40%"
"05/20/2021","371.96","371.17","374.30","371.11","786.80K","0.29%"
"05/19/2021","370.90","368.28","371.00","363.52","685.31K","0.62%"
"05/18/2021","368.62","371.87","373.71","368.52","735.95K","-1.14%"
"05/17/2021","372.87","372.50","374.68","371.36","648.93K","0.34%"
"05/14/2021","371.61","371.00","372.90","370.15","757.29K","0.42%"
"05/13/2021","370.06","362.83","372.76","362.54","760.85K","1.90%"
"05/12/2021","363.15","368.62","371.58","363.12","999.89K","-1.40%"
"05/11/2021","368.30","372.03","374.08","365.98","954.54K","-1.47%"
"05/10/2021","373.80","373.30","378.61","373.30","714.96K","0.86%"
"05/07/2021","370.63","369.18","372.70","366.25","959.64K","0.16%"
"05/06/2021","370.05","374.01","375.93","368.30","1.07M","-0.79%"
"05/05/2021","372.99","368.46","373.24","366.47","1.46M","1.32%"
"05/04/2021","368.12","362.64","368.51","361.50","1.13M","1.97%"
"05/03/2021","361.00","352.04","362.83","352.04","1.04M","1.85%"
"04/30/2021","354.44","353.83","356.88","352.23","1.28M","0.63%"
"04/29/2021","352.22","342.00","354.17","341.61","1.32M","4.09%"
"04/28/2021","338.37","340.27","340.27","336.57","763.56K","-0.44%"
"04/27/2021","339.87","337.39","340.87","336.03","738.17K","0.61%"
"04/26/2021","337.80","342.05","342.99","336.56","892.53K","-1.24%"
"04/23/2021","342.04","342.96","343.80","340.11","1.01M","-0.40%"
"04/22/2021","343.43","344.13","345.19","341.78","728.09K","-0.60%"
"04/21/2021","345.52","345.12","346.55","343.54","748.73K","0.11%"
"04/20/2021","345.14","344.80","346.61","343.16","800.31K","0.15%"
"04/19/2021","344.64","347.00","347.25","342.80","817.46K","-0.52%"
"04/16/2021","346.43","346.58","347.82","343.67","1.87M","0.53%"
"04/15/2021","344.59","341.85","345.63","340.59","850.58K","0.81%"
"04/14/2021","341.82","339.24","343.39","338.64","737.12K","0.95%"
"04/13/2021","338.61","338.97","340.27","337.99","781.13K","-0.61%"
"04/12/2021","340.69","340.00","342.90","337.71","732.45K","0.22%"
"04/09/2021","339.95","336.73","340.65","336.37","1.01M","1.14%"
"04/08/2021","336.12","332.97","337.35","332.97","969.34K","0.64%"
"04/07/2021","333.97","332.72","334.26","329.87","933.44K","0.85%"
"04/06/2021","331.16","327.98","332.31","327.10","796.45K","0.15%"
"04/05/2021","330.65","322.90","331.00","322.90","1.17M","2.61%"
"04/01/2021","322.24","323.04","325.08","321.31","855.31K","-0.43%"
"03/31/2021","323.64","321.62","324.32","320.27","1.01M","0.30%"
"03/30/2021","322.68","323.06","324.70","321.56","893.02K","-0.15%"
"03/29/2021","323.15","319.70","326.15","319.70","907.75K","1.29%"
"03/26/2021","319.02","321.29","323.19","315.67","1.05M","-0.68%"
"03/25/2021","321.19","317.15","322.00","316.29","1.03M","1.63%"
"03/24/2021","316.03","315.14","321.37","315.14","1.08M","0.60%"
"03/23/2021","314.14","313.12","317.40","313.12","1.16M","-0.02%"
"03/22/2021","314.21","308.04","315.70","307.31","1.19M","1.80%"
"03/19/2021","308.65","315.58","316.45","308.61","2.01M","-2.00%"
"03/18/2021","314.94","310.18","315.59","310.18","1.02M","1.41%"
"03/17/2021","310.57","306.85","315.25","306.85","1.10M","1.55%"
"03/16/2021","305.84","305.74","307.42","301.30","815.37K","0.03%"
"03/15/2021","305.74","304.01","306.72","303.24","835.82K","1.31%"
"03/12/2021","301.79","302.47","303.30","300.93","932.03K","0.79%"
"03/11/2021","299.41","299.39","301.08","297.28","873.99K","-0.20%"
"03/10/2021","300.00","299.31","302.12","295.87","985.33K","0.57%"
"03/09/2021","298.30","303.83","304.52","297.30","1.30M","-2.40%"
"03/08/2021","305.62","303.39","310.17","301.56","1.30M","1.57%"
"03/05/2021","300.91","298.76","302.48","295.16","1.01M","1.14%"
"03/04/2021","297.51","299.47","303.88","295.33","1.43M","-0.53%"
"03/03/2021","299.10","298.50","304.98","297.98","848.40K","0.11%"
"03/02/2021","298.78","293.50","300.50","293.26","1.80M","1.81%"
"03/01/2021","293.46","292.55","297.42","292.55","1.08M","0.62%"
"02/26/2021","291.66","299.72","300.08","291.60","1.16M","-3.39%"
"02/25/2021","301.89","301.00","306.48","299.82","1.39M","0.05%"
"02/24/2021","301.73","299.85","304.47","296.91","1.14M","1.02%"
"02/23/2021","298.68","300.47","304.56","295.65","1.25M","0.25%"
"02/22/2021","297.94","295.10","299.47","294.02","1.26M","0.24%"
"02/19/2021","297.24","298.44","298.85","296.29","1.20M","-0.21%"
"02/18/2021","297.86","295.80","298.77","295.05","719.41K","0.23%"
"02/17/2021","297.18","290.75","297.23","288.08","1.05M","2.17%"
"02/16/2021","290.88","296.87","298.13","290.61","1.01M","-2.18%"
"02/12/2021","297.36","298.52","301.51","296.11","654.24K","-0.76%"
"02/11/2021","299.63","302.58","304.20","299.14","1.02M","-1.32%"
"02/10/2021","303.63","304.65","304.65","302.39","847.36K","-0.05%"
"02/09/2021","303.78","299.01","306.65","298.06","1.30M","1.22%"
"02/08/2021","300.13","301.00","301.60","298.09","1.59M","0.45%"
"02/05/2021","298.79","303.36","304.65","298.56","1.15M","-1.01%"
"02/04/2021","301.85","301.49","303.72","299.72","1.30M","0.37%"
"02/03/2021","300.74","298.52","301.95","297.77","970.57K","0.25%"
"02/02/2021","300.00","294.81","302.12","294.02","2.23M","2.63%"
"02/01/2021","292.31","288.43","294.13","287.60","1.32M","1.99%"
"01/29/2021","286.61","289.58","289.59","282.88","1.66M","-2.19%"
"01/28/2021","293.03","292.12","296.21","291.30","1.40M","0.27%"
"01/27/2021","292.24","292.89","296.07","291.16","1.39M","-0.30%"
"01/26/2021","293.11","299.80","300.40","292.50","985.16K","-2.08%"
"01/25/2021","299.35","299.68","305.20","297.89","1.47M","0.40%"
"01/22/2021","298.16","296.00","300.60","294.55","989.22K","0.43%"
"01/21/2021","296.87","297.47","299.82","296.40","975.66K","-0.64%"
"01/20/2021","298.78","300.00","301.07","297.05","985.83K","0.26%"
"01/19/2021","298.02","303.50","304.00","297.86","1.36M","-0.91%"
"01/15/2021","300.75","302.70","303.52","298.95","1.78M","-0.75%"
"01/14/2021","303.02","302.03","308.84","301.97","1.38M","1.19%"
"01/13/2021","299.46","298.00","300.01","294.64","1.54M","0.65%"
"01/12/2021","297.54","294.86","298.55","293.50","1.07M","0.95%"
"01/11/2021","294.74","287.76","294.94","287.15","1.22M","2.22%"
"01/08/2021","288.33","292.60","293.59","286.60","2.09M","-1.45%"
"01/07/2021","292.58","296.82","298.94","292.54","1.33M","-2.19%"
"01/06/2021","299.14","293.98","302.09","293.21","952.53K","0.86%"
"01/05/2021","296.59","295.25","298.49","294.00","939.86K","0.62%"
"01/04/2021","294.76","304.07","304.24","292.25","1.27M","-3.27%"
"12/31/2020","304.72","302.61","304.95","300.50","520.51K","0.70%"
"12/30/2020","302.61","301.46","305.55","301.32","528.16K","0.54%"
"12/29/2020","300.99","304.81","305.03","299.15","524.72K","-0.67%"
"12/28/2020","303.02","300.51","304.71","299.31","603.96K","1.14%"
"12/24/2020","299.60","300.59","301.08","296.93","332.70K","-0.35%"
"12/23/2020","300.66","298.29","302.84","297.56","787.02K","1.46%"
"12/22/2020","296.32","297.44","297.82","294.72","964.78K","-0.43%"
"12/21/2020","297.61","299.03","299.91","292.76","1.43M","-1.82%"
"12/18/2020","303.13","300.60","304.96","299.21","2.66M","0.81%"
"12/17/2020","300.68","302.27","306.99","299.67","1.30M","-0.44%"
"12/16/2020","302.01","300.42","304.08","299.31","995.30K","1.17%"
"12/15/2020","298.51","298.34","300.66","297.75","902.75K","0.17%"
"12/14/2020","298.00","301.98","303.39","298.00","700.32K","-0.86%"
"12/11/2020","300.57","298.08","301.21","295.05","860.30K","0.72%"
"12/10/2020","298.43","302.10","305.69","297.88","1.17M","-1.74%"
"12/09/2020","303.73","302.14","304.71","300.07","730.55K","0.59%"
"12/08/2020","301.96","300.76","308.64","300.40","764.33K","0.32%"
"12/07/2020","301.00","306.80","306.94","298.29","907.10K","-2.03%"
"12/04/2020","307.23","304.03","307.69","303.12","794.30K","1.25%"
"12/03/2020","303.43","299.17","304.75","298.72","992.09K","1.56%"
"12/02/2020","298.77","301.10","301.69","297.74","769.70K","-0.77%"
"12/01/2020","301.10","304.18","309.87","300.54","883.22K","-0.38%"
"11/30/2020","302.26","305.30","306.40","299.14","1.15M","-1.23%"
"11/27/2020","306.03","311.37","311.63","305.30","475.07K","-2.00%"
"11/25/2020","312.26","310.06","314.14","307.85","698.68K","0.74%"
"11/24/2020","309.98","309.51","313.61","308.50","918.57K","1.14%"
"11/23/2020","306.49","309.23","311.21","305.50","679.03K","0.02%"
"11/20/2020","306.42","308.88","310.21","305.20","776.88K","-0.99%"
"11/19/2020","309.48","311.22","311.87","306.92","708.37K","-0.36%"
"11/18/2020","310.60","314.74","316.42","310.30","1.19M","-0.65%"
"11/17/2020","312.63","310.33","315.74","309.65","744.50K","-0.03%"
"11/16/2020","312.73","315.38","315.58","311.42","555.12K","0.33%"
"11/13/2020","311.71","308.08","313.12","307.11","493.42K","1.79%"
"11/12/2020","306.23","308.00","308.78","302.34","737.39K","-1.20%"
"11/11/2020","309.96","314.96","314.97","306.02","590.68K","-1.45%"
"11/10/2020","314.51","302.73","316.90","301.48","948.83K","4.39%"
"11/09/2020","301.28","315.00","317.60","300.07","1.73M","-0.03%"
"11/06/2020","301.36","305.74","305.94","296.63","946.73K","-1.96%"
"11/05/2020","307.40","316.50","317.28","306.06","1.41M","-2.61%"
"11/04/2020","315.64","310.00","324.26","309.00","1.68M","3.55%"
"11/03/2020","304.82","299.31","307.12","299.31","864.89K","2.76%"
"11/02/2020","296.63","294.48","298.98","292.74","852.09K","2.35%"
"10/30/2020","289.82","290.87","293.92","285.13","1.23M","-0.88%"
"10/29/2020","292.39","292.54","297.69","291.25","1.26M","-0.43%"
"10/28/2020","293.66","299.58","304.25","293.54","1.22M","-2.80%"
"10/27/2020","302.12","308.67","309.01","302.07","1.08M","-2.49%"
"10/26/2020","309.84","305.40","312.35","301.70","1.31M","0.46%"
"10/23/2020","308.43","305.16","309.56","304.00","1.11M","1.80%"
"10/22/2020","302.99","309.26","314.68","302.99","1.39M","-1.74%"
"10/21/2020","308.37","308.04","309.84","305.91","829.95K","-0.22%"
"10/20/2020","309.05","313.74","313.77","308.28","786.31K","-0.73%"
"10/19/2020","311.33","316.04","318.89","310.82","775.30K","-1.55%"
"10/16/2020","316.24","315.97","319.73","315.56","1.39M","0.45%"
"10/15/2020","314.82","313.53","316.26","312.24","854.01K","-0.02%"
"10/14/2020","314.89","311.43","317.60","311.40","1.12M","0.73%"
"10/13/2020","312.60","315.10","318.43","311.86","636.41K","-1.26%"
"10/12/2020","316.59","314.52","318.81","313.22","834.56K","0.42%"
"10/09/2020","315.28","320.00","322.47","313.63","1.21M","-1.38%"
"10/08/2020","319.68","314.22","319.82","314.22","596.87K","1.84%"
"10/07/2020","313.89","310.40","315.57","310.40","1.02M","1.59%"
"10/06/2020","308.97","320.33","320.33","308.89","1.15M","-1.03%"
"10/05/2020","312.18","315.85","317.23","311.30","881.94K","-0.56%"
"10/02/2020","313.95","309.11","315.14","307.12","1.38M","0.69%"
"10/01/2020","311.81","317.35","321.05","309.36","1.69M","-1.17%"
"09/30/2020","315.49","326.20","326.73","312.25","1.18M","-3.01%"
"09/29/2020","325.28","328.78","330.42","324.43","488.40K","-1.29%"
"09/28/2020","329.52","330.54","333.56","328.72","567.03K","0.46%"
"09/25/2020","328.00","324.13","329.58","322.93","646.26K","1.01%"
"09/24/2020","324.72","327.48","328.70","321.17","575.35K","-1.02%"
"09/23/2020","328.06","334.45","337.33","326.52","790.87K","-1.42%"
"09/22/2020","332.80","327.32","333.46","326.91","651.97K","2.12%"
"09/21/2020","325.89","337.93","338.56","324.41","715.11K","-4.57%"
"09/18/2020","341.50","341.16","345.89","341.16","689.91K","-0.68%"
"09/17/2020","343.84","341.13","345.47","338.08","361.28K","0.11%"
"09/16/2020","343.47","337.25","346.89","335.74","750.23K","1.61%"
"09/15/2020","338.02","337.55","339.95","334.73","523.50K","-0.13%"
"09/14/2020","338.45","340.75","341.66","337.65","552.86K","-0.13%"
"09/11/2020","338.88","333.06","340.17","331.70","489.35K","2.68%"
"09/10/2020","330.02","339.77","341.04","329.41","558.35K","-2.77%"
"09/09/2020","339.41","342.68","342.76","336.66","608.76K","1.45%"
"09/08/2020","334.56","339.89","339.89","334.21","661.76K","-1.32%"
"09/04/2020","339.03","343.99","347.06","337.34","584.38K","-0.94%"
"09/03/2020","342.23","350.65","352.12","339.92","791.97K","-1.76%"
"09/02/2020","348.36","338.82","350.25","338.02","660.84K","2.34%"
"09/01/2020","340.38","340.16","342.87","337.11","538.79K","-0.65%"
"08/31/2020","342.61","343.20","344.46","341.57","557.97K","-0.62%"
"08/28/2020","344.75","347.78","348.55","342.27","513.50K","-1.21%"
"08/27/2020","348.99","343.46","349.23","342.06","669.27K","2.22%"
"08/26/2020","341.41","341.50","342.88","338.02","607.25K","-0.46%"
"08/25/2020","343.00","345.00","345.07","341.45","454.61K","-0.41%"
"08/24/2020","344.42","338.70","344.51","338.41","416.75K","1.94%"
"08/21/2020","337.86","337.30","339.13","336.44","440.79K","0.35%"
"08/20/2020","336.67","337.58","338.44","336.03","338.63K","-0.37%"
"08/19/2020","337.91","337.00","340.32","336.20","488.04K","0.09%"
"08/18/2020","337.60","339.72","339.92","337.27","499.01K","-0.64%"
"08/17/2020","339.76","341.77","344.00","338.52","628.23K","-0.67%"
"08/14/2020","342.06","337.28","343.84","336.86","396.52K","1.02%"
"08/13/2020","338.62","336.79","340.82","335.46","493.04K","-0.23%"
"08/12/2020","339.40","343.18","343.99","337.55","636.81K","-0.72%"
"08/11/2020","341.85","339.19","345.41","338.45","1.53M","1.82%"
"08/10/2020","335.73","330.36","336.27","330.36","1.02M","1.96%"
"08/07/2020","329.27","326.83","332.00","325.48","1.47M","0.90%"
"08/06/2020","326.34","327.99","329.65","325.45","720.30K","-1.02%"
"08/05/2020","329.71","325.92","330.93","325.01","566.42K","1.45%"
"08/04/2020","325.01","324.60","325.29","320.86","538.37K","0.44%"
"08/03/2020","323.59","324.58","326.19","321.83","603.09K","-0.44%"
"07/31/2020","325.01","326.01","326.58","318.20","1.16M","-0.31%"
"07/30/2020","326.01","314.00","329.46","313.01","1.49M","3.41%"
"07/29/2020","315.26","316.14","316.69","310.53","1.30M","0.76%"
"07/28/2020","312.87","307.91","317.94","307.91","709.74K","1.57%"
"07/27/2020","308.02","311.01","311.72","305.88","575.84K","-1.49%"
"07/24/2020","312.69","314.78","318.79","310.26","686.94K","-0.12%"
"07/23/2020","313.06","316.00","318.72","311.69","694.25K","-0.93%"
"07/22/2020","316.00","306.59","316.39","306.01","942.15K","2.53%"
"07/21/2020","308.19","306.33","309.13","302.39","1.01M","2.22%"
"07/20/2020","301.49","306.75","306.76","301.25","922.00K","-1.74%"
"07/17/2020","306.84","305.85","307.68","303.57","1.54M","1.05%"
"07/16/2020","303.65","299.47","305.98","296.50","1.16M","0.96%"
"07/15/2020","300.76","300.12","303.93","298.00","1.20M","1.76%"
"07/14/2020","295.55","291.27","295.85","287.52","1.18M","1.09%"
"07/13/2020","292.35","294.42","296.57","290.29","1.04M","0.12%"
"07/10/2020","292.00","287.17","294.22","286.81","1.50M","2.12%"
"07/09/2020","285.95","299.63","300.31","285.49","1.73M","-5.03%"
"07/08/2020","301.10","304.00","306.55","298.77","908.38K","-1.11%"
"07/07/2020","304.47","310.13","312.50","303.65","741.07K","-2.54%"
"07/06/2020","312.40","313.05","313.50","308.76","739.25K","0.78%"
"07/02/2020","309.97","311.13","313.24","308.62","629.71K","0.59%"
"07/01/2020","308.14","308.87","311.14","306.50","737.87K","0.23%"
"06/30/2020","307.44","308.67","309.22","304.40","772.87K","-0.51%"
"06/29/2020","309.02","304.82","309.02","303.33","734.13K","2.37%"
"06/26/2020","301.86","300.68","306.08","298.93","1.29M","0.04%"
"06/25/2020","301.75","300.37","302.54","294.00","1.29M","-0.05%"
"06/24/2020","301.91","304.61","305.30","299.25","1.22M","-1.69%"
"06/23/2020","307.10","316.85","317.00","306.79","979.86K","-2.68%"
"06/22/2020","315.56","311.93","315.60","309.58","838.13K","0.93%"
"06/19/2020","312.66","322.00","322.57","312.38","1.24M","-1.63%"
"06/18/2020","317.83","319.65","321.49","316.10","741.71K","-1.38%"
"06/17/2020","322.29","323.81","327.26","320.57","613.20K","-0.75%"
"06/16/2020","324.74","324.47","329.47","317.76","1.07M","3.55%"
"06/15/2020","313.62","310.75","316.02","308.55","1.19M","-1.28%"
"06/12/2020","317.68","328.70","328.70","313.08","818.13K","-1.03%"
"06/11/2020","320.99","330.00","336.73","320.82","965.90K","-5.94%"
"06/10/2020","341.25","341.24","344.08","338.46","606.25K","-0.37%"
"06/09/2020","342.53","346.88","346.88","340.98","1.04M","-1.79%"
"06/08/2020","348.79","341.58","349.27","341.48","661.53K","1.96%"
"06/05/2020","342.10","343.25","346.58","339.69","1.26M","1.89%"
"06/04/2020","335.74","336.55","340.94","334.15","689.93K","-0.07%"
"06/03/2020","335.96","329.77","336.69","327.58","1.63M","2.72%"
"06/02/2020","327.06","332.37","333.82","325.05","1.45M","-1.09%"
"06/01/2020","330.67","335.63","342.12","330.25","1.23M","-1.35%"
"05/29/2020","335.20","339.84","340.74","334.40","1.12M","-2.20%"
"05/28/2020","342.73","346.41","348.78","342.31","728.29K","-0.07%"
"05/27/2020","342.98","328.00","343.50","326.20","934.65K","5.80%"
"05/26/2020","324.19","333.21","333.35","323.47","1.22M","-0.53%"
"05/22/2020","325.91","328.95","328.95","323.44","723.94K","-0.67%"
"05/21/2020","328.11","320.59","329.53","319.75","733.43K","2.41%"
"05/20/2020","320.40","331.95","331.95","319.71","899.45K","-2.03%"
"05/19/2020","327.03","330.83","335.19","326.67","563.98K","-1.25%"
"05/18/2020","331.17","330.18","333.84","322.57","934.42K","2.97%"
"05/15/2020","321.63","311.31","324.10","310.25","1.67M","3.11%"
"05/14/2020","311.93","318.26","318.30","307.33","1.12M","-2.66%"
"05/13/2020","320.46","324.44","325.81","317.81","690.58K","-1.55%"
"05/12/2020","325.51","328.88","332.53","325.39","1.10M","-0.60%"
"05/11/2020","327.47","326.10","329.56","324.76","922.36K","-0.05%"
"05/08/2020","327.65","324.25","329.03","322.73","664.88K","1.08%"
"05/07/2020","324.14","326.97","327.00","322.74","593.11K","0.34%"
"05/06/2020","323.03","330.64","331.51","322.52","570.59K","-1.74%"
"05/05/2020","328.74","323.49","331.94","322.26","595.84K","1.92%"
"05/04/2020","322.56","326.36","327.00","319.76","576.43K","-1.68%"
"05/01/2020","328.06","326.96","330.25","324.27","849.72K","-0.79%"
"04/30/2020","330.67","327.56","331.91","322.98","1.14M","-0.35%"
"04/29/2020","331.83","332.55","347.16","321.13","2.04M","-3.69%"
"04/28/2020","344.53","349.27","351.42","342.63","696.15K","-0.08%"
"04/27/2020","344.81","341.96","346.77","340.50","764.54K","1.62%"
"04/24/2020","339.31","338.00","340.84","332.00","560.44K","1.04%"
"04/23/2020","335.83","341.97","344.00","335.60","1.10M","-1.81%"
"04/22/2020","342.01","339.17","343.55","334.96","676.28K","2.50%"
"04/21/2020","333.68","340.95","346.59","332.29","813.39K","-2.97%"
"04/20/2020","343.91","353.66","354.38","343.51","695.66K","-3.48%"
"04/17/2020","356.30","353.61","357.12","347.00","1.24M","2.91%"
"04/16/2020","346.24","343.59","348.35","342.32","879.72K","0.57%"
"04/15/2020","344.29","346.02","346.11","336.51","712.31K","-1.29%"
"04/14/2020","348.79","344.71","352.00","342.00","639.05K","2.93%"
"04/13/2020","338.85","336.71","341.54","334.14","639.37K","0.65%"
"04/09/2020","336.65","334.61","339.12","330.65","1.12M","2.12%"
"04/08/2020","329.67","330.31","336.63","327.08","919.02K","1.27%"
"04/07/2020","325.52","342.71","343.31","324.96","1.10M","-2.05%"
"04/06/2020","332.33","320.00","335.27","319.50","1.05M","5.97%"
"04/03/2020","313.61","313.90","315.55","310.31","834.91K","-0.22%"
"04/02/2020","314.29","301.90","314.73","301.69","1.06M","2.38%"
"04/01/2020","306.99","293.85","309.99","290.62","1.23M","1.47%"
"03/31/2020","302.55","309.17","311.00","300.38","1.98M","-3.56%"
"03/30/2020","313.72","317.41","322.92","308.86","1.26M","0.50%"
"03/27/2020","312.15","311.89","318.77","301.60","1.50M","-2.81%"
"03/26/2020","321.19","290.63","321.92","290.63","1.43M","11.39%"
"03/25/2020","288.36","281.79","301.98","279.00","1.62M","2.52%"
"03/24/2020","281.28","280.25","284.00","272.63","1.66M","4.23%"
"03/23/2020","269.86","280.85","283.25","263.31","1.50M","-4.99%"
"03/20/2020","284.02","300.94","301.17","274.77","1.77M","-4.34%"
"03/19/2020","296.91","321.15","322.99","289.51","1.71M","-8.08%"
"03/18/2020","323.00","301.01","325.85","298.61","1.78M","1.15%"
"03/17/2020","319.33","288.36","319.89","287.58","2.11M","13.00%"
"03/16/2020","282.59","274.59","300.44","274.59","1.52M","-10.15%"
"03/13/2020","314.50","303.66","315.64","289.59","2.31M","8.26%"
"03/12/2020","290.50","296.99","308.96","289.26","2.53M","-8.60%"
"03/11/2020","317.85","325.45","330.36","311.87","1.48M","-5.09%"
"03/10/2020","334.89","324.69","335.14","321.63","1.83M","6.90%"
"03/09/2020","313.28","306.94","320.74","280.00","1.36M","-4.77%"
"03/06/2020","328.96","319.32","331.90","315.84","1.36M","0.36%"
"03/05/2020","327.78","339.48","342.03","325.86","1.21M","-5.53%"
"03/04/2020","346.97","335.57","347.99","330.52","1.19M","5.34%"
"03/03/2020","329.38","335.99","347.90","329.01","1.21M","-1.97%"
"03/02/2020","335.99","330.46","336.93","321.86","1.55M","2.17%"
"02/28/2020","328.84","320.00","329.82","313.98","2.92M","-0.82%"
"02/27/2020","331.57","329.49","337.79","325.00","2.05M","-0.82%"
"02/26/2020","334.32","342.50","347.15","334.31","934.43K","-1.66%"
"02/25/2020","339.97","361.07","361.44","338.78","1.46M","-5.40%"
"02/24/2020","359.39","357.99","365.85","357.72","997.50K","-1.54%"
"02/21/2020","365.01","360.66","365.93","358.03","880.31K","0.48%"
"02/20/2020","363.25","365.28","367.62","360.53","995.30K","-0.79%"
"02/19/2020","366.15","373.22","374.39","365.96","864.67K","-1.68%"
"02/18/2020","372.42","367.70","372.64","365.75","810.89K","0.40%"
"02/14/2020","370.94","368.82","371.64","367.01","635.09K","0.80%"
"02/13/2020","368.00","366.70","370.47","365.04","848.57K","0.07%"
"02/12/2020","367.73","367.61","369.23","363.98","935.44K","-0.08%"
"02/11/2020","368.04","364.56","371.98","363.81","697.65K","1.31%"
"02/10/2020","363.29","361.05","364.03","357.62","716.76K","0.52%"
"02/07/2020","361.42","363.38","366.17","361.12","790.32K","-0.64%"
"02/06/2020","363.75","366.72","366.72","362.50","860.03K","-1.10%"
"02/05/2020","367.80","362.58","368.89","358.80","815.26K","1.66%"
"02/04/2020","361.81","366.63","367.90","360.00","1.05M","-0.53%"
"02/03/2020","363.75","367.33","370.00","362.76","1.32M","-2.89%"
"01/31/2020","374.57","383.33","384.33","372.08","1.09M","-2.68%"
"01/30/2020","384.87","373.10","385.00","369.18","1.40M","0.58%"
"01/29/2020","382.65","384.48","384.48","378.14","639.82K","0.21%"
"01/28/2020","381.84","380.50","383.98","374.22","674.46K","0.73%"
"01/27/2020","379.07","378.36","380.99","375.78","665.31K","-0.67%"
"01/24/2020","381.64","383.02","384.18","380.20","738.01K","0.04%"
"01/23/2020","381.50","375.80","381.64","374.76","1.10M","1.65%"
"01/22/2020","375.32","378.50","380.34","375.22","864.26K","-0.74%"
"01/21/2020","378.13","379.38","381.19","373.96","1.42M","-0.48%"
"01/17/2020","379.97","384.68","384.68","378.29","1.24M","-0.99%"
"01/16/2020","383.78","381.61","384.61","379.57","839.06K","0.93%"
"01/15/2020","380.26","374.68","381.78","374.68","650.66K","1.49%"
"01/14/2020","374.67","375.80","376.18","373.08","740.60K","-0.57%"
"01/13/2020","376.83","375.73","377.76","374.81","668.07K","0.65%"
"01/10/2020","374.39","372.37","375.00","369.76","1.18M","0.55%"
"01/09/2020","372.36","370.56","373.50","369.17","741.72K","0.56%"
"01/08/2020","370.29","376.20","379.27","367.10","1.31M","-1.25%"
"01/07/2020","374.97","373.62","376.71","371.09","875.46K","-0.23%"
"01/06/2020","375.83","379.95","382.26","372.58","2.13M","0.22%"
"01/03/2020","375.01","368.15","375.82","366.37","2.60M","5.43%"
"01/02/2020","355.70","344.44","355.70","343.62","874.96K","3.41%"
"12/31/2019","343.97","348.27","348.98","342.73","907.93K","-1.46%"
"12/30/2019","349.07","347.70","350.75","346.89","575.52K","0.76%"
"12/27/2019","346.44","348.50","349.00","345.42","356.85K","-0.44%"
"12/26/2019","347.96","347.63","348.98","346.02","432.73K","0.25%"
"12/24/2019","347.08","348.82","349.08","345.82","229.40K","-0.30%"
"12/23/2019","348.12","348.54","350.90","346.50","652.25K","0.64%"
"12/20/2019","345.91","343.94","346.22","340.43","1.53M","1.08%"
"12/19/2019","342.21","338.79","343.49","338.01","1.46M","1.04%"
"12/18/2019","338.70","345.56","346.56","338.40","1.15M","-2.06%"
"12/17/2019","345.84","345.40","347.27","343.53","753.68K","0.33%"
"12/16/2019","344.69","344.33","345.69","342.84","972.95K","0.01%"
"12/13/2019","344.65","344.56","347.50","342.79","866.11K","-0.36%"
"12/12/2019","345.90","348.77","349.84","344.01","737.64K","-0.81%"
"12/11/2019","348.71","345.73","348.87","344.61","574.48K","1.23%"
"12/10/2019","344.48","343.06","347.01","343.06","1.04M","0.42%"
"12/09/2019","343.05","344.76","345.61","338.63","1.15M","-0.50%"
"12/06/2019","344.76","346.10","348.15","344.32","947.33K","0.10%"
"12/05/2019","344.41","344.67","345.11","341.91","803.92K","0.35%"
"12/04/2019","343.21","344.75","347.87","343.15","708.87K","0.02%"
"12/03/2019","343.15","340.18","344.12","338.73","1.44M","0.42%"
"12/02/2019","341.73","351.77","352.99","341.61","901.37K","-2.85%"
"11/29/2019","351.77","351.00","351.92","348.90","311.16K","-0.31%"
"11/27/2019","352.88","352.33","355.15","350.64","619.69K","-0.27%"
"11/26/2019","353.85","350.28","356.62","349.17","1.32M","1.17%"
"11/25/2019","349.75","350.33","350.97","348.86","1.03M","0.17%"
"11/22/2019","349.16","349.18","350.04","346.79","630.50K","0.27%"
"11/21/2019","348.22","352.77","354.02","348.10","832.87K","-1.35%"
"11/20/2019","353.00","353.53","356.98","352.43","785.33K","-0.15%"
"11/19/2019","353.54","357.73","358.56","352.61","798.83K","-0.89%"
"11/18/2019","356.70","355.88","358.18","355.46","934.02K","0.01%"
"11/15/2019","356.66","358.46","359.83","356.21","915.16K","0.27%"
"11/14/2019","355.69","353.16","357.62","353.16","628.00K","0.56%"
"11/13/2019","353.72","352.46","355.75","350.52","526.50K","0.58%"
"11/12/2019","351.69","349.43","352.68","349.39","523.62K","0.48%"
"11/11/2019","350.00","348.60","351.73","347.42","559.07K","-0.03%"
"11/08/2019","350.11","342.93","350.69","342.93","833.93K","1.95%"
"11/07/2019","343.43","344.01","345.32","341.15","1.20M","-0.17%"
"11/06/2019","344.02","339.18","344.37","338.10","1.22M","1.83%"
"11/05/2019","337.85","340.00","343.17","335.94","2.46M","-0.83%"
"11/04/2019","340.67","353.65","353.65","338.46","2.05M","-3.25%"
"11/01/2019","352.13","353.35","355.96","351.13","1.17M","-0.10%"
"10/31/2019","352.48","353.38","355.81","350.35","839.42K","-0.45%"
"10/30/2019","354.08","348.05","354.73","347.25","849.48K","1.99%"
"10/29/2019","347.17","346.45","350.16","345.85","749.30K","0.18%"
"10/28/2019","346.53","345.74","348.44","344.28","1.40M","0.44%"
"10/25/2019","345.00","357.58","358.21","344.89","1.61M","-3.34%"
"10/24/2019","356.91","348.00","360.23","340.20","1.36M","1.05%"
"10/23/2019","353.20","352.00","353.77","348.34","1.18M","0.23%"
"10/22/2019","352.38","347.50","355.16","347.00","1.20M","0.57%"
"10/21/2019","350.39","352.61","354.14","349.82","1.18M","0.22%"
"10/18/2019","349.62","357.35","357.51","347.74","2.22M","-1.87%"
"10/17/2019","356.27","364.53","366.01","355.89","1.08M","-2.31%"
"10/16/2019","364.69","361.94","365.16","361.31","555.01K","0.76%"
"10/15/2019","361.94","366.31","368.48","361.13","744.90K","-1.22%"
"10/14/2019","366.42","363.05","369.30","362.68","659.45K","1.16%"
"10/11/2019","362.22","372.45","372.45","358.73","1.58M","-1.77%"
"10/10/2019","368.75","367.53","371.03","366.54","1.01M","0.30%"
"10/09/2019","367.63","370.17","371.33","366.01","1.27M","-0.22%"
"10/08/2019","368.44","366.00","372.17","363.62","736.28K","0.14%"
"10/07/2019","367.92","368.02","371.10","366.96","596.42K","-0.29%"
"10/04/2019","368.98","365.29","370.13","363.58","956.74K","1.28%"
"10/03/2019","364.33","362.34","364.99","359.25","839.38K","0.50%"
"10/02/2019","362.50","366.35","368.55","359.23","1.45M","-1.44%"
"10/01/2019","367.79","375.97","377.09","367.66","1.05M","-1.87%"
"09/30/2019","374.79","372.38","378.58","372.38","877.13K","0.97%"
"09/27/2019","371.18","381.17","382.90","368.81","1.12M","-2.87%"
"09/26/2019","382.15","376.21","383.89","373.68","1.26M","1.90%"
"09/25/2019","375.01","371.03","375.37","369.13","1.35M","1.49%"
"09/24/2019","369.51","371.47","374.52","366.55","1.14M","0.10%"
"09/23/2019","369.13","368.17","372.28","365.80","984.84K","0.26%"
"09/20/2019","368.18","376.57","377.68","368.11","3.50M","-1.97%"
"09/19/2019","375.58","376.88","380.46","374.53","1.03M","-0.49%"
"09/18/2019","377.42","376.40","378.69","371.04","1.21M","0.79%"
"09/17/2019","374.47","371.44","376.99","367.83","1.15M","0.82%"
"09/16/2019","371.43","368.50","372.80","365.01","988.68K","2.13%"
"09/13/2019","363.68","366.70","367.50","363.21","704.42K","-0.42%"
"09/12/2019","365.22","361.72","365.76","357.76","776.45K","1.78%"
"09/11/2019","358.85","355.17","359.66","353.92","1.15M","1.06%"
"09/10/2019","355.09","352.60","355.18","341.24","1.53M","-0.21%"
"09/09/2019","355.83","367.57","368.05","354.99","1.27M","-3.25%"
"09/06/2019","367.77","369.59","371.58","366.94","536.41K","-0.18%"
"09/05/2019","368.43","375.00","375.00","366.96","698.45K","-0.98%"
"09/04/2019","372.06","368.64","372.13","366.86","626.44K","1.59%"
"09/03/2019","366.23","364.65","367.19","362.50","665.97K","-0.45%"
"08/30/2019","367.87","370.59","371.33","367.22","579.05K","-0.02%"
"08/29/2019","367.93","368.01","368.81","364.25","626.33K","1.11%"
"08/28/2019","363.90","363.34","368.40","361.16","573.27K","-0.08%"
"08/27/2019","364.18","367.53","367.53","361.60","410.96K","-0.67%"
"08/26/2019","366.65","364.12","366.82","361.50","445.98K","1.42%"
"08/23/2019","361.50","369.49","373.14","359.78","673.11K","-2.83%"
"08/22/2019","372.02","369.50","373.48","366.58","640.36K","0.78%"
"08/21/2019","369.14","372.13","373.19","366.50","654.98K","0.04%"
"08/20/2019","369.01","370.13","372.88","368.29","517.21K","-0.29%"
"08/19/2019","370.08","371.80","372.53","369.70","548.42K","0.59%"
"08/16/2019","367.91","367.82","369.29","364.79","841.58K","0.74%"
"08/15/2019","365.22","363.00","366.04","359.60","705.88K","1.05%"
"08/14/2019","361.42","365.56","367.51","360.35","871.85K","-2.49%"
"08/13/2019","370.66","375.56","377.34","368.91","1.00M","-0.68%"
"08/12/2019","373.21","368.15","373.99","367.35","933.05K","0.72%"
"08/09/2019","370.54","368.80","374.68","364.64","896.88K","0.43%"
"08/08/2019","368.96","364.55","372.41","363.42","1.43M","2.09%"
"08/07/2019","361.42","351.94","363.41","350.35","1.49M","2.02%"
"08/06/2019","354.25","349.99","355.43","348.19","1.01M","3.34%"
"08/05/2019","342.81","337.77","346.79","334.96","968.50K","0.48%"
"08/02/2019","341.16","345.00","346.98","338.52","621.73K","-1.12%"
"08/01/2019","345.02","345.27","350.33","343.93","660.50K","-0.16%"
"07/31/2019","345.57","351.04","353.99","344.46","1.11M","-2.08%"
"07/30/2019","352.91","354.25","355.31","349.27","603.39K","-0.71%"
"07/29/2019","355.43","352.54","356.01","350.90","698.66K","0.83%"
"07/26/2019","352.52","353.61","354.47","349.50","896.52K","-0.62%"
"07/25/2019","354.72","345.97","358.96","344.31","1.89M","3.43%"
"07/24/2019","342.97","323.88","344.77","321.61","1.90M","5.86%"
"07/23/2019","323.99","326.30","326.48","318.90","1.59M","0.24%"
"07/22/2019","323.20","321.01","324.04","320.35","604.57K","0.32%"
"07/19/2019","322.16","323.46","324.92","321.17","881.36K","0.32%"
"07/18/2019","321.14","322.00","322.03","319.07","637.93K","-0.27%"
"07/17/2019","322.00","323.16","324.13","319.59","567.73K","-0.57%"
"07/16/2019","323.83","325.59","326.76","323.00","625.40K","-0.44%"
"07/15/2019","325.27","330.10","330.26","324.20","624.64K","-1.29%"
"07/12/2019","329.53","326.28","329.61","323.26","654.71K","1.42%"
"07/11/2019","324.93","324.57","328.26","324.02","718.83K","0.27%"
"07/10/2019","324.06","326.16","328.80","323.85","452.11K","-0.54%"
"07/09/2019","325.81","323.26","325.95","321.10","481.70K","0.56%"
"07/08/2019","323.99","324.03","325.87","322.50","377.15K","-0.37%"
"07/05/2019","325.20","324.53","325.26","320.81","325.62K","-0.02%"
"07/03/2019","325.25","325.00","325.57","322.72","351.97K","0.48%"
"07/02/2019","323.69","319.83","323.99","319.21","547.49K","1.62%"
"07/01/2019","318.54","325.00","325.00","317.88","746.44K","-1.41%"
"06/28/2019","323.11","318.23","323.93","316.45","842.82K","1.52%"
"06/27/2019","318.28","319.13","319.70","316.26","640.86K","-0.13%"
"06/26/2019","318.70","321.26","322.74","318.06","590.55K","-0.76%"
"06/25/2019","321.15","322.21","323.44","319.50","559.19K","-0.10%"
"06/24/2019","321.48","322.82","324.52","321.36","359.19K","-0.21%"
"06/21/2019","322.16","324.89","324.93","320.73","1.10M","-0.51%"
"06/20/2019","323.82","317.74","324.35","317.74","1.20M","2.74%"
"06/19/2019","315.19","313.24","315.59","312.06","698.69K","0.64%"
"06/18/2019","313.19","310.62","315.46","309.48","679.03K","1.20%"
"06/17/2019","309.47","310.85","310.85","307.09","572.48K","0.01%"
"06/14/2019","309.43","308.45","310.48","306.59","768.33K","0.59%"
"06/13/2019","307.63","306.22","308.25","300.44","1.33M","0.91%"
"06/12/2019","304.85","301.20","305.28","299.96","771.47K","1.37%"
"06/11/2019","300.73","311.31","312.81","298.23","1.60M","-3.40%"
"06/10/2019","311.31","323.00","323.73","310.21","1.09M","-2.19%"
"06/07/2019","318.29","315.89","319.37","314.32","1.01M","1.10%"
"06/06/2019","314.82","316.78","317.32","314.38","595.02K","-0.62%"
"06/05/2019","316.77","313.90","316.99","312.54","703.00K","1.44%"
"06/04/2019","312.27","307.87","313.75","307.76","796.70K","1.74%"
"06/03/2019","306.94","303.01","308.38","303.01","746.47K","1.22%"
"05/31/2019","303.25","304.56","307.83","303.13","667.68K","-2.12%"
"05/30/2019","309.81","306.98","311.22","306.98","1.10M","1.24%"
"05/29/2019","306.01","306.78","307.72","303.70","582.18K","-0.72%"
"05/28/2019","308.23","310.88","312.75","307.60","1.42M","-1.23%"
"05/24/2019","312.07","312.42","314.80","309.77","723.68K","0.32%"
"05/23/2019","311.09","313.70","314.21","308.11","1.12M","-1.75%"
"05/22/2019","316.63","315.74","317.06","314.37","952.09K","0.12%"
"05/21/2019","316.24","315.13","317.50","309.60","1.39M","0.53%"
"05/20/2019","314.58","306.30","315.01","306.01","1.43M","2.57%"
"05/17/2019","306.69","302.84","308.73","301.56","1.17M","0.65%"
"05/16/2019","304.71","296.25","306.35","295.75","1.05M","3.47%"
"05/15/2019","294.49","293.81","296.79","291.30","619.94K","-0.39%"
"05/14/2019","295.64","295.82","299.97","294.50","1.26M","0.05%"
"05/13/2019","295.48","295.02","296.73","292.18","987.03K","-1.77%"
"05/10/2019","300.80","294.63","301.00","293.93","1.42M","1.97%"
"05/09/2019","295.00","287.79","296.25","287.13","1.13M","1.53%"
"05/08/2019","290.56","288.25","291.52","287.71","667.77K","0.76%"
"05/07/2019","288.38","289.53","289.83","284.56","731.75K","-1.02%"
"05/06/2019","291.34","287.50","292.37","286.77","548.97K","-0.24%"
"05/03/2019","292.04","291.05","292.24","290.33","974.79K","0.73%"
"05/02/2019","289.93","288.49","291.12","286.69","1.03M","0.21%"
"05/01/2019","289.31","289.94","292.93","288.96","825.81K","-0.21%"
"04/30/2019","289.91","288.47","290.70","286.52","930.98K","1.37%"
"04/29/2019","286.00","283.59","287.69","282.49","954.41K","1.01%"
"04/26/2019","283.13","279.86","284.84","277.64","953.25K","1.41%"
"04/25/2019","279.19","279.40","281.09","273.70","1.30M","-0.29%"
"04/24/2019","280.00","289.55","290.45","278.25","2.44M","-4.31%"
"04/23/2019","292.61","287.70","294.92","287.43","1.68M","3.44%"
"04/22/2019","282.89","280.19","283.27","278.75","494.91K","0.62%"
"04/18/2019","281.16","279.27","282.60","278.11","545.57K","0.86%"
"04/17/2019","278.77","283.46","283.80","278.68","665.88K","-1.01%"
"04/16/2019","281.61","280.50","282.27","279.66","608.80K","0.50%"
"04/15/2019","280.22","282.92","283.64","280.20","474.38K","-1.00%"
"04/12/2019","283.05","278.26","283.35","278.26","1.11M","2.04%"
"04/11/2019","277.39","272.05","277.92","271.52","661.91K","2.54%"
"04/10/2019","270.53","272.98","273.87","269.42","774.49K","-1.08%"
"04/09/2019","273.47","275.27","276.22","272.70","484.23K","-1.24%"
"04/08/2019","276.90","275.00","277.22","273.48","607.55K","0.22%"
"04/05/2019","276.30","274.80","276.36","272.22","734.42K","1.95%"
"04/04/2019","271.01","267.51","273.10","266.74","1.13M","1.59%"
"04/03/2019","266.76","273.88","273.88","264.50","1.32M","-2.40%"
"04/02/2019","273.33","274.35","275.54","272.60","542.65K","-0.28%"
"04/01/2019","274.11","271.13","275.62","271.13","759.21K","1.67%"
"03/29/2019","269.60","268.84","270.65","268.07","934.96K","0.97%"
"03/28/2019","267.00","265.14","267.58","263.82","1.08M","1.17%"
"03/27/2019","263.92","265.81","268.50","263.29","809.71K","-0.73%"
"03/26/2019","265.85","270.60","271.36","263.92","1.07M","-1.02%"
"03/25/2019","268.60","269.01","270.02","266.85","557.32K","0.09%"
"03/22/2019","268.36","271.99","271.99","267.20","830.11K","-1.51%"
"03/21/2019","272.48","269.33","273.71","269.22","612.37K","0.75%"
"03/20/2019","270.46","271.01","272.77","268.51","869.10K","-0.20%"
"03/19/2019","271.01","276.05","278.65","270.57","1.03M","-1.41%"
"03/18/2019","274.89","271.39","275.82","270.62","1.20M","1.36%"
"03/15/2019","271.21","274.30","275.51","270.08","2.70M","-1.29%"
"03/14/2019","274.75","278.44","280.21","274.31","804.13K","-1.58%"
"03/13/2019","279.16","275.02","280.63","274.41","896.79K","1.45%"
"03/12/2019","275.17","279.41","280.00","274.41","1.02M","-1.45%"
"03/11/2019","279.22","273.96","279.37","272.58","758.81K","1.18%"
"03/08/2019","275.96","275.51","276.17","272.41","636.74K","-0.17%"
"03/07/2019","276.44","280.01","280.01","273.04","1.31M","-1.43%"
"03/06/2019","280.46","283.31","284.95","280.38","547.19K","-0.85%"
"03/05/2019","282.87","283.78","284.96","282.30","667.75K","-0.08%"
"03/04/2019","283.10","287.54","290.33","282.10","704.88K","-1.36%"
"03/01/2019","287.00","291.00","291.35","285.62","789.96K","-1.02%"
"02/28/2019","289.96","286.20","291.55","286.00","1.04M","1.11%"
"02/27/2019","286.77","285.70","287.36","284.38","808.96K","0.08%"
"02/26/2019","286.55","286.73","289.03","285.78","530.26K","-0.17%"
"02/25/2019","287.05","290.00","290.17","286.53","548.33K","-0.57%"
"02/22/2019","288.71","288.00","288.90","286.00","613.75K","0.42%"
"02/21/2019","287.50","288.38","288.51","285.60","608.88K","-0.25%"
"02/20/2019","288.22","287.84","288.43","286.31","1.03M","0.30%"
"02/19/2019","287.35","285.99","287.72","284.58","651.05K","0.13%"
"02/15/2019","286.98","283.41","287.07","282.55","929.52K","2.27%"
"02/14/2019","280.60","281.60","282.03","279.12","842.82K","-0.95%"
"02/13/2019","283.30","285.95","286.08","282.76","1.25M","-0.27%"
"02/12/2019","284.08","282.77","284.93","281.54","680.02K","0.93%"
"02/11/2019","281.47","280.91","283.11","280.46","1.19M","0.30%"
"02/08/2019","280.62","277.44","280.71","276.54","726.46K","0.75%"
"02/07/2019","278.53","279.51","281.16","275.77","872.41K","-0.67%"
"02/06/2019","280.41","278.40","281.64","278.20","888.54K","0.70%"
"02/05/2019","278.46","280.00","281.20","274.66","841.36K","-0.10%"
"02/04/2019","278.73","272.98","278.91","272.63","1.32M","2.11%"
"02/01/2019","272.96","276.91","278.97","272.54","1.58M","-0.94%"
"01/31/2019","275.55","271.67","284.55","269.50","2.02M","-1.88%"
"01/30/2019","280.82","280.53","283.17","276.13","1.35M","0.25%"
"01/29/2019","280.13","274.23","281.49","273.36","1.56M","2.13%"
"01/28/2019","274.30","269.83","274.50","267.88","761.90K","0.54%"
"01/25/2019","272.84","273.28","274.25","271.00","966.34K","1.12%"
"01/24/2019","269.82","270.66","271.70","266.90","858.41K","-0.15%"
"01/23/2019","270.23","266.92","273.38","266.00","1.03M","2.08%"
"01/22/2019","264.73","266.91","268.27","262.77","531.42K","-1.13%"
"01/18/2019","267.75","266.31","270.50","265.59","1.51M","1.39%"
"01/17/2019","264.08","254.88","266.87","254.56","1.44M","3.26%"
"01/16/2019","255.74","259.18","259.18","255.61","668.67K","-1.24%"
"01/15/2019","258.94","260.28","261.92","255.38","965.36K","-0.39%"
"01/14/2019","259.96","256.50","262.86","254.89","982.72K","1.53%"
"01/11/2019","256.05","255.24","256.21","252.44","668.18K","-0.62%"
"01/10/2019","257.66","251.08","257.85","250.35","1.06M","2.19%"
"01/09/2019","252.15","250.91","253.19","249.48","727.70K","0.47%"
"01/08/2019","250.96","251.40","253.39","248.01","1.08M","0.45%"
"01/07/2019","249.83","247.60","251.35","245.01","1.39M","0.78%"
"01/04/2019","247.90","243.37","247.95","242.52","1.13M","3.33%"
"01/03/2019","239.92","244.77","245.06","238.30","1.70M","-2.62%"
"01/02/2019","246.37","241.17","246.56","237.08","1.64M","0.60%"
"12/31/2018","244.90","243.31","246.92","241.72","1.11M","1.09%"
"12/28/2018","242.25","241.37","246.23","239.08","1.27M","1.12%"
"12/27/2018","239.57","231.05","239.62","228.00","1.25M","2.98%"
"12/26/2018","232.64","226.53","233.07","223.63","1.64M","2.83%"
"12/24/2018","226.23","232.60","234.21","226.13","814.48K","-3.83%"
"12/21/2018","235.24","238.28","242.27","233.86","3.05M","-3.44%"
"12/20/2018","243.62","251.40","253.00","241.71","1.52M","-3.84%"
"12/19/2018","253.35","256.80","261.85","250.91","1.31M","-1.40%"
"12/18/2018","256.94","259.21","261.56","254.28","1.01M","-0.12%"
"12/17/2018","257.24","261.17","263.05","255.83","1.03M","-2.08%"
"12/14/2018","262.71","265.00","267.23","261.42","1.11M","-1.92%"
"12/13/2018","267.85","269.68","270.56","265.52","1.74M","-0.84%"
"12/12/2018","270.11","270.17","272.84","269.51","1.47M","0.79%"
"12/11/2018","268.00","275.05","279.03","264.19","1.92M","-0.83%"
"12/10/2018","270.23","260.61","272.00","260.61","3.01M","4.93%"
"12/07/2018","257.54","256.95","261.02","255.36","1.76M","0.21%"
"12/06/2018","257.01","246.53","257.01","245.57","2.69M","2.87%"
"12/04/2018","249.84","260.22","261.21","248.63","2.89M","-4.45%"
"12/03/2018","261.47","262.41","265.47","259.07","2.15M","0.61%"
"11/30/2018","259.88","260.59","260.91","254.84","4.01M","-0.30%"
"11/29/2018","260.67","263.19","263.52","258.40","1.66M","-0.94%"
"11/28/2018","263.14","261.18","263.98","259.55","1.22M","1.08%"
"11/27/2018","260.34","264.24","264.76","256.05","1.70M","-2.09%"
"11/26/2018","265.90","268.08","270.80","263.77","1.03M","-0.26%"
"11/23/2018","266.59","266.08","268.68","265.34","413.71K","-0.42%"
"11/21/2018","267.71","268.08","270.95","266.47","1.33M","0.34%"
"11/20/2018","266.81","262.77","267.98","258.87","1.49M","-0.91%"
"11/19/2018","269.26","272.99","272.99","266.52","1.75M","-1.24%"
"11/16/2018","272.64","271.03","275.23","269.89","1.02M","0.11%"
"11/15/2018","272.35","269.28","274.90","267.17","959.88K","0.60%"
"11/14/2018","270.72","275.90","277.15","270.38","1.53M","-1.07%"
"11/13/2018","273.64","277.09","279.17","273.02","1.47M","-1.41%"
"11/12/2018","277.55","285.58","285.58","277.33","910.80K","-2.86%"
"11/09/2018","285.73","281.84","287.22","280.01","786.52K","0.60%"
"11/08/2018","284.03","286.62","288.54","279.52","1.46M","-0.66%"
"11/07/2018","285.91","284.00","285.97","280.38","1.53M","1.12%"
"11/06/2018","282.74","278.40","283.20","278.40","1.93M","1.18%"
"11/05/2018","279.44","275.37","280.26","274.73","1.30M","2.06%"
"11/02/2018","273.80","274.53","277.84","272.22","1.84M","0.24%"
"11/01/2018","273.15","263.47","273.65","263.20","1.81M","4.28%"
"10/31/2018","261.95","263.74","266.82","261.66","1.55M","0.33%"
"10/30/2018","261.10","254.88","261.25","251.66","2.45M","1.87%"
"10/29/2018","256.30","273.39","273.90","253.12","2.52M","-5.02%"
"10/26/2018","269.84","267.11","271.93","263.54","1.97M","-0.05%"
"10/25/2018","269.98","286.23","286.99","268.51","2.74M","-5.56%"
"10/24/2018","285.86","310.38","311.00","285.15","2.42M","-6.00%"
"10/23/2018","304.12","302.74","309.72","299.58","1.34M","-0.86%"
"10/22/2018","306.75","308.53","308.53","305.34","764.45K","-0.30%"
"10/19/2018","307.67","307.75","310.24","306.55","1.40M","-0.17%"
"10/18/2018","308.20","307.96","310.25","304.23","976.23K","-0.42%"
"10/17/2018","309.50","311.57","312.62","309.12","1.10M","-0.83%"
"10/16/2018","312.09","306.45","312.34","305.08","1.19M","2.12%"
"10/15/2018","305.60","303.10","307.89","302.74","896.66K","1.07%"
"10/12/2018","302.37","300.87","302.86","294.96","1.37M","1.60%"
"10/11/2018","297.62","307.08","308.51","296.21","1.38M","-3.70%"
"10/10/2018","309.05","313.24","313.79","306.87","1.45M","-1.64%"
"10/09/2018","314.20","317.89","318.14","314.07","873.62K","-1.50%"
"10/08/2018","319.00","318.68","320.90","316.61","775.97K","-0.42%"
"10/05/2018","320.34","318.58","321.34","316.59","1.09M","0.71%"
"10/04/2018","318.09","317.76","318.39","315.61","787.60K","0.14%"
"10/03/2018","317.63","320.00","321.72","317.50","877.45K","-0.36%"
"10/02/2018","318.77","319.10","319.66","317.85","757.39K","0.08%"
"10/01/2018","318.50","318.05","319.44","316.10","831.65K","0.36%"
"09/28/2018","317.37","316.41","317.63","315.10","1.02M","0.19%"
"09/27/2018","316.77","314.28","316.85","312.49","1.29M","0.70%"
"09/26/2018","314.58","315.49","316.54","313.06","1.50M","0.05%"
"09/25/2018","314.41","306.68","314.74","306.11","1.17M","2.71%"
"09/24/2018","306.11","306.66","307.10","304.10","815.86K","-0.19%"
"09/21/2018","306.69","303.00","307.93","302.76","1.69M","1.75%"
"09/20/2018","301.41","311.80","312.85","296.66","2.47M","-3.47%"
"09/19/2018","312.26","317.66","319.10","310.97","1.82M","-1.69%"
"09/18/2018","317.63","311.43","318.06","311.43","1.31M","2.13%"
"09/17/2018","311.02","307.44","311.50","307.01","1.12M","1.20%"
"09/14/2018","307.34","303.80","307.73","303.01","838.04K","1.30%"
"09/13/2018","303.41","303.50","308.04","300.03","1.19M","-0.04%"
"09/12/2018","303.53","302.05","304.42","301.46","899.48K","0.18%"
"09/11/2018","302.97","302.90","305.43","301.80","1.25M","-0.32%"
"09/10/2018","303.94","300.88","304.02","298.57","1.78M","1.14%"
"09/07/2018","300.52","301.22","301.35","298.42","740.65K","-0.39%"
"09/06/2018","301.69","297.04","302.18","297.04","1.17M","1.66%"
"09/05/2018","296.75","296.95","298.15","295.75","646.63K","-0.30%"
"09/04/2018","297.65","297.68","298.71","296.22","1.10M","-0.28%"
"08/31/2018","298.49","297.55","299.25","296.93","1.04M","-0.07%"
"08/30/2018","298.69","297.03","299.50","296.18","1.01M","0.53%"
"08/29/2018","297.11","299.31","300.60","296.32","1.23M","-1.10%"
"08/28/2018","300.41","300.44","300.76","298.11","797.61K","0.09%"
"08/27/2018","300.13","299.18","300.89","298.15","636.20K","0.70%"
"08/24/2018","298.04","296.36","299.85","296.36","975.53K","0.15%"
"08/23/2018","297.58","296.61","299.66","295.74","1.41M","0.11%"
"08/22/2018","297.24","297.09","299.19","296.70","984.84K","-0.32%"
"08/21/2018","298.18","296.79","298.74","296.62","1.65M","0.23%"
"08/20/2018","297.50","295.00","298.60","294.30","1.17M","1.06%"
"08/17/2018","294.39","291.24","295.80","290.77","1.13M","0.82%"
"08/16/2018","291.99","292.26","293.73","291.26","934.99K","0.16%"
"08/15/2018","291.51","292.57","293.19","290.00","1.06M","-0.80%"
"08/14/2018","293.86","292.98","296.30","292.03","949.52K","0.63%"
"08/13/2018","292.02","291.23","293.42","290.29","896.44K","0.24%"
"08/10/2018","291.32","290.83","294.70","289.30","987.69K","-0.04%"
"08/09/2018","291.43","295.70","295.72","289.86","1.65M","-1.19%"
"08/08/2018","294.95","295.39","295.80","293.25","675.64K","-0.10%"
"08/07/2018","295.26","295.69","297.82","293.01","1.08M","-0.06%"
"08/06/2018","295.43","296.51","297.04","292.38","996.98K","-0.61%"
"08/03/2018","297.25","298.43","298.67","295.00","704.03K","-0.48%"
"08/02/2018","298.69","297.70","300.12","296.72","924.34K","-0.73%"
"08/01/2018","300.90","300.00","301.46","297.73","1.48M","0.14%"
"07/31/2018","300.49","296.70","302.56","294.72","1.72M","1.92%"
"07/30/2018","294.83","300.67","301.64","294.16","1.27M","-2.26%"
"07/27/2018","301.65","295.99","302.57","295.99","2.15M","2.15%"
"07/26/2018","295.31","293.50","295.51","287.09","3.21M","-0.06%"
"07/25/2018","295.50","310.00","312.87","293.27","4.47M","-6.54%"
"07/24/2018","316.17","320.15","323.78","310.55","1.93M","-0.16%"
"07/23/2018","316.67","324.68","324.68","316.35","787.59K","-2.24%"
"07/20/2018","323.93","322.73","325.28","321.42","681.27K","-0.07%"
"07/19/2018","324.16","322.95","324.41","321.02","856.27K","0.14%"
"07/18/2018","323.71","322.17","324.41","320.52","921.21K","0.78%"
"07/17/2018","321.20","320.95","322.53","319.69","762.77K","0.27%"
"07/16/2018","320.33","322.79","324.47","320.08","607.58K","-0.44%"
"07/13/2018","321.73","319.95","322.31","316.28","1.42M","-0.12%"
"07/12/2018","322.13","315.68","322.51","314.04","1.22M","3.32%"
"07/11/2018","311.77","313.11","314.58","311.05","720.86K","-1.06%"
"07/10/2018","315.12","313.75","315.50","312.57","801.09K","0.45%"
"07/09/2018","313.70","308.49","315.34","308.12","864.28K","2.06%"
"07/06/2018","307.36","307.37","310.09","305.12","690.21K","-0.29%"
"07/05/2018","308.25","309.54","310.51","305.55","677.81K","-0.19%"
"07/03/2018","308.84","309.91","312.10","307.78","335.99K","-0.01%"
"07/02/2018","308.87","306.44","310.98","304.62","636.73K","0.38%"
"06/29/2018","307.70","308.46","312.88","307.44","695.08K","-0.01%"
"06/28/2018","307.72","306.73","309.73","303.02","879.86K","0.37%"
"06/27/2018","306.59","309.93","313.24","306.48","1.05M","-0.89%"
"06/26/2018","309.34","314.17","315.14","309.03","1.13M","-1.40%"
"06/25/2018","313.72","309.39","314.93","309.01","1.24M","0.53%"
"06/22/2018","312.06","315.00","316.47","311.39","955.21K","-0.44%"
"06/21/2018","313.45","310.95","313.89","307.26","1.65M","0.44%"
"06/20/2018","312.08","314.33","315.10","311.56","999.90K","-0.56%"
"06/19/2018","313.84","318.82","320.72","313.02","1.12M","-2.66%"
"06/18/2018","322.42","320.80","323.44","320.06","933.17K","0.28%"
"06/15/2018","321.52","322.56","323.92","318.81","1.54M","-0.32%"
"06/14/2018","322.56","328.02","330.00","321.50","1.14M","-1.60%"
"06/13/2018","327.82","329.17","331.25","326.66","928.89K","-0.46%"
"06/12/2018","329.35","335.91","335.91","327.19","1.22M","-1.50%"
"06/11/2018","334.36","338.50","339.84","333.82","863.51K","-1.26%"
"06/08/2018","338.63","338.97","339.20","336.14","849.10K","0.17%"
"06/07/2018","338.07","336.67","340.14","336.35","748.95K","0.85%"
"06/06/2018","335.22","332.41","337.25","332.41","1.36M","1.83%"
"06/05/2018","329.19","333.33","333.43","328.43","867.90K","-1.09%"
"06/04/2018","332.81","330.00","333.17","329.29","684.72K","0.85%"
"06/01/2018","329.99","327.64","330.19","327.64","884.24K","0.84%"
"05/31/2018","327.25","330.14","331.79","326.60","2.13M","-1.30%"
"05/30/2018","331.57","328.07","332.00","325.70","733.10K","1.56%"
"05/29/2018","326.48","330.14","331.52","323.72","1.06M","-1.64%"
"05/25/2018","331.93","333.00","333.93","330.17","1.05M","-0.26%"
"05/24/2018","332.81","328.00","333.55","327.09","1.39M","1.40%"
"05/23/2018","328.23","323.09","328.36","322.18","825.31K","1.15%"
"05/22/2018","324.50","330.15","330.15","323.19","1.56M","-2.07%"
"05/21/2018","331.36","330.71","332.93","328.93","734.95K","0.71%"
"05/18/2018","329.02","325.15","330.29","325.00","1.19M","1.39%"
"05/17/2018","324.52","321.14","325.74","320.66","1.01M","1.05%"
"05/16/2018","321.16","321.82","324.92","320.20","982.51K","0.37%"
"05/15/2018","319.97","317.35","323.35","316.37","1.25M","0.39%"
"05/14/2018","318.72","325.16","325.60","318.08","1.19M","-2.02%"
"05/11/2018","325.30","326.65","326.95","324.38","826.85K","-0.34%"
"05/10/2018","326.41","329.60","330.49","325.80","1.23M","-0.36%"
"05/09/2018","327.59","330.19","331.63","326.20","1.17M","-0.51%"
"05/08/2018","329.27","319.36","330.22","318.27","2.06M","3.83%"
"05/07/2018","317.13","315.62","319.37","314.28","1.17M","1.05%"
"05/04/2018","313.85","313.43","315.23","311.54","993.63K","-0.58%"
"05/03/2018","315.68","305.90","319.62","304.03","1.99M","2.77%"
"05/02/2018","307.16","307.22","315.62","305.22","2.17M","-0.02%"
"05/01/2018","307.22","322.21","322.74","302.35","3.29M","-4.60%"
"04/30/2018","322.04","323.06","326.51","321.35","1.10M","0.06%"
"04/27/2018","321.85","333.00","333.37","320.83","1.47M","-3.63%"
"04/26/2018","333.96","335.00","339.88","327.75","1.37M","0.40%"
"04/25/2018","332.62","337.00","340.67","318.01","2.14M","-2.61%"
"04/24/2018","341.52","358.13","359.35","332.66","1.89M","-4.10%"
"04/23/2018","356.12","356.67","358.87","353.09","886.33K","0.06%"
"04/20/2018","355.92","359.48","359.48","354.63","653.33K","-0.59%"
"04/19/2018","358.02","357.79","359.88","356.19","676.87K","0.09%"
"04/18/2018","357.70","357.12","359.45","354.10","626.33K","0.75%"
"04/17/2018","355.04","352.86","356.01","349.94","1.25M","0.94%"
"04/16/2018","351.75","353.15","353.99","350.70","841.41K","0.33%"
"04/13/2018","350.60","353.58","353.98","348.71","722.63K","-0.41%"
"04/12/2018","352.05","349.03","353.56","348.85","696.68K","1.56%"
"04/11/2018","346.65","345.65","351.29","345.05","794.70K","-0.03%"
"04/10/2018","346.74","352.32","352.90","343.88","1.04M","-0.24%"
"04/09/2018","347.59","353.61","355.00","346.70","961.68K","-1.17%"
"04/06/2018","351.72","356.70","359.60","349.47","1.08M","-2.31%"
"04/05/2018","360.03","355.01","360.88","352.55","1.13M","1.86%"
"04/04/2018","353.44","340.19","353.56","338.01","949.13K","2.14%"
"04/03/2018","346.04","346.34","347.64","340.65","1.02M","0.15%"
"04/02/2018","345.52","349.25","350.44","338.73","1.04M","-1.03%"
"03/29/2018","349.12","345.98","351.33","344.80","1.08M","1.28%"
"03/28/2018","344.71","350.51","350.67","341.72","923.38K","-1.31%"
"03/27/2018","349.29","356.01","358.50","347.28","1.14M","-1.67%"
"03/26/2018","355.23","350.00","355.84","349.44","1.01M","2.74%"
"03/23/2018","345.77","340.71","356.97","339.78","1.59M","2.05%"
"03/22/2018","338.83","344.81","346.05","338.10","770.36K","-2.42%"
"03/21/2018","347.22","347.93","350.62","345.90","607.13K","-0.10%"
"03/20/2018","347.58","345.30","349.75","344.63","634.08K","0.77%"
"03/19/2018","344.93","338.18","345.54","336.90","1.00M","1.86%"
"03/16/2018","338.63","340.67","343.20","338.20","1.27M","-0.64%"
"03/15/2018","340.82","340.90","342.54","338.52","1.06M","0.21%"
"03/14/2018","340.10","346.69","346.75","338.06","811.52K","-1.23%"
"03/13/2018","344.33","346.27","348.64","342.85","947.13K","-0.11%"
"03/12/2018","344.72","352.83","352.83","342.64","938.57K","-1.41%"
"03/09/2018","349.64","347.24","349.87","344.01","782.46K","0.95%"
"03/08/2018","346.36","348.10","348.22","344.27","654.61K","-0.13%"
"03/07/2018","346.82","337.99","347.43","336.36","869.80K","1.45%"
"03/06/2018","341.87","345.44","346.21","340.82","908.29K","-0.85%"
"03/05/2018","344.79","340.95","345.39","337.55","1.39M","0.51%"
"03/02/2018","343.05","336.68","344.69","334.40","1.15M","1.03%"
"03/01/2018","339.54","351.12","351.87","337.22","1.46M","-3.00%"
"02/28/2018","350.04","354.30","357.26","349.77","1.02M","-1.02%"
"02/27/2018","353.66","354.65","359.43","353.58","875.96K","-0.40%"
"02/26/2018","355.09","353.20","355.84","352.15","504.73K","1.02%"
"02/23/2018","351.51","350.00","351.58","348.17","845.01K","0.83%"
"02/22/2018","348.63","351.79","352.56","347.52","842.36K","-0.62%"
"02/21/2018","350.82","352.31","356.31","350.42","1.34M","0.13%"
"02/20/2018","350.36","352.45","355.16","348.58","1.17M","-1.58%"
"02/16/2018","356.00","355.91","358.84","354.74","957.89K","-0.25%"
"02/15/2018","356.91","352.99","357.00","352.06","1.32M","2.09%"
"02/14/2018","349.62","346.15","350.42","342.40","1.54M","1.82%"
"02/13/2018","343.36","335.12","344.38","335.12","898.32K","1.75%"
"02/12/2018","337.44","334.60","341.34","330.57","1.28M","1.43%"
"02/09/2018","332.69","327.91","338.00","323.46","1.75M","2.68%"
"02/08/2018","324.01","338.41","341.67","323.46","1.52M","-4.04%"
"02/07/2018","337.66","326.76","342.14","326.01","2.10M","3.10%"
"02/06/2018","327.50","314.11","329.00","313.01","1.72M","1.59%"
"02/05/2018","322.37","333.75","339.52","316.27","1.54M","-4.28%"
"02/02/2018","336.79","340.90","344.17","336.72","1.23M","-1.77%"
"02/01/2018","342.86","340.53","349.18","340.24","1.46M","0.68%"
"01/31/2018","340.53","340.63","344.20","339.62","1.32M","0.32%"
"01/30/2018","339.46","335.28","341.28","333.51","1.30M","0.33%"
"01/29/2018","338.34","336.00","341.26","335.05","1.39M","0.83%"
"01/26/2018","335.56","326.08","335.57","323.62","1.30M","3.25%"
"01/25/2018","325.00","316.74","325.99","314.47","1.41M","3.68%"
"01/24/2018","313.46","313.45","316.32","312.68","857.45K","-0.01%"
"01/23/2018","313.48","315.23","315.35","312.67","653.68K","-0.53%"
"01/22/2018","315.14","316.10","316.58","313.56","731.34K","-0.39%"
"01/19/2018","316.37","316.23","317.19","314.69","873.98K","0.66%"
"01/18/2018","314.30","317.50","318.70","314.00","598.70K","-1.01%"
"01/17/2018","317.51","314.99","317.81","313.32","613.13K","1.59%"
"01/16/2018","312.54","317.42","318.70","312.33","756.10K","-0.83%"
"01/12/2018","315.15","310.00","315.71","309.67","706.14K","1.81%"
"01/11/2018","309.55","308.88","309.71","308.26","493.17K","0.63%"
"01/10/2018","307.61","309.34","309.48","306.36","676.08K","-0.90%"
"01/09/2018","310.39","309.23","312.93","308.71","828.88K","0.69%"
"01/08/2018","308.26","308.95","309.34","307.56","660.79K","0.01%"
"01/05/2018","308.22","309.09","310.24","307.21","842.80K","-0.11%"
"01/04/2018","308.55","306.58","308.71","305.61","582.40K","0.62%"
"01/03/2018","306.65","304.74","307.25","304.61","722.05K","0.46%"
"01/02/2018","305.24","307.35","307.72","303.21","715.00K","-0.54%"
"12/29/2017","306.91","308.25","309.19","306.91","430.91K","-0.45%"
"12/28/2017","308.29","306.82","308.51","305.85","376.73K","0.70%"
"12/27/2017","306.16","304.65","306.33","304.08","468.24K","0.76%"
"12/26/2017","303.84","304.42","306.43","303.73","498.75K","0.02%"
"12/22/2017","303.78","305.77","305.77","303.70","567.62K","-0.23%"
"12/21/2017","304.49","307.54","307.74","304.06","818.05K","-0.69%"
"12/20/2017","306.62","307.93","308.50","306.38","593.40K","-0.16%"
"12/19/2017","307.12","308.72","309.88","307.04","612.32K","-0.42%"
"12/18/2017","308.40","311.02","311.13","306.73","675.22K","-0.67%"
"12/15/2017","310.47","308.53","311.15","307.52","1.33M","1.16%"
"12/14/2017","306.91","309.45","310.08","306.31","904.53K","-0.50%"
"12/13/2017","308.46","306.96","311.08","306.96","746.33K","0.38%"
"12/12/2017","307.28","306.22","307.92","305.10","978.30K","0.89%"
"12/11/2017","304.56","305.53","307.17","303.86","674.68K","-0.36%"
"12/08/2017","305.67","303.25","305.67","301.01","684.34K","0.99%"
"12/07/2017","302.68","300.26","303.87","300.20","655.07K","0.83%"
"12/06/2017","300.20","297.96","301.29","297.82","629.65K","0.82%"
"12/05/2017","297.75","301.53","301.84","297.51","584.85K","-0.93%"
"12/04/2017","300.56","301.73","303.10","300.50","1.18M","0.31%"
"12/01/2017","299.63","307.00","307.81","297.00","1.10M","-2.53%"
"11/30/2017","307.40","307.00","309.76","304.78","3.03M","0.23%"
"11/29/2017","306.69","308.14","308.33","306.05","786.04K","-0.39%"
"11/28/2017","307.90","305.22","309.24","304.81","910.98K","1.41%"
"11/27/2017","303.63","302.89","304.25","302.08","511.63K","0.30%"
"11/24/2017","302.72","302.82","303.90","302.19","273.02K","0.23%"
"11/22/2017","302.02","303.24","303.62","300.30","463.77K","-0.75%"
"11/21/2017","304.31","302.14","304.93","301.09","707.03K","1.12%"
"11/20/2017","300.94","296.96","301.25","296.76","703.47K","1.38%"
"11/17/2017","296.85","299.57","300.09","296.67","458.03K","-1.23%"
"11/16/2017","300.55","300.38","301.25","299.53","440.59K","0.20%"
"11/15/2017","299.94","300.77","302.34","299.64","804.91K","-0.17%"
"11/14/2017","300.46","297.17","300.53","296.15","521.55K","0.66%"
"11/13/2017","298.48","297.73","298.96","294.44","656.12K","0.12%"
"11/10/2017","298.13","298.50","299.66","297.56","391.85K","-0.34%"
"11/09/2017","299.14","302.87","303.58","298.09","529.81K","-1.37%"
"11/08/2017","303.30","303.30","304.25","302.50","524.65K","0.00%"
"11/07/2017","303.31","301.99","304.67","301.99","510.75K","0.48%"
"11/06/2017","301.86","300.86","303.49","300.27","366.70K","0.07%"
"11/03/2017","301.66","301.18","303.36","299.15","517.72K","0.10%"
"11/02/2017","301.36","293.88","301.49","293.88","711.81K","2.44%"
"11/01/2017","294.17","295.67","296.49","293.98","580.85K","-0.46%"
"10/31/2017","295.53","296.99","297.41","295.39","462.67K","-0.28%"
"10/30/2017","296.37","296.87","298.29","295.20","469.50K","-0.43%"
"10/27/2017","297.66","298.00","299.02","296.79","643.12K","-0.11%"
"10/26/2017","297.99","306.00","306.00","295.56","1.06M","-2.22%"
"10/25/2017","304.75","300.63","306.61","299.74","1.55M","3.65%"
"10/24/2017","294.03","293.20","294.55","292.24","969.23K","-0.01%"
"10/23/2017","294.05","295.41","297.10","294.00","732.99K","-0.19%"
"10/20/2017","294.60","293.75","294.62","292.04","606.64K","0.67%"
"10/19/2017","292.65","292.00","293.10","288.57","662.48K","0.22%"
"10/18/2017","292.00","294.67","294.67","290.85","863.80K","-0.79%"
"10/17/2017","294.32","295.50","295.87","293.74","585.09K","-0.49%"
"10/16/2017","295.78","297.00","297.57","294.31","525.45K","-0.21%"
"10/13/2017","296.40","299.18","299.33","296.22","771.08K","-0.76%"
"10/12/2017","298.68","295.12","298.88","295.00","705.89K","1.18%"
"10/11/2017","295.19","293.79","295.36","292.94","487.45K","0.63%"
"10/10/2017","293.33","294.71","294.71","292.07","638.89K","-0.18%"
"10/09/2017","293.86","293.75","294.98","292.15","728.46K","0.18%"
"10/06/2017","293.33","292.94","293.38","291.85","381.96K","0.22%"
"10/05/2017","292.68","291.89","293.22","290.96","540.65K","0.17%"
"10/04/2017","292.18","291.00","292.61","290.21","572.25K","0.38%"
"10/03/2017","291.08","289.80","292.31","289.02","577.21K","0.41%"
"10/02/2017","289.90","288.50","289.95","287.22","499.31K","0.76%"
"09/29/2017","287.72","285.27","287.81","283.77","618.56K","1.09%"
"09/28/2017","284.62","285.73","286.24","283.93","671.66K","-0.77%"
"09/27/2017","286.84","285.04","287.27","284.83","890.08K","0.74%"
"09/26/2017","284.74","281.60","284.93","281.47","922.62K","1.20%"
"09/25/2017","281.37","281.50","281.61","278.88","716.57K","-0.06%"
"09/22/2017","281.55","281.54","282.93","280.21","641.27K","0.40%"
"09/21/2017","280.42","279.89","281.01","278.69","565.44K","0.14%"
"09/20/2017","280.04","278.25","281.57","278.00","1.07M","0.61%"
"09/19/2017","278.33","276.14","279.90","275.02","1.41M","0.86%"
"09/18/2017","275.97","267.03","276.20","264.81","1.85M","3.35%"
"09/15/2017","267.03","265.75","267.20","265.04","864.52K","0.50%"
"09/14/2017","265.69","266.41","266.63","264.69","562.94K","-0.38%"
"09/13/2017","266.70","268.26","268.83","266.51","516.94K","-0.84%"
"09/12/2017","268.96","268.88","270.38","268.41","492.44K","-0.13%"
"09/11/2017","269.30","268.60","269.82","268.04","765.33K","0.69%"
"09/08/2017","267.45","265.83","268.14","265.00","861.51K","0.59%"
"09/07/2017","265.87","265.53","266.03","264.36","504.34K","0.23%"
"09/06/2017","265.27","268.95","268.95","265.25","543.60K","-1.04%"
"09/05/2017","268.07","270.92","270.92","267.80","633.13K","-0.28%"
"09/01/2017","268.83","272.03","272.32","268.83","552.89K","-1.24%"
"08/31/2017","272.21","271.73","272.77","270.02","689.52K","0.44%"
"08/30/2017","271.01","270.81","271.21","269.80","304.54K","0.11%"
"08/29/2017","270.72","269.71","271.52","268.61","473.66K","1.05%"
"08/28/2017","267.90","270.00","270.65","267.18","492.88K","-0.53%"
"08/25/2017","269.33","269.99","270.57","268.55","616.14K","0.29%"
"08/24/2017","268.54","269.88","270.64","268.30","393.60K","-0.82%"
"08/23/2017","270.77","271.72","272.60","270.49","413.94K","-0.75%"
"08/22/2017","272.82","269.00","273.49","268.57","613.17K","1.91%"
"08/21/2017","267.70","267.71","268.04","264.35","517.62K","0.03%"
"08/18/2017","267.61","268.98","269.17","267.17","551.19K","-0.19%"
"08/17/2017","268.13","270.04","270.81","268.00","581.75K","-0.69%"
"08/16/2017","269.99","271.36","271.36","269.08","931.25K","-0.42%"
"08/15/2017","271.14","271.25","271.48","270.02","456.38K","-0.10%"
"08/14/2017","271.40","270.24","271.89","269.24","687.45K","0.79%"
"08/11/2017","269.28","271.11","272.76","269.10","701.39K","-0.47%"
"08/10/2017","270.55","274.00","274.61","270.23","865.34K","-0.93%"
"08/09/2017","273.10","270.85","273.80","270.17","978.91K","1.22%"
"08/08/2017","269.82","269.34","270.20","269.08","616.27K","0.09%"
"08/07/2017","269.58","269.51","269.73","268.52","697.37K","0.13%"
"08/04/2017","269.24","268.90","269.24","267.46","653.03K","0.17%"
"08/03/2017","268.78","267.00","268.90","265.12","980.11K","0.73%"
"08/02/2017","266.83","264.52","266.87","264.14","755.77K","0.83%"
"08/01/2017","264.64","263.32","264.72","263.04","673.49K","0.57%"
"07/31/2017","263.13","264.89","266.00","263.07","641.41K","-0.37%"
"07/28/2017","264.10","261.13","264.28","260.22","588.21K","1.28%"
"07/27/2017","260.76","264.24","264.29","259.00","1.32M","-1.17%"
"07/26/2017","263.86","264.23","265.36","259.39","816.45K","-0.07%"
"07/25/2017","264.05","266.45","266.81","263.66","708.22K","-0.46%"
"07/24/2017","265.27","265.51","266.33","265.07","530.93K","-0.01%"
"07/21/2017","265.30","263.63","265.30","262.14","575.67K","0.20%"
"07/20/2017","264.77","264.92","265.56","263.42","519.09K","-0.06%"
"07/19/2017","264.92","264.42","265.32","264.07","388.61K","0.26%"
"07/18/2017","264.24","265.04","266.74","263.64","471.56K","-0.22%"
"07/17/2017","264.81","264.84","266.27","263.26","609.59K","-0.01%"
"07/14/2017","264.83","263.95","265.51","263.69","576.86K","0.37%"
"07/13/2017","263.86","264.37","265.29","263.28","476.56K","-0.04%"
"07/12/2017","263.96","263.62","265.11","263.00","534.26K","0.50%"
"07/11/2017","262.64","262.01","263.00","260.14","524.18K","0.33%"
"07/10/2017","261.78","261.61","263.55","260.55","507.98K","-0.08%"
"07/07/2017","261.99","259.76","263.74","259.33","642.74K","1.18%"
"07/06/2017","258.94","260.06","261.36","257.63","540.09K","-0.51%"
"07/05/2017","260.28","257.80","261.09","257.78","442.99K","1.00%"
"07/03/2017","257.70","257.53","259.40","256.65","273.03K","0.39%"
"06/30/2017","256.71","255.77","257.77","255.56","581.42K","0.72%"
"06/29/2017","254.88","257.84","257.84","252.82","643.92K","-1.04%"
"06/28/2017","257.56","256.65","258.31","256.13","404.89K","0.87%"
"06/27/2017","255.33","255.49","257.33","255.17","546.37K","-0.24%"
"06/26/2017","255.95","257.83","259.91","255.66","841.34K","-0.56%"
"06/23/2017","257.40","256.75","258.55","256.75","679.03K","0.20%"
"06/22/2017","256.89","259.87","260.19","256.85","634.33K","-1.31%"
"06/21/2017","260.29","260.20","261.40","259.00","576.38K","0.05%"
"06/20/2017","260.16","261.00","262.59","260.11","491.18K","-0.42%"
"06/19/2017","261.27","260.08","262.09","259.10","604.92K","1.04%"
"06/16/2017","258.59","259.35","259.73","258.28","735.52K","-0.02%"
"06/15/2017","258.64","258.08","259.53","256.03","719.20K","-0.39%"
"06/14/2017","259.66","258.01","262.43","258.00","793.03K","0.80%"
"06/13/2017","257.59","255.78","258.34","254.77","570.96K","0.63%"
"06/12/2017","255.99","256.56","256.56","253.67","723.11K","-0.27%"
"06/09/2017","256.69","255.85","257.12","255.00","623.62K","0.21%"
"06/08/2017","256.14","254.79","257.14","254.19","713.05K","0.58%"
"06/07/2017","254.67","254.04","255.07","253.10","708.83K","0.58%"
"06/06/2017","253.19","254.87","256.55","253.08","676.38K","-0.95%"
"06/05/2017","255.61","258.50","258.55","255.60","509.45K","-1.13%"
"06/02/2017","258.52","257.80","259.23","257.22","688.03K","0.35%"
"06/01/2017","257.61","257.73","258.46","256.19","840.19K","-0.62%"
"05/31/2017","259.22","257.04","259.22","255.63","1.54M","1.17%"
"05/30/2017","256.21","256.90","257.32","254.95","584.56K","-0.30%"
"05/26/2017","256.99","256.52","257.93","256.30","552.89K","0.18%"
"05/25/2017","256.52","254.10","256.82","253.50","976.54K","1.24%"
"05/24/2017","253.38","251.25","253.58","251.00","775.09K","1.09%"
"05/23/2017","250.65","250.00","251.45","248.58","801.38K","0.48%"
"05/22/2017","249.45","252.92","254.00","249.41","1.06M","-0.17%"
"05/19/2017","249.88","248.02","250.38","247.60","716.90K","1.22%"
"05/18/2017","246.88","245.92","248.99","243.39","1.03M","0.23%"
"05/17/2017","246.32","245.82","248.74","245.54","1.03M","-0.43%"
"05/16/2017","247.38","248.11","249.37","246.99","549.33K","-0.35%"
"05/15/2017","248.25","247.11","248.49","246.94","674.33K","0.32%"
"05/12/2017","247.45","247.16","248.15","246.50","523.53K","-0.03%"
"05/11/2017","247.52","247.09","248.05","246.21","628.67K","-0.24%"
"05/10/2017","248.11","249.95","251.01","246.90","780.20K","-0.55%"
"05/09/2017","249.49","249.10","249.65","248.65","732.53K","0.14%"
"05/08/2017","249.14","248.70","249.31","248.03","619.50K","0.09%"
"05/05/2017","248.91","246.29","249.04","245.50","719.35K","1.29%"
"05/04/2017","245.75","245.45","246.02","243.63","893.50K","0.10%"
"05/03/2017","245.51","244.91","245.84","243.95","614.17K","0.07%"
"05/02/2017","245.33","244.46","245.68","243.50","882.63K","0.41%"
"05/01/2017","244.34","246.30","246.53","244.32","778.94K","-0.66%"
"04/28/2017","245.96","248.90","249.35","245.60","856.37K","-0.98%"
"04/27/2017","248.40","248.96","249.82","247.41","1.01M","0.14%"
"04/26/2017","248.06","249.80","250.00","243.05","1.75M","-0.03%"
"04/25/2017","248.13","248.13","249.62","247.38","1.54M","-0.41%"
"04/24/2017","249.14","248.98","249.75","247.58","1.06M","1.14%"
"04/21/2017","246.33","245.12","247.43","244.88","803.00K","0.60%"
"04/20/2017","244.85","243.86","245.94","243.51","662.70K","0.46%"
"04/19/2017","243.74","243.55","244.43","242.56","694.75K","0.23%"
"04/18/2017","243.18","242.64","244.78","242.42","894.27K","0.03%"
"04/17/2017","243.10","240.32","243.28","240.26","750.51K","1.21%"
"04/13/2017","240.20","239.04","241.79","239.04","739.08K","0.35%"
"04/12/2017","239.36","240.95","240.95","239.04","560.03K","-0.70%"
"04/11/2017","241.05","239.22","241.15","238.22","679.37K","0.71%"
"04/10/2017","239.34","238.64","240.45","237.99","712.82K","0.22%"
"04/07/2017","238.81","239.72","240.12","237.39","722.67K","0.90%"
"04/06/2017","236.67","235.99","237.52","235.16","704.00K","0.24%"
"04/05/2017","236.10","238.00","239.81","235.86","958.16K","-0.65%"
"04/04/2017","237.64","236.99","238.07","236.43","701.93K","-0.07%"
"04/03/2017","237.81","237.58","238.56","236.80","671.46K","-0.01%"
"03/31/2017","237.84","238.72","238.93","237.69","964.88K","-0.51%"
"03/30/2017","239.06","236.28","239.22","235.55","853.13K","1.07%"
"03/29/2017","236.52","236.66","236.92","235.07","613.17K","-0.28%"
"03/28/2017","237.19","235.11","237.98","234.35","733.01K","0.58%"
"03/27/2017","235.83","235.78","236.37","233.19","969.06K","-0.44%"
"03/24/2017","236.88","239.25","239.83","236.59","753.17K","-1.09%"
"03/23/2017","239.50","241.00","241.38","239.13","597.17K","-0.68%"
"03/22/2017","241.14","239.73","242.00","239.10","677.46K","0.59%"
"03/21/2017","239.72","243.70","243.70","239.35","805.68K","-1.35%"
"03/20/2017","242.99","244.77","245.46","242.69","526.97K","-0.52%"
"03/17/2017","244.25","241.12","244.70","240.69","1.22M","1.65%"
"03/16/2017","240.28","244.00","244.13","239.72","1.08M","-1.46%"
"03/15/2017","243.84","243.80","244.45","243.13","756.24K","0.03%"
"03/14/2017","243.77","243.52","244.37","242.75","460.71K","-0.27%"
"03/13/2017","244.42","243.54","244.73","242.76","750.57K","0.34%"
"03/10/2017","243.59","244.56","244.83","242.45","688.60K","-0.22%"
"03/09/2017","244.12","244.08","244.74","243.52","611.35K","0.23%"
"03/08/2017","243.57","244.00","245.08","243.06","675.60K","-0.09%"
"03/07/2017","243.78","242.51","243.92","242.07","917.20K","0.35%"
"03/06/2017","242.92","242.43","243.66","241.97","933.24K","0.00%"
"03/03/2017","242.93","243.00","243.76","242.10","866.09K","-0.06%"
"03/02/2017","243.07","245.00","245.39","242.59","1.17M","-1.16%"
"03/01/2017","245.93","247.87","248.88","245.88","1.90M","-0.47%"
"02/28/2017","247.09","247.50","248.30","245.52","1.57M","-0.61%"
"02/27/2017","248.60","245.59","249.43","245.11","1.04M","1.45%"
"02/24/2017","245.05","243.59","245.29","242.54","815.10K","0.49%"
"02/23/2017","243.86","242.32","243.99","241.60","724.95K","0.36%"
"02/22/2017","242.98","243.35","243.53","242.01","950.11K","-0.47%"
"02/21/2017","244.12","242.27","244.83","241.70","828.90K","0.22%"
"02/17/2017","243.58","243.39","243.99","241.89","778.21K","0.02%"
"02/16/2017","243.53","241.60","243.68","240.81","951.06K","0.80%"
"02/15/2017","241.59","239.14","241.99","238.95","739.73K","0.82%"
"02/14/2017","239.62","239.01","240.33","238.43","791.00K","0.23%"
"02/13/2017","239.08","237.05","239.85","236.52","1.03M","1.20%"
"02/10/2017","236.25","234.58","236.56","234.07","949.69K","0.60%"
"02/09/2017","234.84","232.58","235.38","231.98","1.09M","1.04%"
"02/08/2017","232.42","232.91","233.41","232.26","972.28K","-0.24%"
"02/07/2017","232.98","232.33","233.87","232.10","816.96K","0.07%"
"02/06/2017","232.82","231.56","233.43","231.41","1.10M","0.63%"
"02/03/2017","231.36","230.06","232.93","229.51","1.30M","0.66%"
"02/02/2017","229.85","228.40","230.14","227.93","916.25K","0.45%"
"02/01/2017","228.82","228.72","230.15","227.73","1.15M","-0.11%"
"01/31/2017","229.08","227.89","229.72","226.00","1.50M","-0.17%"
"01/30/2017","229.48","230.10","231.84","227.84","1.27M","-0.15%"
"01/27/2017","229.83","227.03","234.58","227.03","1.95M","1.26%"
"01/26/2017","226.96","229.21","230.84","223.88","2.50M","-1.68%"
"01/25/2017","230.84","233.19","233.24","230.01","1.07M","-0.75%"
"01/24/2017","232.59","229.40","232.95","227.49","1.03M","0.39%"
"01/23/2017","231.69","233.00","233.34","230.13","779.22K","-0.18%"
"01/20/2017","232.11","233.11","233.16","230.76","864.52K","-0.12%"
"01/19/2017","232.39","231.26","233.79","230.10","967.28K","0.93%"
"01/18/2017","230.24","228.46","231.08","228.00","863.58K","0.77%"
"01/17/2017","228.48","230.78","230.78","227.43","979.43K","-0.73%"
"01/13/2017","230.17","229.00","230.99","228.50","1.01M","0.45%"
"01/12/2017","229.15","231.38","231.79","227.87","1.16M","-1.04%"
"01/11/2017","231.55","233.80","234.84","230.14","1.14M","-0.67%"
"01/10/2017","233.11","235.46","235.79","232.70","1.36M","-1.14%"
"01/09/2017","235.81","236.84","237.92","235.69","703.66K","-0.39%"
"01/06/2017","236.73","235.90","237.50","235.77","619.17K","0.31%"
"01/05/2017","235.99","235.21","237.42","234.35","891.19K","0.31%"
"01/04/2017","235.25","235.24","236.99","234.83","664.11K","0.15%"
"01/03/2017","234.89","234.10","235.24","233.14","1.18M","0.99%"
"12/30/2016","232.58","232.88","233.34","231.71","741.11K","-0.02%"
"12/29/2016","232.63","232.23","233.82","232.10","538.55K","0.29%"
"12/28/2016","231.95","233.24","233.68","231.56","500.08K","-0.55%"
"12/27/2016","233.24","233.97","234.35","232.33","479.44K","0.11%"
"12/23/2016","232.99","231.47","234.37","231.24","852.06K","-0.31%"
"12/22/2016","233.72","233.61","234.48","232.51","891.78K","0.24%"
"12/21/2016","233.15","235.55","235.68","233.09","919.19K","-0.85%"
"12/20/2016","235.14","233.97","235.34","233.55","850.92K","0.69%"
"12/19/2016","233.54","232.71","234.08","230.64","1.11M","0.79%"
"12/16/2016","231.70","232.07","234.07","231.03","1.60M","-0.13%"
"12/15/2016","231.99","233.02","234.80","231.84","1.04M","-0.05%"
"12/14/2016","232.10","232.01","235.83","231.63","1.38M","0.23%"
"12/13/2016","231.56","232.00","234.24","230.47","1.48M","-0.22%"
"12/12/2016","232.07","233.64","233.64","220.72","2.92M","-2.67%"
"12/09/2016","238.43","237.12","239.95","236.77","1.68M","0.30%"
"12/08/2016","237.72","247.14","247.24","236.75","2.85M","-3.81%"
"12/07/2016","247.14","247.38","247.79","245.54","1.35M","-0.28%"
"12/06/2016","247.84","246.74","248.13","245.14","1.32M","0.14%"
"12/05/2016","247.49","251.88","252.02","247.12","1.22M","-1.35%"
"12/02/2016","250.87","249.62","250.90","248.50","603.88K","0.72%"
"12/01/2016","249.07","248.85","250.22","247.82","848.35K","-0.23%"
"11/30/2016","249.65","252.17","252.66","249.65","1.28M","-0.85%"
"11/29/2016","251.80","248.79","253.80","248.56","1.04M","1.14%"
"11/28/2016","248.96","246.87","250.85","245.38","893.94K","0.15%"
"11/25/2016","248.58","247.84","249.08","247.54","524.22K","0.40%"
"11/23/2016","247.59","248.78","249.09","246.31","885.71K","-0.19%"
"11/22/2016","248.07","247.37","248.57","247.13","1.02M","0.72%"
"11/21/2016","246.29","246.17","247.04","245.07","978.78K","0.34%"
"11/18/2016","245.46","244.50","246.02","244.01","971.74K","0.33%"
"11/17/2016","244.66","245.79","246.43","243.84","843.94K","-0.30%"
"11/16/2016","245.39","247.74","248.50","244.44","1.27M","-0.83%"
"11/15/2016","247.45","251.29","251.88","246.11","1.84M","-1.46%"
"11/14/2016","251.12","248.56","253.09","248.17","1.75M","1.46%"
"11/11/2016","247.50","245.40","248.00","243.70","1.34M","0.95%"
"11/10/2016","245.17","249.10","249.87","242.67","2.19M","1.18%"
"11/09/2016","242.30","244.77","249.98","239.15","2.84M","5.41%"
"11/08/2016","229.87","230.17","231.12","229.08","987.51K","-0.08%"
"11/07/2016","230.06","227.85","230.17","227.48","1.09M","2.14%"
"11/04/2016","225.23","225.68","227.14","224.91","1.18M","-0.14%"
"11/03/2016","225.54","229.00","229.44","224.72","1.71M","-1.37%"
"11/02/2016","228.67","228.14","230.70","227.47","962.83K","0.11%"
"11/01/2016","228.42","229.50","230.42","227.34","1.18M","-0.25%"
"10/31/2016","229.00","229.10","229.74","228.03","1.17M","0.27%"
"10/28/2016","228.38","225.59","230.00","225.57","1.67M","1.34%"
"10/27/2016","225.35","227.97","228.00","224.00","1.47M","-1.18%"
"10/26/2016","228.05","226.92","229.45","224.00","2.46M","3.88%"
"10/25/2016","219.53","216.89","220.03","216.50","1.57M","1.42%"
"10/24/2016","216.46","217.18","217.95","216.34","603.10K","0.28%"
"10/21/2016","215.86","215.93","216.34","214.59","729.54K","-0.69%"
"10/20/2016","217.36","218.26","218.88","216.39","628.59K","-0.37%"
"10/19/2016","218.16","219.33","219.49","217.43","729.12K","-0.58%"
"10/18/2016","219.44","220.31","220.41","218.79","491.39K","0.14%"
"10/17/2016","219.14","218.85","220.37","218.85","679.03K","0.10%"
"10/14/2016","218.92","219.27","219.75","217.60","923.43K","0.25%"
"10/13/2016","218.37","215.83","218.91","215.08","919.86K","0.70%"
"10/12/2016","216.85","215.02","217.90","214.95","933.01K","0.76%"
"10/11/2016","215.22","216.22","216.46","214.69","682.52K","-0.65%"
"10/10/2016","216.62","215.86","216.87","215.59","704.32K","0.55%"
"10/07/2016","215.43","213.64","215.89","212.37","1.06M","0.57%"
"10/06/2016","214.21","212.88","215.26","212.02","921.40K","0.81%"
"10/05/2016","212.48","214.62","214.62","212.23","566.01K","-0.16%"
"10/04/2016","212.83","215.44","215.60","212.19","659.89K","-1.06%"
"10/03/2016","215.10","213.00","215.36","212.87","720.16K","0.54%"
"09/30/2016","213.95","214.22","215.13","210.60","1.02M","0.16%"
"09/29/2016","213.61","217.23","217.23","212.30","985.21K","-1.97%"
"09/28/2016","217.90","218.42","218.42","216.68","618.76K","-0.07%"
"09/27/2016","218.05","217.27","218.67","216.57","535.95K","0.48%"
"09/26/2016","217.00","216.58","217.62","216.03","612.51K","-0.02%"
"09/23/2016","217.05","215.69","217.49","214.84","781.62K","0.26%"
"09/22/2016","216.49","216.94","217.19","215.79","879.45K","0.30%"
"09/21/2016","215.85","212.26","216.08","212.18","751.66K","1.76%"
"09/20/2016","212.11","212.20","212.77","211.35","578.46K","0.45%"
"09/19/2016","211.16","211.25","212.33","210.98","729.97K","0.08%"
"09/16/2016","211.00","211.07","211.91","210.60","1.13M","-0.18%"
"09/15/2016","211.39","208.64","212.19","208.16","672.91K","1.24%"
"09/14/2016","208.81","208.23","209.33","208.09","893.50K","0.22%"
"09/13/2016","208.36","209.02","210.26","208.09","828.98K","-0.91%"
"09/12/2016","210.27","208.36","210.91","206.69","937.64K","0.49%"
"09/09/2016","209.24","211.18","211.70","209.19","800.95K","-1.64%"
"09/08/2016","212.73","212.02","213.17","211.58","595.40K","-0.06%"
"09/07/2016","212.86","214.01","214.03","212.12","782.99K","-0.88%"
"09/06/2016","214.76","213.34","214.84","212.87","657.40K","0.71%"
"09/02/2016","213.24","212.36","213.62","212.06","592.00K","0.67%"
"09/01/2016","211.83","212.20","213.03","210.24","645.68K","-0.11%"
"08/31/2016","212.07","212.43","212.46","210.98","706.11K","-0.26%"
"08/30/2016","212.62","213.32","213.78","211.90","712.40K","-0.23%"
"08/29/2016","213.10","211.65","213.69","211.42","589.08K","0.55%"
"08/26/2016","211.93","213.74","214.72","211.12","809.08K","-0.71%"
"08/25/2016","213.44","211.47","214.16","210.62","830.60K","-0.26%"
"08/24/2016","214.00","213.83","214.59","212.16","959.38K","-0.23%"
"08/23/2016","214.50","218.84","218.90","214.22","1.04M","-1.72%"
"08/22/2016","218.26","217.37","218.84","216.77","576.56K","0.39%"
"08/19/2016","217.42","217.50","218.49","216.76","666.13K","-0.33%"
"08/18/2016","218.14","218.50","219.00","217.68","477.30K","-0.19%"
"08/17/2016","218.55","217.36","218.74","216.60","1.05M","0.67%"
"08/16/2016","217.10","218.95","219.46","216.43","622.94K","-1.23%"
"08/15/2016","219.81","218.12","220.52","217.84","687.88K","0.73%"
"08/12/2016","218.21","217.99","218.45","217.00","558.98K","0.10%"
"08/11/2016","217.99","217.62","218.33","216.50","820.40K","0.37%"
"08/10/2016","217.18","216.91","217.56","216.03","641.02K","0.20%"
"08/09/2016","216.74","216.40","216.84","215.92","490.68K","0.31%"
"08/08/2016","216.07","218.84","218.84","215.57","731.76K","-1.32%"
"08/05/2016","218.95","218.64","219.47","218.17","603.04K","0.28%"
"08/04/2016","218.34","219.27","219.96","218.03","548.63K","-0.15%"
"08/03/2016","218.66","218.95","219.53","217.80","811.45K","-0.01%"
"08/02/2016","218.68","216.69","219.00","215.87","1.06M","0.92%"
"08/01/2016","216.69","215.86","217.69","215.77","1.20M","0.03%"
"07/29/2016","216.63","217.23","217.95","216.61","769.44K","-0.28%"
"07/28/2016","217.23","217.78","218.88","215.62","1.22M","-0.27%"
"07/27/2016","217.81","222.06","222.30","216.20","1.42M","-0.25%"
"07/26/2016","218.35","219.22","219.87","217.95","1.02M","-0.36%"
"07/25/2016","219.13","219.44","219.44","217.51","918.13K","-0.21%"
"07/22/2016","219.60","217.65","219.94","217.00","814.19K","0.64%"
"07/21/2016","218.21","222.80","222.82","217.25","1.05M","-1.95%"
"07/20/2016","222.55","222.25","223.22","221.50","1.28M","0.45%"
"07/19/2016","221.55","221.00","224.12","218.13","2.13M","0.34%"
"07/18/2016","220.81","222.15","222.16","220.68","907.48K","-0.29%"
"07/15/2016","221.46","222.00","222.00","220.76","1.75M","0.15%"
"07/14/2016","221.13","223.11","223.20","220.82","1.22M","-0.29%"
"07/13/2016","221.78","221.13","221.99","220.49","1.50M","0.59%"
"07/12/2016","220.47","222.41","222.66","220.25","954.69K","-0.67%"
"07/11/2016","221.96","222.30","223.79","221.62","1.31M","0.00%"
"07/08/2016","221.97","221.50","222.19","220.30","1.80M","0.67%"
"07/07/2016","220.50","221.40","222.03","219.81","754.99K","-0.55%"
"07/06/2016","221.73","221.65","222.07","220.27","851.53K","0.08%"
"07/05/2016","221.55","221.56","222.25","220.61","962.50K","-0.11%"
"07/01/2016","221.80","222.50","223.42","221.07","755.20K","-0.22%"
"06/30/2016","222.28","217.92","223.11","217.33","1.49M","2.32%"
"06/29/2016","217.24","217.20","217.62","216.00","1.12M","0.51%"
"06/28/2016","216.13","215.14","216.18","212.88","1.07M","0.92%"
"06/27/2016","214.15","211.89","214.39","210.09","1.50M","0.68%"
"06/24/2016","212.71","209.00","214.99","208.29","3.18M","-0.93%"
"06/23/2016","214.70","216.63","216.63","213.85","554.70K","-0.09%"
"06/22/2016","214.89","215.59","216.01","214.78","544.46K","0.02%"
"06/21/2016","214.85","216.17","216.36","214.77","425.82K","-0.14%"
"06/20/2016","215.16","216.10","216.79","214.96","652.56K","0.39%"
"06/17/2016","214.32","217.00","217.00","212.23","871.43K","-1.12%"
"06/16/2016","216.74","216.64","217.12","214.32","722.24K","-0.21%"
"06/15/2016","217.19","217.69","218.00","216.62","542.93K","0.13%"
"06/14/2016","216.91","213.64","217.09","213.64","501.24K","0.86%"
"06/13/2016","215.05","216.67","217.50","214.86","490.68K","-1.06%"
"06/10/2016","217.36","217.54","218.51","216.86","456.04K","-0.56%"
"06/09/2016","218.58","217.17","218.73","216.69","461.23K","0.42%"
"06/08/2016","217.66","215.70","217.97","215.22","596.29K","0.91%"
"06/07/2016","215.69","215.52","216.69","215.52","700.13K","0.12%"
"06/06/2016","215.44","215.23","216.19","214.82","565.54K","0.12%"
"06/03/2016","215.18","213.01","215.94","211.36","868.43K","0.84%"
"06/02/2016","213.38","213.39","213.84","212.04","681.12K","-0.37%"
"06/01/2016","214.17","211.57","214.41","211.28","919.01K","0.71%"
"05/31/2016","212.67","214.42","215.50","211.21","1.03M","-0.82%"
"05/27/2016","214.42","213.77","214.65","213.36","582.57K","0.22%"
"05/26/2016","213.95","213.95","214.80","213.33","514.08K","-0.18%"
"05/25/2016","214.33","215.75","216.09","214.28","613.11K","-0.16%"
"05/24/2016","214.68","212.66","215.60","212.66","616.91K","1.19%"
"05/23/2016","212.16","212.75","213.05","211.79","602.79K","-0.26%"
"05/20/2016","212.72","212.29","213.02","211.13","729.32K","0.78%"
"05/19/2016","211.07","212.50","213.01","209.68","930.00K","-1.43%"
"05/18/2016","214.14","213.24","215.56","212.71","789.93K","0.25%"
"05/17/2016","213.60","215.96","216.67","212.21","1.06M","-0.99%"
"05/16/2016","215.73","213.98","216.33","213.00","671.09K","0.82%"
"05/13/2016","213.98","217.00","217.50","213.48","1.18M","-1.84%"
"05/12/2016","217.98","214.55","218.84","214.55","1.34M","1.71%"
"05/11/2016","214.32","217.45","218.40","214.14","874.73K","-1.43%"
"05/10/2016","217.43","215.08","217.64","214.72","904.89K","1.30%"
"05/09/2016","214.63","214.30","215.60","212.97","830.50K","0.25%"
"05/06/2016","214.10","211.73","214.17","211.61","821.52K","1.02%"
"05/05/2016","211.93","210.67","212.01","210.43","1.10M","0.66%"
"05/04/2016","210.55","208.60","210.74","208.08","1.28M","0.45%"
"05/03/2016","209.60","207.44","209.79","206.75","954.82K","0.62%"
"05/02/2016","208.31","206.87","208.63","205.83","1.04M","0.99%"
"04/29/2016","206.26","205.52","206.37","204.52","938.05K","0.32%"
"04/28/2016","205.61","206.50","207.68","205.02","995.21K","-0.67%"
"04/27/2016","207.00","207.00","208.99","200.55","1.48M","1.68%"
"04/26/2016","203.57","200.88","203.99","200.88","1.39M","1.41%"
"04/25/2016","200.73","200.25","200.93","199.52","698.58K","-0.01%"
"04/22/2016","200.75","200.23","201.64","199.26","853.86K","0.38%"
"04/21/2016","200.00","200.98","201.65","199.86","835.72K","-0.78%"
"04/20/2016","201.58","202.07","202.70","201.45","883.20K","0.00%"
"04/19/2016","201.59","203.00","203.41","201.45","799.63K","-0.59%"
"04/18/2016","202.79","202.00","202.88","201.33","664.58K","0.45%"
"04/15/2016","201.88","199.64","201.92","198.75","941.51K","0.87%"
"04/14/2016","200.13","201.42","201.82","199.88","506.01K","-0.50%"
"04/13/2016","201.13","200.68","201.30","199.02","670.54K","0.46%"
"04/12/2016","200.20","200.05","201.03","199.50","706.03K","0.35%"
"04/11/2016","199.51","200.66","201.72","199.49","796.97K","-0.53%"
"04/08/2016","200.57","201.63","202.00","200.09","798.83K","0.01%"
"04/07/2016","200.55","201.52","202.00","199.66","854.34K","-0.77%"
"04/06/2016","202.10","201.84","202.50","200.76","1.72M","-0.08%"
"04/05/2016","202.27","200.75","203.88","200.75","873.02K","0.54%"
"04/04/2016","201.18","200.81","202.05","200.05","736.88K","0.43%"
"04/01/2016","200.31","196.59","200.78","195.66","1.12M","1.22%"
"03/31/2016","197.90","199.00","199.50","197.31","1.88M","-0.42%"
"03/30/2016","198.73","197.23","198.88","197.10","1.23M","1.04%"
"03/29/2016","196.68","194.25","196.75","194.25","551.45K","0.92%"
"03/28/2016","194.88","194.21","195.44","194.21","623.32K","0.35%"
"03/24/2016","194.20","193.67","194.68","193.25","738.65K","-0.39%"
"03/23/2016","194.96","193.96","195.64","193.87","986.36K","0.32%"
"03/22/2016","194.34","194.16","195.17","193.58","720.63K","0.08%"
"03/21/2016","194.18","193.35","195.47","193.21","839.71K","0.10%"
"03/18/2016","193.99","191.68","194.42","191.04","1.35M","1.61%"
"03/17/2016","190.91","191.60","192.28","190.16","1.25M","-0.34%"
"03/16/2016","191.57","190.54","192.43","190.00","878.23K","-0.05%"
"03/15/2016","191.67","188.04","191.95","187.52","911.84K","1.64%"
"03/14/2016","188.57","189.17","190.15","187.70","978.91K","-0.70%"
"03/11/2016","189.89","188.90","191.25","188.16","1.01M","1.68%"
"03/10/2016","186.75","187.09","189.00","186.41","1.16M","0.01%"
"03/09/2016","186.74","188.26","188.34","186.49","1.39M","-0.06%"
"03/08/2016","186.86","185.43","187.67","185.08","1.68M","0.10%"
"03/07/2016","186.68","190.09","191.16","186.35","1.41M","-2.30%"
"03/04/2016","191.07","191.62","192.44","190.05","1.29M","-0.55%"
"03/03/2016","192.12","192.83","193.53","189.32","1.14M","-0.62%"
"03/02/2016","193.32","193.66","194.70","191.83","781.57K","-0.29%"
"03/01/2016","193.88","193.34","194.68","192.43","1.21M","0.86%"
"02/29/2016","192.22","191.99","194.80","191.34","1.17M","0.00%"
"02/26/2016","192.22","193.00","193.68","191.94","861.94K","-0.37%"
"02/25/2016","192.93","190.05","192.96","189.42","812.25K","1.53%"
"02/24/2016","190.02","190.76","190.91","188.06","1.02M","-0.67%"
"02/23/2016","191.31","192.03","193.31","190.75","806.47K","-0.50%"
"02/22/2016","192.27","190.78","193.41","190.66","1.09M","0.83%"
"02/19/2016","190.68","192.16","192.64","190.06","1.53M","-1.04%"
"02/18/2016","192.68","190.70","193.75","190.01","1.34M","1.38%"
"02/17/2016","190.06","185.61","191.13","184.45","1.23M","3.17%"
"02/16/2016","184.22","182.40","185.89","180.15","2.17M","1.64%"
"02/12/2016","181.25","184.56","185.57","180.46","1.59M","-1.45%"
"02/11/2016","183.91","185.12","186.57","180.10","1.49M","-2.35%"
"02/10/2016","188.33","187.74","189.52","187.22","1.01M","0.54%"
"02/09/2016","187.32","184.17","188.39","184.01","1.29M","0.92%"
"02/08/2016","185.62","184.74","187.93","184.00","1.69M","-0.47%"
"02/05/2016","186.49","186.72","188.59","185.34","1.81M","0.08%"
"02/04/2016","186.35","188.80","189.90","185.31","1.55M","-1.80%"
"02/03/2016","189.77","188.61","190.05","186.86","1.32M","1.24%"
"02/02/2016","187.44","186.93","189.18","186.45","1.14M","-0.64%"
"02/01/2016","188.64","186.38","189.75","184.62","1.43M","1.93%"
"01/29/2016","185.06","181.43","185.34","180.03","1.83M","2.73%"
"01/28/2016","180.15","176.40","181.19","175.00","2.08M","1.10%"
"01/27/2016","178.19","181.43","182.49","177.83","1.61M","-2.36%"
"01/26/2016","182.50","181.47","182.74","178.87","1.47M","0.37%"
"01/25/2016","181.83","184.09","184.60","181.62","987.91K","-1.24%"
"01/22/2016","184.11","183.23","184.45","182.01","857.31K","1.59%"
"01/21/2016","181.22","183.47","184.13","180.96","1.03M","-0.73%"
"01/20/2016","182.56","183.84","185.17","178.98","1.84M","-2.24%"
"01/19/2016","186.75","186.37","187.28","183.56","2.21M","1.38%"
"01/15/2016","184.21","181.00","185.10","180.32","1.53M","-0.72%"
"01/14/2016","185.55","184.86","186.51","182.87","1.06M","0.37%"
"01/13/2016","184.86","189.00","189.44","184.57","1.10M","-2.15%"
"01/12/2016","188.92","189.06","189.47","187.53","1.01M","0.43%"
"01/11/2016","188.11","187.48","188.71","185.51","1.77M","1.10%"
"01/08/2016","186.07","188.79","189.74","185.90","1.50M","-1.08%"
"01/07/2016","188.11","187.90","189.68","186.01","2.14M","-1.24%"
"01/06/2016","190.47","190.16","193.20","190.00","1.88M","-1.00%"
"01/05/2016","192.39","187.85","192.86","187.85","2.30M","2.60%"
"01/04/2016","187.51","185.98","187.60","185.31","1.48M","-0.69%"
"12/31/2015","188.81","189.46","190.65","187.55","550.58K","-0.67%"
"12/30/2015","190.08","191.40","191.87","189.81","470.86K","-0.73%"
"12/29/2015","191.48","190.82","191.82","190.56","616.20K","0.79%"
"12/28/2015","189.98","189.94","190.28","188.64","419.08K","-0.07%"
"12/24/2015","190.11","189.40","190.98","189.27","230.22K","0.06%"
"12/23/2015","190.00","190.41","190.41","189.36","490.42K","0.33%"
"12/22/2015","189.37","189.92","190.67","187.70","876.62K","0.19%"
"12/21/2015","189.01","186.00","189.07","185.50","1.37M","2.24%"
"12/18/2015","184.86","187.51","187.51","184.41","2.91M","-1.83%"
"12/17/2015","188.31","189.91","190.50","188.29","2.44M","-0.76%"
"12/16/2015","189.75","189.79","191.00","187.31","1.42M","1.02%"
"12/15/2015","187.84","188.03","189.75","187.61","1.94M","0.41%"
"12/14/2015","187.07","186.62","188.50","185.24","1.26M","0.56%"
"12/11/2015","186.02","185.60","187.11","185.06","1.59M","-0.77%"
"12/10/2015","187.46","186.73","188.24","186.68","1.57M","0.49%"
"12/09/2015","186.55","187.16","188.57","185.08","1.39M","-0.77%"
"12/08/2015","188.00","186.56","188.92","185.96","1.21M","0.01%"
"12/07/2015","187.99","187.97","188.44","186.77","707.73K","0.02%"
"12/04/2015","187.95","183.48","188.20","183.39","891.96K","2.67%"
"12/03/2015","183.06","185.97","186.38","182.01","1.19M","-1.42%"
"12/02/2015","185.69","186.92","187.82","185.42","750.07K","-0.86%"
"12/01/2015","187.31","187.09","189.37","186.60","1.04M","0.51%"
"11/30/2015","186.36","188.92","188.93","185.95","1.53M","-1.09%"
"11/27/2015","188.41","188.07","188.95","186.58","456.31K","0.34%"
"11/25/2015","187.77","187.76","188.95","186.96","886.93K","-0.12%"
"11/24/2015","188.00","186.80","188.61","186.18","1.03M","0.09%"
"11/23/2015","187.83","189.50","190.00","187.77","889.42K","-0.87%"
"11/20/2015","189.48","189.36","190.15","188.84","1.24M","0.65%"
"11/19/2015","188.26","188.92","189.44","187.18","1.03M","0.06%"
"11/18/2015","188.14","186.45","188.48","186.28","845.11K","1.07%"
"11/17/2015","186.14","188.00","188.00","185.11","1.33M","-0.25%"
"11/16/2015","186.61","179.90","186.73","179.40","1.78M","4.36%"
"11/13/2015","178.82","179.47","181.38","178.60","960.10K","-0.83%"
"11/12/2015","180.31","181.29","182.15","179.90","929.15K","-0.76%"
"11/11/2015","181.70","181.69","182.89","181.40","856.52K","0.12%"
"11/10/2015","181.49","181.04","182.58","180.02","928.12K","-0.09%"
"11/09/2015","181.66","183.37","184.20","181.10","1.11M","-1.28%"
"11/06/2015","184.01","186.02","186.41","183.12","1.42M","-1.29%"
"11/05/2015","186.42","186.42","187.50","185.47","703.42K","0.13%"
"11/04/2015","186.17","187.29","188.45","185.41","1.09M","-0.25%"
"11/03/2015","186.64","189.11","189.32","186.52","941.43K","-1.53%"
"11/02/2015","189.54","188.48","189.83","188.01","1.11M","0.95%"
"10/30/2015","187.75","190.81","190.89","187.75","1.37M","-1.22%"
"10/29/2015","190.07","188.67","192.25","188.50","1.93M","-0.23%"
"10/28/2015","190.50","191.02","193.99","188.75","4.03M","5.48%"
"10/27/2015","180.60","179.58","181.89","179.58","1.89M","0.17%"
"10/26/2015","180.29","180.04","180.99","178.98","1.29M","0.26%"
"10/23/2015","179.83","180.12","181.00","178.62","920.44K","0.18%"
"10/22/2015","179.50","175.05","180.35","174.23","1.29M","3.08%"
"10/21/2015","174.13","175.69","176.05","173.87","762.57K","-0.18%"
"10/20/2015","174.45","173.69","175.34","173.19","804.97K","-0.07%"
"10/19/2015","174.58","174.06","174.63","172.87","602.62K","-0.17%"
"10/16/2015","174.88","174.95","175.44","173.62","1.16M","0.47%"
"10/15/2015","174.06","174.52","174.74","172.40","1.12M","0.15%"
"10/14/2015","173.80","176.81","176.93","173.51","709.28K","-1.81%"
"10/13/2015","177.00","176.70","177.91","176.23","1.02M","-0.11%"
"10/12/2015","177.19","176.66","177.78","175.39","1.33M","0.82%"
"10/09/2015","175.75","173.64","176.83","173.17","1.49M","1.15%"
"10/08/2015","173.75","170.21","173.80","169.24","1.14M","1.49%"
"10/07/2015","171.20","169.57","171.37","168.81","1.15M","1.66%"
"10/06/2015","168.41","170.35","171.40","168.26","1.09M","-1.16%"
"10/05/2015","170.38","169.20","171.26","168.33","1.22M","1.70%"
"10/02/2015","167.53","163.97","167.60","163.20","1.10M","1.09%"
"10/01/2015","165.72","166.00","166.40","162.68","1.41M","-0.14%"
"09/30/2015","165.95","165.15","167.26","164.48","1.25M","1.47%"
"09/29/2015","163.55","162.65","163.90","161.81","784.09K","0.55%"
"09/28/2015","162.65","164.37","165.53","162.50","1.06M","-1.76%"
"09/25/2015","165.57","167.81","168.60","164.84","952.89K","-0.73%"
"09/24/2015","166.78","165.92","167.54","163.70","1.10M","-0.38%"
"09/23/2015","167.42","167.92","168.34","166.04","844.84K","-0.13%"
"09/22/2015","167.63","167.36","168.43","166.54","887.48K","-1.52%"
"09/21/2015","170.21","169.29","171.53","169.17","986.04K","0.73%"
"09/18/2015","168.98","168.45","170.80","167.96","2.35M","-1.02%"
"09/17/2015","170.72","171.74","173.49","170.33","1.20M","-0.14%"
"09/16/2015","170.96","171.77","171.90","169.72","929.46K","0.37%"
"09/15/2015","170.33","168.23","170.97","167.37","1.02M","1.49%"
"09/14/2015","167.83","168.42","168.83","167.12","871.73K","-0.41%"
"09/11/2015","168.52","165.27","168.58","164.84","927.65K","1.70%"
"09/10/2015","165.70","165.32","166.84","164.96","1.05M","-0.34%"
"09/09/2015","166.26","169.90","170.17","165.91","761.78K","-1.04%"
"09/08/2015","168.01","164.89","168.30","164.52","1.72M","3.52%"
"09/04/2015","162.30","162.93","163.25","161.05","1.20M","-1.43%"
"09/03/2015","164.65","164.95","166.91","164.33","1.06M","0.02%"
"09/02/2015","164.61","160.95","164.63","160.47","1.08M","3.29%"
"09/01/2015","159.37","160.75","161.69","158.84","1.61M","-2.67%"
"08/31/2015","163.74","165.50","165.83","163.60","975.51K","-1.09%"
"08/28/2015","165.54","166.58","167.43","164.49","979.21K","-0.92%"
"08/27/2015","167.08","165.26","167.95","163.77","1.17M","1.58%"
"08/26/2015","164.48","162.80","164.74","159.14","1.48M","3.00%"
"08/25/2015","159.69","163.66","164.33","159.07","1.76M","-0.21%"
"08/24/2015","160.02","152.31","165.91","152.31","2.29M","-3.22%"
"08/21/2015","165.35","171.18","171.74","165.21","1.99M","-4.19%"
"08/20/2015","172.59","173.95","174.55","172.59","1.12M","-1.73%"
"08/19/2015","175.62","174.95","176.83","173.60","1.02M","0.07%"
"08/18/2015","175.50","174.43","175.78","174.34","727.36K","0.45%"
"08/17/2015","174.71","173.60","174.87","172.35","685.70K","0.30%"
"08/14/2015","174.18","173.03","174.35","172.26","719.18K","0.76%"
"08/13/2015","172.86","172.09","173.62","172.00","625.97K","0.76%"
"08/12/2015","171.56","171.98","172.30","169.61","1.16M","-0.99%"
"08/11/2015","173.27","173.27","173.70","172.17","767.94K","-1.13%"
"08/10/2015","175.25","174.14","175.84","173.74","828.27K","1.51%"
"08/07/2015","172.65","172.72","173.32","171.03","872.30K","-0.13%"
"08/06/2015","172.87","173.94","174.11","171.70","875.52K","-0.47%"
"08/05/2015","173.68","173.05","174.52","172.91","1.12M","0.91%"
"08/04/2015","172.12","172.60","173.21","171.58","1.39M","-0.02%"
"08/03/2015","172.16","172.85","173.36","170.67","1.35M","-0.49%"
"07/31/2015","173.01","175.85","175.85","172.73","1.74M","-1.37%"
"07/30/2015","175.41","172.86","176.02","172.36","1.66M","1.14%"
"07/29/2015","173.44","170.60","176.50","167.18","3.11M","6.18%"
"07/28/2015","163.34","163.41","164.58","162.00","1.58M","0.48%"
"07/27/2015","162.56","163.92","164.25","162.16","970.45K","-1.36%"
"07/24/2015","164.80","165.59","165.98","164.19","665.47K","-0.42%"
"07/23/2015","165.50","166.61","167.59","165.14","1.22M","-0.47%"
"07/22/2015","166.28","166.75","167.24","165.75","905.43K","-0.29%"
"07/21/2015","166.77","169.11","169.47","165.98","833.76K","-1.80%"
"07/20/2015","169.83","169.54","170.35","168.98","877.76K","0.50%"
"07/17/2015","168.99","169.21","169.97","168.31","792.09K","-0.51%"
"07/16/2015","169.86","169.32","170.07","168.47","876.96K","0.75%"
"07/15/2015","168.59","168.21","169.05","167.74","991.04K","0.06%"
"07/14/2015","168.49","167.16","168.82","167.04","1.17M","0.71%"
"07/13/2015","167.30","167.02","167.62","166.00","942.86K","1.17%"
"07/10/2015","165.37","164.30","165.95","163.68","1.17M","1.65%"
"07/09/2015","162.69","163.01","164.00","162.55","1.23M","1.26%"
"07/08/2015","160.66","160.22","161.75","160.18","888.49K","-0.45%"
"07/07/2015","161.39","159.83","161.51","158.13","986.53K","1.34%"
"07/06/2015","159.25","158.35","159.59","158.10","968.22K","-0.16%"
"07/02/2015","159.50","160.66","161.22","158.42","975.92K","-0.37%"
"07/01/2015","160.10","159.64","160.51","159.04","734.43K","0.93%"
"06/30/2015","158.63","159.99","160.24","158.16","900.57K","-0.03%"
"06/29/2015","158.68","160.80","161.58","158.64","1.06M","-1.91%"
"06/26/2015","161.77","162.42","162.84","161.45","2.04M","-0.22%"
"06/25/2015","162.13","163.62","164.10","162.01","891.03K","-0.66%"
"06/24/2015","163.21","164.24","164.68","162.89","869.08K","-0.71%"
"06/23/2015","164.37","165.66","166.21","163.73","1.25M","-0.66%"
"06/22/2015","165.47","165.79","166.55","165.35","960.36K","0.25%"
"06/19/2015","165.05","164.50","165.97","164.50","1.94M","-0.07%"
"06/18/2015","165.16","163.28","165.92","163.22","1.15M","1.41%"
"06/17/2015","162.87","162.00","163.38","161.12","831.40K","0.85%"
"06/16/2015","161.49","159.04","163.50","159.04","871.66K","0.96%"
"06/15/2015","159.96","159.67","160.55","159.00","924.15K","-0.68%"
"06/12/2015","161.06","159.61","161.36","159.10","1.03M","0.18%"
"06/11/2015","160.77","158.82","161.05","158.77","923.91K","1.39%"
"06/10/2015","158.56","157.84","159.11","156.44","1.27M","0.85%"
"06/09/2015","157.22","156.94","157.78","156.18","938.04K","0.36%"
"06/08/2015","156.66","157.03","157.65","156.49","942.75K","-0.40%"
"06/05/2015","157.29","157.47","157.78","156.51","928.71K","-0.52%"
"06/04/2015","158.12","158.87","160.35","157.80","947.77K","-1.34%"
"06/03/2015","160.26","160.57","161.44","159.83","1.19M","-0.06%"
"06/02/2015","160.35","159.21","161.25","157.44","1.26M","0.26%"
"06/01/2015","159.94","159.09","160.78","158.30","1.33M","0.48%"
"05/29/2015","159.18","159.90","160.74","158.27","1.91M","-0.81%"
"05/28/2015","160.48","158.00","160.58","157.66","1.26M","0.73%"
"05/27/2015","159.32","159.37","159.65","158.09","865.55K","0.54%"
"05/26/2015","158.47","159.92","159.92","158.05","861.43K","-0.96%"
"05/22/2015","160.00","160.73","161.05","159.58","956.70K","-0.73%"
"05/21/2015","161.18","160.25","161.79","160.04","1.08M","0.98%"
"05/20/2015","159.62","159.43","160.36","158.50","1.09M","0.43%"
"05/19/2015","158.93","158.00","159.44","157.62","954.79K","0.58%"
"05/18/2015","158.02","157.91","158.65","157.49","704.80K","0.01%"
"05/15/2015","158.01","157.71","158.87","157.33","667.78K","0.22%"
"05/14/2015","157.67","156.59","157.88","156.05","917.30K","1.58%"
"05/13/2015","155.22","155.38","156.17","155.11","823.50K","-0.14%"
"05/12/2015","155.44","155.95","156.00","154.69","947.72K","-0.58%"
"05/11/2015","156.35","156.25","157.52","156.01","746.48K","0.03%"
"05/08/2015","156.31","155.00","156.55","154.75","934.18K","1.86%"
"05/07/2015","153.46","153.30","154.14","152.70","1.08M","0.10%"
"05/06/2015","153.30","154.00","154.68","152.44","1.26M","0.01%"
"05/05/2015","153.28","155.68","156.49","152.69","1.24M","-1.64%"
"05/04/2015","155.83","156.18","157.43","155.53","1.03M","-0.12%"
"05/01/2015","156.01","154.87","156.06","154.29","1.14M","1.28%"
"04/30/2015","154.04","158.18","158.84","152.78","2.47M","-3.20%"
"04/29/2015","159.14","162.05","163.38","158.35","1.40M","-0.85%"
"04/28/2015","160.51","160.01","160.95","158.91","1.13M","0.24%"
"04/27/2015","160.13","162.05","162.93","160.03","1.23M","-1.02%"
"04/24/2015","161.78","162.50","162.70","161.26","629.15K","-0.64%"
"04/23/2015","162.83","161.53","163.94","161.15","866.74K","0.46%"
"04/22/2015","162.08","162.37","162.53","160.65","772.21K","-0.25%"
"04/21/2015","162.49","163.72","163.84","162.09","986.22K","-0.12%"
"04/20/2015","162.69","161.18","163.23","160.89","846.41K","1.58%"
"04/17/2015","160.16","162.20","162.29","159.70","1.13M","-1.97%"
"04/16/2015","163.38","162.74","164.19","161.85","913.62K","0.09%"
"04/15/2015","163.24","163.84","164.43","162.90","642.01K","0.00%"
"04/14/2015","163.24","163.43","164.37","162.17","696.22K","-0.21%"
"04/13/2015","163.58","165.00","165.93","163.56","948.88K","-1.07%"
"04/10/2015","165.35","164.75","165.95","164.13","631.42K","0.47%"
"04/09/2015","164.57","163.76","165.21","163.08","743.51K","0.22%"
"04/08/2015","164.21","162.32","164.88","162.08","1.02M","0.80%"
"04/07/2015","162.91","162.70","164.63","162.61","961.92K","0.09%"
"04/06/2015","162.76","160.52","163.34","160.37","1.26M","0.70%"
"04/02/2015","161.63","160.67","162.78","160.28","911.74K","0.67%"
"04/01/2015","160.55","160.09","161.29","158.11","1.45M","-0.25%"
"03/31/2015","160.96","161.94","162.87","160.96","1.18M","-1.06%"
"03/30/2015","162.68","161.15","163.57","160.78","1.04M","1.37%"
"03/27/2015","160.48","159.14","160.87","158.90","1.44M","0.73%"
"03/26/2015","159.31","158.06","159.92","157.11","1.16M","0.08%"
"03/25/2015","159.19","162.43","162.68","159.18","1.19M","-1.79%"
"03/24/2015","162.09","162.06","163.18","161.20","953.53K","-0.39%"
"03/23/2015","162.72","163.01","164.00","162.59","1.17M","0.06%"
"03/20/2015","162.62","162.74","164.08","162.08","4.39M","0.06%"
"03/19/2015","162.52","162.76","163.81","161.72","1.22M","-0.20%"
"03/18/2015","162.84","160.63","163.36","159.51","1.62M","1.04%"
"03/17/2015","161.16","160.07","161.45","160.07","1.12M","-0.11%"
"03/16/2015","161.34","158.20","161.48","158.20","1.33M","2.40%"
"03/13/2015","157.56","159.39","160.80","156.31","1.56M","-1.53%"
"03/12/2015","160.00","158.26","160.04","158.26","1.49M","1.25%"
"03/11/2015","158.03","159.06","159.74","157.96","1.27M","-0.20%"
"03/10/2015","158.34","160.01","160.53","158.34","1.36M","-1.82%"
"03/09/2015","161.27","159.87","161.95","159.74","1.27M","0.54%"
"03/06/2015","160.41","162.30","162.30","159.61","1.78M","-1.76%"
"03/05/2015","163.28","163.76","164.63","162.84","1.07M","-0.40%"
"03/04/2015","163.93","163.29","164.20","162.44","1.23M","0.18%"
"03/03/2015","163.63","165.84","166.55","162.74","2.19M","-2.08%"
"03/02/2015","167.10","165.61","167.73","165.47","2.35M","0.84%"
"02/27/2015","165.71","166.06","167.56","165.60","1.26M","-0.36%"
"02/26/2015","166.31","167.43","168.44","165.78","1.28M","-1.39%"
"02/25/2015","168.65","170.31","170.49","167.36","1.35M","-0.90%"
"02/24/2015","170.19","169.82","170.80","169.01","1.19M","-0.19%"
"02/23/2015","170.52","171.72","172.26","170.35","1.20M","-0.98%"
"02/20/2015","172.20","169.62","172.30","169.48","1.36M","1.22%"
"02/19/2015","170.13","167.80","170.19","167.50","1.05M","1.46%"
"02/18/2015","167.68","166.00","167.69","165.65","1.18M","0.05%"
"02/17/2015","167.60","166.59","168.11","166.16","1.06M","0.28%"
"02/13/2015","167.14","167.40","167.60","166.11","969.20K","-0.09%"
"02/12/2015","167.29","167.33","168.01","166.46","1.25M","0.60%"
"02/11/2015","166.29","164.41","167.00","164.26","1.75M","0.85%"
"02/10/2015","164.89","164.79","165.07","163.41","1.27M","1.18%"
"02/09/2015","162.97","161.78","164.29","161.06","1.67M","0.45%"
"02/06/2015","162.24","164.22","164.22","161.74","1.05M","-0.48%"
"02/05/2015","163.03","163.27","164.00","161.92","1.09M","0.74%"
"02/04/2015","161.84","160.19","163.24","160.03","1.63M","0.85%"
"02/03/2015","160.48","158.48","161.72","157.70","2.04M","0.81%"
"02/02/2015","159.19","157.29","159.61","154.69","1.46M","1.43%"
"01/30/2015","156.95","156.31","159.20","155.94","2.36M","-0.62%"
"01/29/2015","157.93","153.71","158.15","153.71","2.24M","3.79%"
"01/28/2015","152.16","154.19","155.50","152.04","2.02M","-0.51%"
"01/27/2015","152.94","153.80","154.87","152.50","1.44M","-1.67%"
"01/26/2015","155.54","156.35","156.41","154.40","1.09M","-0.42%"
"01/23/2015","156.19","156.40","157.30","155.65","995.81K","-0.20%"
"01/22/2015","156.50","155.00","157.22","154.01","1.13M","1.47%"
"01/21/2015","154.24","152.81","155.18","152.43","1.46M","0.33%"
"01/20/2015","153.73","154.67","154.99","151.27","1.10M","0.26%"
"01/16/2015","153.33","152.21","153.50","151.39","1.17M","0.67%"
"01/15/2015","152.31","152.60","153.56","151.12","1.45M","0.13%"
"01/14/2015","152.11","150.71","152.47","149.05","1.40M","0.07%"
"01/13/2015","152.00","153.03","154.98","150.96","1.49M","0.02%"
"01/12/2015","151.97","152.79","153.59","150.79","1.59M","-0.50%"
"01/09/2015","152.74","152.45","153.64","151.80","1.89M","0.37%"
"01/08/2015","152.17","149.84","153.14","149.81","3.47M","2.32%"
"01/07/2015","148.72","145.05","148.83","144.88","2.37M","3.16%"
"01/06/2015","144.16","143.46","146.00","141.58","3.12M","0.55%"
"01/05/2015","143.37","145.45","146.47","142.45","5.77M","-2.11%"
"01/02/2015","146.46","148.29","149.16","144.54","2.05M","-0.63%"
"12/31/2014","147.39","150.75","151.21","147.23","1.60M","-2.24%"
"12/30/2014","150.76","150.53","151.14","149.86","948.36K","-0.21%"
"12/29/2014","151.08","150.92","151.58","150.16","795.96K","-0.31%"
"12/26/2014","151.55","151.93","152.59","151.48","549.35K","-0.14%"
"12/24/2014","151.76","151.55","152.75","151.31","417.61K","0.29%"
"12/23/2014","151.32","153.01","153.19","151.15","934.57K","-0.60%"
"12/22/2014","152.24","150.34","153.01","150.24","1.20M","1.56%"
"12/19/2014","149.90","148.71","150.74","148.57","2.31M","0.91%"
"12/18/2014","148.55","145.33","148.59","145.30","1.41M","3.43%"
"12/17/2014","143.62","144.11","144.80","141.96","1.53M","-0.12%"
"12/16/2014","143.79","141.25","146.18","141.21","1.72M","1.33%"
"12/15/2014","141.90","142.20","143.59","140.52","1.24M","0.24%"
"12/12/2014","141.56","144.68","144.68","141.53","1.22M","-2.85%"
"12/11/2014","145.72","144.88","146.80","144.24","1.15M","0.97%"
"12/10/2014","144.32","147.21","147.45","144.19","1.60M","-2.19%"
"12/09/2014","147.55","145.15","148.06","144.42","1.31M","0.67%"
"12/08/2014","146.57","147.69","148.00","145.87","2.36M","-0.76%"
"12/05/2014","147.69","143.25","148.77","143.03","2.15M","5.61%"
"12/04/2014","139.84","140.58","141.42","139.09","950.41K","-0.80%"
"12/03/2014","140.97","140.56","141.94","140.33","1.17M","0.57%"
"12/02/2014","140.17","139.03","140.73","138.88","2.13M","1.02%"
"12/01/2014","138.76","140.72","141.14","138.68","1.39M","-1.54%"
"11/28/2014","140.93","141.50","142.51","140.72","880.64K","-0.37%"
"11/26/2014","141.45","140.86","141.65","140.66","801.72K","-0.08%"
"11/25/2014","141.56","140.53","142.31","140.53","1.18M","0.60%"
"11/24/2014","140.72","138.97","140.82","138.81","718.27K","1.14%"
"11/21/2014","139.13","140.00","140.59","138.81","1.07M","0.49%"
"11/20/2014","138.45","136.81","138.69","136.49","763.45K","0.66%"
"11/19/2014","137.54","137.33","137.83","136.54","993.68K","-0.39%"
"11/18/2014","138.08","136.20","138.35","135.82","1.20M","1.60%"
"11/17/2014","135.91","136.07","136.63","135.66","768.78K","-0.12%"
"11/14/2014","136.07","136.30","137.28","135.79","1.20M","-0.82%"
"11/13/2014","137.20","136.14","138.06","136.14","969.87K","0.87%"
"11/12/2014","136.02","136.17","136.83","135.37","787.77K","-0.61%"
"11/11/2014","136.85","135.88","137.67","135.81","615.14K","0.88%"
"11/10/2014","135.65","135.75","136.16","134.83","1.09M","-0.34%"
"11/07/2014","136.11","138.13","138.15","135.39","1.83M","-1.45%"
"11/06/2014","138.11","137.89","138.68","136.80","1.21M","0.20%"
"11/05/2014","137.84","139.26","139.46","137.00","1.35M","-0.53%"
"11/04/2014","138.57","137.91","139.47","136.82","1.33M","1.18%"
"11/03/2014","136.96","137.79","137.89","136.21","1.25M","-0.72%"
"10/31/2014","137.96","138.80","139.22","137.15","1.50M","0.49%"
"10/30/2014","137.29","134.65","137.78","133.75","1.78M","1.20%"
"10/29/2014","135.66","134.41","136.08","133.78","1.75M","1.09%"
"10/28/2014","134.20","132.10","134.26","131.54","1.66M","2.61%"
"10/27/2014","130.79","130.84","130.99","129.30","1.31M","0.00%"
"10/24/2014","130.79","129.17","130.89","128.54","1.04M","1.23%"
"10/23/2014","129.20","127.10","129.53","125.56","1.86M","3.27%"
"10/22/2014","125.11","127.00","128.61","124.58","1.92M","-0.81%"
"10/21/2014","126.13","124.50","126.22","123.34","1.46M","1.17%"
"10/20/2014","124.67","124.10","124.75","123.40","973.32K","0.18%"
"10/17/2014","124.44","122.51","124.97","122.51","1.06M","2.34%"
"10/16/2014","121.60","119.31","122.53","118.57","1.16M","0.26%"
"10/15/2014","121.29","122.27","123.56","118.24","1.97M","-2.34%"
"10/14/2014","124.19","122.01","125.62","121.87","1.16M","2.24%"
"10/13/2014","121.47","124.20","125.22","121.38","981.53K","-2.05%"
"10/10/2014","124.01","123.80","125.41","123.05","1.20M","-0.01%"
"10/09/2014","124.02","126.10","126.58","123.69","771.71K","-1.85%"
"10/08/2014","126.36","124.55","126.48","123.43","1.00M","1.40%"
"10/07/2014","124.61","127.12","127.19","124.56","1.03M","-2.46%"
"10/06/2014","127.75","129.08","129.67","127.20","911.45K","-0.56%"
"10/03/2014","128.47","127.68","129.07","127.62","1.10M","1.24%"
"10/02/2014","126.90","128.22","128.78","126.55","1.35M","-0.87%"
"10/01/2014","128.02","130.61","130.86","127.76","1.57M","-2.84%"
"09/30/2014","131.76","132.17","132.94","131.31","1.39M","-0.17%"
"09/29/2014","131.98","131.24","132.85","130.60","1.07M","0.04%"
"09/26/2014","131.93","130.35","132.35","129.91","986.36K","2.35%"
"09/25/2014","128.90","130.64","130.91","128.41","1.04M","-0.84%"
"09/24/2014","129.99","128.64","130.23","128.41","1.00M","0.89%"
"09/23/2014","128.84","131.45","131.45","128.77","1.18M","-2.32%"
"09/22/2014","131.90","132.99","133.66","131.85","1.01M","-1.32%"
"09/19/2014","133.66","133.33","134.24","133.20","1.82M","0.92%"
"09/18/2014","132.44","132.70","132.97","132.13","944.85K","-0.10%"
"09/17/2014","132.57","132.97","133.31","131.93","813.59K","0.49%"
"09/16/2014","131.93","130.32","132.21","130.08","728.31K","1.04%"
"09/15/2014","130.57","129.77","130.92","129.54","745.42K","0.45%"
"09/12/2014","129.99","129.75","130.31","129.40","911.36K","0.18%"
"09/11/2014","129.76","129.60","129.95","129.26","943.37K","-0.18%"
"09/10/2014","129.99","128.36","130.32","128.34","1.14M","1.18%"
"09/09/2014","128.48","127.91","129.44","127.57","1.16M","0.73%"
"09/08/2014","127.55","127.53","128.36","127.50","1.06M","0.02%"
"09/05/2014","127.53","127.30","127.61","126.74","1.00M","0.24%"
"09/04/2014","127.22","128.41","128.63","127.03","1.04M","-0.55%"
"09/03/2014","127.93","129.10","129.10","127.61","862.51K","-0.50%"
"09/02/2014","128.57","128.41","128.72","127.81","1.03M","1.06%"
"08/29/2014","127.22","126.90","127.68","126.77","811.79K","0.27%"
"08/28/2014","126.88","126.31","127.19","126.31","682.60K","-0.58%"
"08/27/2014","127.62","127.57","127.86","126.94","737.99K","0.28%"
"08/26/2014","127.27","128.04","128.06","127.02","776.70K","-0.59%"
"08/25/2014","128.02","128.31","128.44","127.49","672.98K","0.33%"
"08/22/2014","127.60","128.30","128.66","127.45","686.03K","-0.34%"
"08/21/2014","128.03","128.56","128.56","127.66","730.69K","-0.11%"
"08/20/2014","128.17","127.02","128.39","126.76","935.21K","0.91%"
"08/19/2014","127.01","127.07","127.42","126.45","662.78K","0.22%"
"08/18/2014","126.73","125.62","126.94","125.62","727.36K","1.49%"
"08/15/2014","124.87","125.51","125.98","123.68","868.13K","-0.11%"
"08/14/2014","125.01","125.38","125.93","124.94","725.27K","-0.12%"
"08/13/2014","125.16","123.50","125.68","123.16","759.74K","1.73%"
"08/12/2014","123.03","123.58","124.39","122.80","769.71K","-0.37%"
"08/11/2014","123.49","123.26","124.02","123.18","709.12K","0.51%"
"08/08/2014","122.86","120.75","122.96","120.54","1.26M","2.13%"
"08/07/2014","120.30","121.80","122.36","119.97","1.30M","-0.56%"
"08/06/2014","120.98","122.00","122.20","120.58","1.21M","-1.70%"
"08/05/2014","123.07","123.12","125.23","122.88","1.23M","-0.24%"
"08/04/2014","123.36","123.53","123.97","122.22","1.37M","-0.45%"
"08/01/2014","123.92","122.91","124.85","122.85","1.03M","0.53%"
"07/31/2014","123.27","124.91","125.00","123.03","1.45M","-2.05%"
"07/30/2014","125.85","127.08","127.23","125.31","1.03M","-0.41%"
"07/29/2014","126.37","127.56","127.97","126.21","1.06M","-1.11%"
"07/28/2014","127.79","127.97","128.46","126.60","1.26M","0.18%"
"07/25/2014","127.56","127.41","128.31","127.35","952.20K","-0.28%"
"07/24/2014","127.92","127.01","128.29","126.01","1.20M","1.03%"
"07/23/2014","126.61","124.96","127.97","124.93","1.09M","0.06%"
"07/22/2014","126.53","125.52","127.01","125.21","1.23M","1.13%"
"07/21/2014","125.12","123.74","125.30","123.38","1.28M","1.01%"
"07/18/2014","123.87","123.00","124.40","122.80","702.97K","1.07%"
"07/17/2014","122.56","122.42","124.00","122.35","803.17K","-0.51%"
"07/16/2014","123.19","123.44","123.64","122.68","787.60K","0.03%"
"07/15/2014","123.15","122.69","123.82","122.44","1.05M","0.66%"
"07/14/2014","122.34","121.57","122.70","121.41","926.91K","0.55%"
"07/11/2014","121.67","120.21","121.90","119.60","725.77K","1.46%"
"07/10/2014","119.92","118.23","120.71","118.23","804.07K","0.10%"
"07/09/2014","119.80","119.79","120.20","119.17","690.68K","0.38%"
"07/08/2014","119.35","119.87","120.43","118.77","1.08M","-0.63%"
"07/07/2014","120.11","121.00","121.00","119.89","724.96K","-0.89%"
"07/03/2014","121.19","120.23","121.50","120.04","542.44K","1.21%"
"07/02/2014","119.74","120.01","120.81","119.54","990.17K","-0.57%"
"07/01/2014","120.43","119.33","121.25","118.29","1.26M","0.67%"
"06/30/2014","119.63","121.11","121.14","119.39","938.94K","-0.86%"
"06/27/2014","120.67","120.18","120.74","119.93","892.42K","0.22%"
"06/26/2014","120.40","120.81","120.81","119.54","615.01K","-0.25%"
"06/25/2014","120.70","120.52","120.98","120.16","722.64K","0.08%"
"06/24/2014","120.60","121.96","122.56","120.56","792.81K","-1.58%"
"06/23/2014","122.53","123.59","123.59","122.19","701.06K","-0.75%"
"06/20/2014","123.45","123.12","124.11","122.65","1.62M","0.92%"
"06/19/2014","122.33","121.55","122.87","121.18","995.10K","0.73%"
"06/18/2014","121.44","121.01","121.68","120.16","838.12K","0.29%"
"06/17/2014","121.09","121.39","121.84","120.49","747.80K","-0.39%"
"06/16/2014","121.56","120.36","122.14","120.36","1.11M","0.63%"
"06/13/2014","120.80","119.96","121.42","119.65","977.51K","1.06%"
"06/12/2014","119.53","121.74","122.00","119.30","1.55M","-2.22%"
"06/11/2014","122.24","122.97","123.46","122.20","973.49K","-1.22%"
"06/10/2014","123.75","124.01","124.03","123.03","944.66K","-0.57%"
"06/09/2014","124.46","123.75","124.92","123.28","924.08K","0.37%"
"06/06/2014","124.00","123.90","124.56","123.63","995.25K","0.26%"
"06/05/2014","123.68","122.20","123.83","122.01","1.23M","1.16%"
"06/04/2014","122.26","121.50","122.38","120.92","1.24M","0.63%"
"06/03/2014","121.49","121.15","122.10","120.48","1.76M","-0.39%"
"06/02/2014","121.96","121.32","122.28","120.62","946.81K","0.34%"
"05/30/2014","121.55","119.85","121.80","119.69","1.16M","1.12%"
"05/29/2014","120.20","119.65","120.31","119.22","1.37M","-0.06%"
"05/28/2014","120.27","120.43","121.60","119.90","1.39M","0.08%"
"05/27/2014","120.17","119.95","120.33","119.21","948.02K","0.12%"
"05/23/2014","120.02","118.82","120.11","118.47","968.44K","1.28%"
"05/22/2014","118.50","118.27","118.89","118.01","768.78K","0.20%"
"05/21/2014","118.26","117.89","118.99","117.89","1.18M","0.49%"
"05/20/2014","117.68","119.05","119.58","117.50","991.91K","-1.67%"
"05/19/2014","119.68","119.24","119.79","118.37","1.09M","0.67%"
"05/16/2014","118.88","119.21","119.47","118.30","1.47M","-0.26%"
"05/15/2014","119.19","121.68","121.78","119.07","1.08M","-2.09%"
"05/14/2014","121.74","123.16","123.16","121.64","631.35K","-1.08%"
"05/13/2014","123.07","122.59","123.48","122.22","908.46K","0.51%"
"05/12/2014","122.44","121.41","122.70","121.37","891.33K","1.14%"
"05/09/2014","121.06","121.00","121.12","120.15","691.73K","-0.14%"
"05/08/2014","121.23","121.00","121.92","120.68","947.23K","0.26%"
"05/07/2014","120.92","120.08","121.07","119.34","899.60K","1.09%"
"05/06/2014","119.62","120.45","120.81","119.54","715.28K","-1.10%"
"05/05/2014","120.95","120.38","121.44","120.02","1.06M","0.18%"
"05/02/2014","120.73","120.39","121.32","120.00","811.41K","0.10%"
"05/01/2014","120.61","121.22","121.55","120.28","1.35M","-0.74%"
"04/30/2014","121.51","120.13","121.83","119.71","1.27M","0.87%"
"04/29/2014","120.46","119.53","120.83","119.08","1.27M","1.13%"
"04/28/2014","119.11","119.49","119.78","117.78","1.45M","0.10%"
"04/25/2014","118.99","119.15","119.15","118.14","1.73M","-0.16%"
"04/24/2014","119.18","121.75","122.00","118.35","1.95M","-2.04%"
"04/23/2014","121.66","119.26","122.25","117.17","1.66M","1.56%"
"04/22/2014","119.79","122.66","123.39","119.76","1.77M","-1.98%"
"04/21/2014","122.21","122.07","122.55","121.55","822.82K","0.17%"
"04/17/2014","122.00","121.42","122.22","117.30","881.13K","1.16%"
"04/16/2014","120.60","119.58","120.84","118.88","1.22M","1.41%"
"04/15/2014","118.92","118.32","119.29","116.11","1.23M","0.78%"
"04/14/2014","118.00","117.77","118.74","116.83","1.08M","1.14%"
"04/11/2014","116.67","117.07","118.35","116.62","1.36M","-0.42%"
"04/10/2014","117.16","120.38","120.64","117.11","1.20M","-2.63%"
"04/09/2014","120.32","119.40","120.39","118.59","1.38M","1.22%"
"04/08/2014","118.87","119.20","119.65","117.64","1.18M","-0.35%"
"04/07/2014","119.29","120.57","121.62","119.24","1.35M","-1.16%"
"04/04/2014","120.69","125.55","126.00","120.47","2.44M","-3.46%"
"04/03/2014","125.02","124.91","125.13","124.20","712.77K","0.35%"
"04/02/2014","124.59","123.86","125.53","123.55","1.42M","0.52%"
"04/01/2014","123.95","123.16","124.00","122.75","1.41M","0.46%"
"03/31/2014","123.38","122.61","123.79","122.59","1.01M","1.29%"
"03/28/2014","121.81","120.49","122.59","120.42","946.50K","1.56%"
"03/27/2014","119.94","121.14","121.27","119.68","1.46M","-1.41%"
"03/26/2014","121.66","122.34","123.48","121.64","1.09M","-0.38%"
"03/25/2014","122.13","121.81","122.41","121.31","1.05M","0.92%"
"03/24/2014","121.02","122.06","122.37","119.92","1.17M","-0.71%"
"03/21/2014","121.88","123.40","123.55","121.45","3.31M","-0.38%"
"03/20/2014","122.34","122.74","123.60","122.12","1.16M","-0.44%"
"03/19/2014","122.88","124.34","125.36","122.12","1.67M","-0.90%"
"03/18/2014","123.99","122.97","124.06","122.90","934.66K","1.21%"
"03/17/2014","122.51","121.78","122.66","121.11","1.36M","0.88%"
"03/14/2014","121.44","120.90","122.57","120.70","1.40M","0.41%"
"03/13/2014","120.94","122.56","124.15","120.75","1.46M","-1.21%"
"03/12/2014","122.42","121.29","122.63","120.44","1.05M","0.53%"
"03/11/2014","121.77","122.94","123.10","121.55","915.06K","-0.77%"
"03/10/2014","122.72","123.58","123.85","122.07","1.23M","-1.27%"
"03/07/2014","124.30","124.22","125.37","123.85","1.21M","0.49%"
"03/06/2014","123.69","123.66","124.19","123.14","1.19M","0.03%"
"03/05/2014","123.65","124.55","124.71","123.07","1.12M","-0.48%"
"03/04/2014","124.25","123.00","124.53","122.94","1.77M","2.67%"
"03/03/2014","121.02","119.74","121.79","119.69","1.29M","-0.01%"
"02/28/2014","121.03","119.68","121.83","119.51","1.39M","0.84%"
"02/27/2014","120.02","118.51","120.07","118.10","1.37M","1.10%"
"02/26/2014","118.72","120.05","120.69","118.67","1.57M","-0.80%"
"02/25/2014","119.68","122.00","122.67","119.45","1.59M","-2.00%"
"02/24/2014","122.12","120.76","123.30","120.76","1.34M","1.37%"
"02/21/2014","120.47","121.45","121.45","119.14","1.03M","-0.12%"
"02/20/2014","120.61","120.96","121.19","118.97","992.76K","1.31%"
"02/19/2014","119.05","119.99","121.37","118.91","1.10M","-0.84%"
"02/18/2014","120.06","120.54","120.86","119.62","1.09M","-0.18%"
"02/14/2014","120.28","118.68","120.79","117.98","1.23M","1.19%"
"02/13/2014","118.86","117.04","119.30","117.00","979.54K","0.67%"
"02/12/2014","118.07","117.06","118.32","116.82","1.50M","1.00%"
"02/11/2014","116.90","114.34","117.40","114.31","1.68M","2.26%"
"02/10/2014","114.32","114.72","114.97","113.12","1.73M","-0.57%"
"02/07/2014","114.97","113.08","115.99","112.94","1.70M","2.40%"
"02/06/2014","112.28","111.72","112.79","111.46","1.15M","0.79%"
"02/05/2014","111.40","110.13","112.05","109.70","1.66M","0.54%"
"02/04/2014","110.80","111.01","111.99","109.17","2.73M","-2.16%"
"02/03/2014","113.25","116.09","117.21","112.17","2.66M","-1.99%"
"01/31/2014","115.55","112.27","116.55","112.02","2.08M","2.03%"
"01/30/2014","113.25","113.25","118.64","112.04","2.07M","1.00%"
"01/29/2014","112.13","111.08","112.78","110.50","1.68M","0.11%"
"01/28/2014","112.01","113.44","113.59","111.66","2.17M","-0.61%"
"01/27/2014","112.70","113.45","113.92","111.47","1.69M","-0.66%"
"01/24/2014","113.45","116.68","116.71","113.43","2.17M","-3.45%"
"01/23/2014","117.50","119.40","120.68","117.44","1.43M","-2.34%"
"01/22/2014","120.32","119.80","120.43","118.86","1.22M","0.95%"
"01/21/2014","119.19","119.06","120.44","118.51","990.92K","0.80%"
"01/17/2014","118.24","118.27","118.66","117.82","889.17K","-0.04%"
"01/16/2014","118.29","117.93","118.55","117.46","871.56K","0.35%"
"01/15/2014","117.88","117.14","118.46","117.00","1.09M","0.66%"
"01/14/2014","117.11","116.31","117.16","115.18","1.38M","1.28%"
"01/13/2014","115.63","116.44","117.53","115.28","1.20M","-0.64%"
"01/10/2014","116.37","115.99","116.57","115.02","1.50M","0.64%"
"01/09/2014","115.63","115.50","116.27","115.25","1.93M","0.38%"
"01/08/2014","115.19","114.23","115.33","113.65","1.28M","0.59%"
"01/07/2014","114.51","113.81","114.92","113.15","1.67M","0.62%"
"01/06/2014","113.80","114.01","115.09","113.43","1.28M","0.19%"
"01/03/2014","113.58","113.23","114.46","113.23","1.28M","0.31%"
"01/02/2014","113.23","114.18","114.49","112.76","1.08M","-1.20%"
"12/31/2013","114.61","114.25","114.78","113.85","965.80K","0.60%"
"12/30/2013","113.93","114.72","115.07","113.52","726.06K","-0.67%"
"12/27/2013","114.70","115.52","116.19","114.12","905.28K","-0.54%"
"12/26/2013","115.32","114.45","115.88","114.37","981.10K","0.96%"
"12/24/2013","114.22","112.56","114.30","112.56","570.59K","1.50%"
"12/23/2013","112.53","113.00","113.26","112.04","1.14M","0.24%"
"12/20/2013","112.26","110.66","113.05","110.31","3.55M","1.55%"
"12/19/2013","110.55","111.45","111.85","110.17","1.37M","-0.83%"
"12/18/2013","111.48","109.93","111.52","108.47","2.07M","1.74%"
"12/17/2013","109.57","109.82","110.14","109.34","1.20M","-0.08%"
"12/16/2013","109.66","108.96","110.00","108.42","1.33M","0.68%"
"12/13/2013","108.92","108.16","109.24","107.79","899.45K","0.82%"
"12/12/2013","108.03","107.65","108.32","107.21","1.88M","0.47%"
"12/11/2013","107.52","110.29","110.50","107.22","2.04M","-2.37%"
"12/10/2013","110.13","109.85","110.54","109.56","1.07M","0.17%"
"12/09/2013","109.94","110.18","110.35","109.16","1.31M","-0.29%"
"12/06/2013","110.26","110.07","110.35","109.24","1.92M","0.66%"
"12/05/2013","109.54","110.08","111.17","109.43","1.24M","-0.86%"
"12/04/2013","110.49","111.99","112.76","109.66","1.80M","-1.80%"
"12/03/2013","112.52","111.97","113.24","111.51","1.70M","0.63%"
"12/02/2013","111.82","112.60","113.15","111.61","906.71K","-0.76%"
"11/29/2013","112.68","113.98","114.48","112.50","724.85K","-1.11%"
"11/27/2013","113.95","111.86","114.33","111.66","1.63M","1.77%"
"11/26/2013","111.97","111.65","112.40","111.65","2.03M","0.29%"
"11/25/2013","111.65","112.12","112.53","110.97","2.00M","-0.32%"
"11/22/2013","112.01","110.39","112.25","110.34","1.23M","1.12%"
"11/21/2013","110.77","110.35","111.05","110.21","1.58M","0.90%"
"11/20/2013","109.78","110.16","110.66","109.48","889.96K","-0.43%"
"11/19/2013","110.25","110.76","111.14","109.86","1.08M","-0.30%"
"11/18/2013","110.58","110.48","111.34","110.08","1.33M","0.96%"
"11/15/2013","109.53","109.63","109.71","108.34","1.09M","-0.52%"
"11/14/2013","110.10","109.98","110.17","109.14","1.03M","0.72%"
"11/13/2013","109.31","109.01","109.32","106.67","1.58M","-0.04%"
"11/12/2013","109.35","110.00","110.01","109.00","919.47K","-0.74%"
"11/11/2013","110.17","110.23","110.29","109.61","895.57K","-0.51%"
"11/08/2013","110.73","108.73","110.76","108.61","829.23K","1.90%"
"11/07/2013","108.67","109.68","110.47","108.58","1.09M","-0.87%"
"11/06/2013","109.62","109.33","109.89","108.61","774.83K","0.46%"
"11/05/2013","109.12","108.49","109.65","108.21","788.18K","0.43%"
"11/04/2013","108.65","108.45","109.25","108.36","1.13M","0.49%"
"11/01/2013","108.12","107.57","109.41","107.53","1.95M","0.57%"
"10/31/2013","107.51","107.74","108.69","107.28","1.86M","-0.08%"
"10/30/2013","107.60","108.55","108.86","107.20","1.07M","-0.66%"
"10/29/2013","108.31","107.89","108.40","106.93","1.20M","0.42%"
"10/28/2013","107.86","108.09","108.33","107.63","1.05M","-0.47%"
"10/25/2013","108.37","107.28","108.78","106.88","1.50M","0.83%"
"10/24/2013","107.48","105.96","108.01","105.69","1.77M","1.82%"
"10/23/2013","105.56","102.50","105.71","102.25","1.96M","4.04%"
"10/22/2013","101.46","100.66","101.90","100.63","1.02M","1.26%"
"10/21/2013","100.20","101.74","101.80","99.89","1.10M","-1.37%"
"10/18/2013","101.59","100.88","101.60","100.45","1.12M","0.85%"
"10/17/2013","100.73","98.51","100.73","98.13","1.25M","2.08%"
"10/16/2013","98.68","98.02","98.72","97.83","1.01M","1.37%"
"10/15/2013","97.35","98.83","98.91","97.15","1.13M","-1.48%"
"10/14/2013","98.81","97.70","99.03","97.16","764.45K","0.46%"
"10/11/2013","98.36","97.15","98.41","97.06","963.71K","1.30%"
"10/10/2013","97.10","94.85","97.11","94.82","1.17M","3.19%"
"10/09/2013","94.10","94.10","94.64","93.33","1.29M","0.01%"
"10/08/2013","94.09","94.80","95.00","93.69","1.45M","-0.94%"
"10/07/2013","94.98","92.92","95.56","92.82","1.83M","1.78%"
"10/04/2013","93.32","93.09","93.53","92.51","1.22M","0.26%"
"10/03/2013","93.08","95.09","95.09","92.61","1.58M","-2.21%"
"10/02/2013","95.18","95.84","95.90","94.38","1.44M","-1.00%"
"10/01/2013","96.14","95.19","96.19","95.00","890.64K","0.92%"
"09/30/2013","95.26","95.45","95.76","95.15","1.16M","-1.03%"
"09/27/2013","96.25","96.11","96.49","95.64","770.36K","-0.12%"
"09/26/2013","96.37","95.69","96.45","95.56","827.27K","0.67%"
"09/25/2013","95.73","96.04","96.12","95.47","1.05M","-0.23%"
"09/24/2013","95.95","96.04","96.46","95.76","1.25M","0.09%"
"09/23/2013","95.86","96.30","96.73","95.40","1.47M","-0.46%"
"09/20/2013","96.30","98.29","98.30","96.09","2.41M","-1.78%"
"09/19/2013","98.05","98.61","99.10","98.02","910.53K","-0.55%"
"09/18/2013","98.59","98.72","99.05","97.44","1.30M","-0.16%"
"09/17/2013","98.75","97.72","98.83","97.60","875.24K","0.98%"
"09/16/2013","97.79","97.04","98.00","96.62","958.60K","1.66%"
"09/13/2013","96.19","96.05","96.27","95.25","889.18K","0.47%"
"09/12/2013","95.74","95.04","96.08","95.04","1.06M","0.66%"
"09/11/2013","95.11","94.56","95.11","94.50","1.43M","0.70%"
"09/10/2013","94.45","93.47","94.72","93.24","1.38M","1.01%"
"09/09/2013","93.51","93.35","93.83","93.35","1.01M","0.42%"
"09/06/2013","93.12","93.71","93.83","92.32","1.03M","-0.47%"
"09/05/2013","93.56","93.61","93.73","93.26","1.11M","0.00%"
"09/04/2013","93.56","92.95","94.29","92.95","1.31M","0.45%"
"09/03/2013","93.14","93.43","93.95","92.89","1.23M","0.94%"
"08/30/2013","92.27","93.17","93.35","91.97","1.01M","-0.85%"
"08/29/2013","93.06","92.47","93.49","91.99","891.06K","0.12%"
"08/28/2013","92.95","93.07","93.54","92.60","1.33M","0.02%"
"08/27/2013","92.93","94.40","95.02","92.83","1.28M","-1.71%"
"08/26/2013","94.55","94.81","95.15","94.26","1.04M","-0.02%"
"08/23/2013","94.57","94.02","94.69","93.85","1.61M","0.57%"
"08/22/2013","94.03","94.30","94.86","93.90","1.02M","0.03%"
"08/21/2013","94.00","93.57","94.67","93.52","1.28M","0.28%"
"08/20/2013","93.74","93.79","94.47","93.69","1.67M","0.00%"
"08/19/2013","93.74","93.88","94.98","93.72","1.48M","-0.30%"
"08/16/2013","94.02","93.57","94.64","93.45","1.59M","0.25%"
"08/15/2013","93.79","93.98","94.84","93.45","1.60M","-1.14%"
"08/14/2013","94.87","95.21","95.42","94.69","1.33M","-0.41%"
"08/13/2013","95.26","95.29","95.58","94.43","1.69M","0.35%"
"08/12/2013","94.93","95.41","95.67","94.89","1.15M","-0.59%"
"08/09/2013","95.49","95.60","95.90","95.04","1.51M","-0.13%"
"08/08/2013","95.61","96.09","96.42","95.55","1.54M","-0.23%"
"08/07/2013","95.83","94.36","95.88","94.36","1.38M","1.00%"
"08/06/2013","94.88","95.30","95.85","94.79","1.52M","-0.57%"
"08/05/2013","95.42","94.89","95.62","94.50","1.74M","0.56%"
"08/02/2013","94.89","94.46","96.26","93.29","5.32M","1.93%"
"08/01/2013","93.09","92.45","93.49","92.45","2.34M","1.12%"
"07/31/2013","92.06","90.90","92.82","90.80","2.94M","1.23%"
"07/30/2013","90.94","91.77","92.52","90.42","2.09M","-0.49%"
"07/29/2013","91.39","90.22","91.54","90.21","1.61M","0.92%"
"07/26/2013","90.56","90.04","90.56","89.73","1.61M","0.17%"
"07/25/2013","90.41","90.31","90.57","89.73","1.39M","0.12%"
"07/24/2013","90.30","90.86","92.99","89.37","3.09M","1.74%"
"07/23/2013","88.76","89.01","89.30","88.23","1.72M","0.36%"
"07/22/2013","88.44","88.67","88.81","88.29","938.16K","0.09%"
"07/19/2013","88.36","87.80","88.41","87.80","1.40M","0.27%"
"07/18/2013","88.12","86.75","88.35","86.75","1.53M","0.59%"
"07/17/2013","87.60","87.40","87.88","87.26","1.17M","0.45%"
"07/16/2013","87.21","88.47","88.56","87.17","1.29M","-1.19%"
"07/15/2013","88.26","88.25","88.63","88.01","1.05M","0.27%"
"07/12/2013","88.02","87.83","88.12","87.13","1.74M","0.31%"
"07/11/2013","87.75","87.71","87.89","87.37","1.34M","0.98%"
"07/10/2013","86.90","85.53","87.19","85.50","1.71M","1.60%"
"07/09/2013","85.53","85.51","86.00","85.00","1.06M","0.52%"
"07/08/2013","85.09","84.44","85.20","84.07","1.52M","1.36%"
"07/05/2013","83.95","83.18","83.97","83.03","664.55K","1.23%"
"07/03/2013","82.93","81.99","83.20","81.74","711.87K","0.92%"
"07/02/2013","82.17","83.08","83.24","81.80","1.17M","-1.42%"
"07/01/2013","83.35","82.78","84.00","82.51","908.97K","0.66%"
"06/28/2013","82.80","83.00","83.57","82.56","1.14M","-0.49%"
"06/27/2013","83.21","82.45","83.45","82.37","952.70K","1.67%"
"06/26/2013","81.84","81.50","82.12","81.34","1.52M","1.40%"
"06/25/2013","80.71","81.67","81.73","80.64","1.56M","-0.44%"
"06/24/2013","81.07","81.42","81.80","80.68","1.49M","-0.95%"
"06/21/2013","81.85","82.56","82.77","81.84","2.79M","-0.15%"
"06/20/2013","81.97","82.30","83.16","81.95","1.46M","-1.22%"
"06/19/2013","82.98","83.86","84.32","82.97","1.17M","-1.13%"
"06/18/2013","83.93","83.79","84.34","83.27","1.23M","0.31%"
"06/17/2013","83.67","83.28","84.30","83.26","1.00M","0.95%"
"06/14/2013","82.88","82.73","83.68","82.60","1.01M","0.02%"
"06/13/2013","82.86","82.67","84.14","82.50","1.79M","0.30%"
"06/12/2013","82.61","83.51","83.57","82.50","969.18K","-0.43%"
"06/11/2013","82.97","83.08","83.73","82.85","1.34M","-0.93%"
"06/10/2013","83.75","84.17","84.30","83.48","1.50M","-0.15%"
"06/07/2013","83.88","82.55","84.00","82.55","1.42M","1.98%"
"06/06/2013","82.25","81.48","82.41","80.92","1.80M","0.98%"
"06/05/2013","81.45","82.13","83.06","81.36","1.20M","-1.18%"
"06/04/2013","82.42","82.86","83.27","82.15","1.30M","-0.75%"
"06/03/2013","83.04","82.48","83.12","81.79","1.47M","0.79%"
"05/31/2013","82.39","83.18","84.06","82.39","1.78M","-1.32%"
"05/30/2013","83.49","82.69","83.99","82.69","1.78M","1.98%"
"05/29/2013","81.87","81.54","82.38","81.03","1.47M","-0.28%"
"05/28/2013","82.10","81.65","82.49","81.65","1.25M","1.03%"
"05/24/2013","81.26","80.30","81.53","80.12","1.09M","0.77%"
"05/23/2013","80.64","79.78","81.00","79.59","1.27M","-0.27%"
"05/22/2013","80.86","81.50","81.78","80.77","3.38M","-0.74%"
"05/21/2013","81.46","81.58","82.45","81.17","3.74M","-0.18%"
"05/20/2013","81.61","82.22","82.61","81.49","3.58M","-0.71%"
"05/17/2013","82.19","80.24","83.28","80.24","5.86M","4.01%"
"05/16/2013","79.02","79.40","79.60","78.81","1.39M","-0.52%"
"05/15/2013","79.43","78.53","79.48","78.07","977.71K","0.60%"
"05/14/2013","78.96","77.78","79.02","77.73","945.21K","1.81%"
"05/13/2013","77.56","77.72","78.10","77.35","818.26K","-0.47%"
"05/10/2013","77.93","77.69","78.07","77.27","852.87K","0.35%"
"05/09/2013","77.66","77.75","78.16","77.50","1.24M","-0.18%"
"05/08/2013","77.80","77.25","77.83","77.08","1.03M","0.76%"
"05/07/2013","77.21","77.03","77.31","76.91","1.66M","0.19%"
"05/06/2013","77.06","77.02","77.79","76.93","1.67M","0.29%"
"05/03/2013","76.84","76.69","77.00","76.37","1.43M","0.69%"
"05/02/2013","76.31","75.65","76.55","75.46","1.55M","0.87%"
"05/01/2013","75.65","75.45","76.48","75.32","1.85M","-0.12%"
"04/30/2013","75.74","74.85","75.78","74.84","1.76M","1.04%"
"04/29/2013","74.96","74.48","74.98","74.04","1.18M","0.97%"
"04/26/2013","74.24","74.56","74.78","74.19","1.28M","-0.34%"
"04/25/2013","74.49","73.82","74.97","72.86","2.15M","0.98%"
"04/24/2013","73.77","71.83","73.86","71.08","2.78M","3.19%"
"04/23/2013","71.49","71.17","71.80","70.66","1.09M","1.00%"
"04/22/2013","70.78","70.98","71.13","70.30","1.03M","-0.28%"
"04/19/2013","70.98","69.94","71.04","69.92","2.18M","1.59%"
"04/18/2013","69.87","70.12","70.20","69.23","1.56M","-0.36%"
"04/17/2013","70.12","70.93","71.12","69.54","2.43M","-1.64%"
"04/16/2013","71.29","71.32","71.61","70.74","1.22M","0.65%"
"04/15/2013","70.83","71.85","71.86","70.53","1.66M","-1.78%"
"04/12/2013","72.11","72.03","72.18","71.49","1.04M","-0.47%"
"04/11/2013","72.45","72.04","72.67","71.90","1.64M","0.95%"
"04/10/2013","71.77","71.75","72.27","71.65","2.02M","0.29%"
"04/09/2013","71.56","71.86","71.89","71.27","1.40M","-0.22%"
"04/08/2013","71.72","71.75","71.88","71.18","1.58M","0.22%"
"04/05/2013","71.56","70.43","71.77","70.33","3.38M","0.69%"
"04/04/2013","71.07","70.29","71.17","70.13","2.53M","1.27%"
"04/03/2013","70.18","69.51","70.54","69.41","2.39M","1.12%"
"04/02/2013","69.40","70.19","70.21","69.13","1.29M","-0.72%"
"04/01/2013","69.90","70.10","70.53","69.59","2.07M","-0.36%"
"03/28/2013","70.15","69.87","70.21","69.46","1.70M","0.36%"
"03/27/2013","69.90","68.94","70.00","68.54","2.04M","0.88%"
"03/26/2013","69.29","68.28","69.36","68.28","1.84M","2.03%"
"03/25/2013","67.91","68.28","68.53","67.77","1.32M","-0.21%"
"03/22/2013","68.05","68.14","68.44","67.85","825.65K","0.07%"
"03/21/2013","68.00","68.27","68.75","67.73","995.70K","-0.93%"
"03/20/2013","68.64","68.75","68.99","68.51","1.18M","0.29%"
"03/19/2013","68.44","68.65","68.72","67.95","1.25M","0.01%"
"03/18/2013","68.43","68.22","68.97","68.15","1.71M","-0.54%"
"03/15/2013","68.80","67.32","68.83","67.23","4.39M","1.87%"
"03/14/2013","67.54","67.35","67.74","67.09","1.56M","0.54%"
"03/13/2013","67.18","66.29","67.42","66.18","1.94M","1.43%"
"03/12/2013","66.23","66.16","66.41","65.95","1.07M","0.17%"
"03/11/2013","66.12","65.95","66.26","65.90","2.00M","0.24%"
"03/08/2013","65.96","65.50","66.02","65.50","1.76M","1.06%"
"03/07/2013","65.27","65.13","65.70","65.02","1.82M","0.48%"
"03/06/2013","64.96","64.96","65.32","64.64","2.13M","0.08%"
"03/05/2013","64.91","64.71","65.23","64.50","1.97M","0.82%"
"03/04/2013","64.38","65.29","65.41","64.20","2.00M","-1.74%"
"03/01/2013","65.52","65.39","65.88","64.67","2.17M","-0.24%"
"02/28/2013","65.68","65.76","66.17","65.44","2.08M","-0.44%"
"02/27/2013","65.97","64.93","66.31","64.82","1.71M","1.40%"
"02/26/2013","65.06","65.06","65.20","64.45","1.33M","0.48%"
"02/25/2013","64.75","66.21","66.67","64.75","1.54M","-1.85%"
"02/22/2013","65.97","65.46","66.33","65.44","1.50M","0.92%"
"02/21/2013","65.37","65.96","65.96","65.13","1.44M","-1.01%"
"02/20/2013","66.04","66.14","66.95","66.01","1.71M","-0.24%"
"02/19/2013","66.20","65.75","66.29","65.65","1.95M","0.87%"
"02/15/2013","65.63","65.50","65.74","65.40","1.64M","-0.26%"
"02/14/2013","65.80","65.42","66.24","65.27","1.84M","0.06%"
"02/13/2013","65.76","66.46","66.75","65.54","1.46M","-0.87%"
"02/12/2013","66.34","66.34","66.56","65.91","993.57K","0.33%"
"02/11/2013","66.12","65.96","66.25","65.78","1.45M","0.05%"
"02/08/2013","66.09","65.62","66.14","65.62","1.58M","0.61%"
"02/07/2013","65.69","65.27","65.86","65.13","2.63M","0.75%"
"02/06/2013","65.20","64.77","65.31","64.66","2.69M","0.49%"
"02/05/2013","64.88","64.88","65.49","64.50","2.44M","0.78%"
"02/04/2013","64.38","64.68","65.21","64.35","1.82M","-1.15%"
"02/01/2013","65.13","65.28","65.53","64.80","2.73M","0.14%"
"01/31/2013","65.04","66.00","66.14","64.95","3.07M","-1.96%"
"01/30/2013","66.34","66.53","67.25","66.12","2.92M","-0.64%"
"01/29/2013","66.77","66.68","67.28","66.29","2.86M","0.30%"
"01/28/2013","66.57","67.89","67.89","66.26","2.47M","-1.73%"
"01/25/2013","67.74","68.35","68.35","67.60","1.74M","-0.72%"
"01/24/2013","68.23","68.79","68.90","68.09","1.86M","-0.70%"
"01/23/2013","68.71","67.43","68.87","67.00","2.22M","0.53%"
"01/22/2013","68.35","67.46","68.59","67.35","2.04M","1.27%"
"01/18/2013","67.49","67.39","67.61","66.77","1.87M","0.52%"
"01/17/2013","67.14","66.95","67.52","66.76","2.15M","0.43%"
"01/16/2013","66.85","67.07","67.15","66.60","1.75M","-0.93%"
"01/15/2013","67.48","66.83","67.65","66.76","1.76M","0.39%"
"01/14/2013","67.22","67.10","67.62","66.80","1.25M","0.22%"
"01/11/2013","67.07","67.43","67.60","66.85","2.11M","-0.49%"
"01/10/2013","67.40","67.39","67.64","67.14","1.84M","0.54%"
"01/09/2013","67.04","67.41","67.80","67.01","1.90M","-0.45%"
"01/08/2013","67.34","68.02","68.64","66.99","1.74M","-1.94%"
"01/07/2013","68.67","69.09","69.61","68.04","1.55M","-0.13%"
"01/04/2013","68.76","68.23","68.79","67.78","1.29M","1.21%"
"01/03/2013","67.94","68.33","68.71","67.84","1.86M","-0.34%"
"01/02/2013","68.17","68.79","68.98","67.54","2.15M","0.87%"
"12/31/2012","67.58","66.51","67.71","65.87","1.68M","1.23%"
"12/28/2012","66.76","67.19","67.70","66.69","1.32M","-1.45%"
"12/27/2012","67.74","68.09","68.31","67.04","1.29M","-0.41%"
"12/26/2012","68.02","68.70","68.98","67.93","1.16M","-0.98%"
"12/24/2012","68.69","68.39","68.93","68.15","988.35K","0.09%"
"12/21/2012","68.63","68.08","68.91","68.08","2.58M","-0.54%"
"12/20/2012","69.00","68.50","69.11","68.44","1.36M","0.44%"
"12/19/2012","68.70","68.43","69.17","68.04","1.16M","0.28%"
"12/18/2012","68.51","67.13","68.54","67.13","1.60M","2.06%"
"12/17/2012","67.13","67.04","67.61","66.74","1.87M","0.49%"
"12/14/2012","66.80","67.18","67.36","66.39","1.55M","-0.85%"
"12/13/2012","67.37","68.21","68.36","67.31","1.46M","-1.14%"
"12/12/2012","68.15","68.19","68.96","67.98","1.22M","0.29%"
"12/11/2012","67.95","68.31","68.91","67.89","1.59M","-0.13%"
"12/10/2012","68.04","67.30","68.24","67.04","1.19M","0.76%"
"12/07/2012","67.53","67.36","67.70","66.87","1.06M","0.39%"
"12/06/2012","67.27","66.69","67.27","66.28","1.98M","0.76%"
"12/05/2012","66.76","66.58","67.15","65.83","1.78M","0.17%"
"12/04/2012","66.65","65.78","66.78","65.50","1.89M","1.31%"
"12/03/2012","65.79","66.92","67.03","65.77","1.38M","-1.36%"
"11/30/2012","66.70","67.29","67.29","66.44","1.88M","0.08%"
"11/29/2012","66.65","66.24","66.81","66.01","1.33M","0.89%"
"11/28/2012","66.06","65.17","66.13","64.82","1.32M","1.12%"
"11/27/2012","65.33","65.03","65.93","64.85","1.57M","0.52%"
"11/26/2012","64.99","65.04","65.35","64.71","1.76M","-0.57%"
"11/23/2012","65.36","65.11","65.41","64.91","766.38K","0.66%"
"11/21/2012","64.93","64.98","65.02","64.48","1.51M","-0.23%"
"11/20/2012","65.08","64.64","65.16","64.31","1.51M","0.56%"
"11/19/2012","64.72","64.22","64.73","64.02","1.45M","1.81%"
"11/16/2012","63.57","63.52","63.88","62.80","2.59M","0.54%"
"11/15/2012","63.23","63.47","63.71","63.08","2.14M","-0.57%"
"11/14/2012","63.59","65.29","65.69","63.41","1.64M","-2.72%"
"11/13/2012","65.37","65.14","65.93","64.98","1.67M","-0.05%"
"11/12/2012","65.40","65.60","65.97","64.64","1.69M","-0.30%"
"11/09/2012","65.60","65.29","66.18","64.65","2.04M","0.28%"
"11/08/2012","65.42","66.49","66.83","65.41","2.51M","-1.92%"
"11/07/2012","66.70","68.96","68.96","65.55","3.62M","-4.55%"
"11/06/2012","69.88","69.02","70.84","68.93","2.65M","1.33%"
"11/05/2012","68.96","68.58","69.14","68.10","1.24M","-0.03%"
"11/02/2012","68.98","69.32","69.71","68.91","1.46M","0.09%"
"11/01/2012","68.92","68.83","69.65","68.35","1.71M","0.33%"
"10/31/2012","68.69","68.32","69.82","67.88","1.96M","0.99%"
"10/26/2012","68.02","69.05","69.69","67.93","2.45M","-1.48%"
"10/25/2012","69.04","70.00","70.26","68.42","1.45M","-0.42%"
"10/24/2012","69.33","70.26","70.99","68.88","1.81M","-0.47%"
"10/23/2012","69.66","69.71","69.99","68.94","1.19M","-0.77%"
"10/22/2012","70.20","70.26","70.43","69.61","966.12K","-0.10%"
"10/19/2012","70.27","70.65","70.73","69.91","1.29M","-1.21%"
"10/18/2012","71.13","70.49","71.25","70.32","822.79K","0.75%"
"10/17/2012","70.60","70.49","70.79","70.10","1.03M","0.34%"
"10/16/2012","70.36","69.63","70.58","69.61","1.10M","1.30%"
"10/15/2012","69.46","68.81","69.54","68.81","883.87K","0.93%"
"10/12/2012","68.82","68.72","69.39","68.49","924.79K","0.26%"
"10/11/2012","68.64","68.68","69.23","68.57","770.70K","0.63%"
"10/10/2012","68.21","69.01","69.01","68.06","1.38M","-1.14%"
"10/09/2012","69.00","69.11","69.56","68.69","1.27M","-0.13%"
"10/08/2012","69.09","69.24","69.56","68.96","1.35M","-0.46%"
"10/05/2012","69.41","69.23","69.80","68.99","1.62M","0.90%"
"10/04/2012","68.79","68.30","68.93","68.19","2.45M","1.04%"
"10/03/2012","68.08","67.95","68.25","67.62","1.59M","0.32%"
"10/02/2012","67.86","67.80","67.91","67.06","1.52M","0.41%"
"10/01/2012","67.58","66.60","67.96","66.40","1.99M","1.73%"
"09/28/2012","66.43","66.20","66.65","65.58","1.11M","-0.06%"
"09/27/2012","66.47","66.56","66.70","65.97","942.81K","0.42%"
"09/26/2012","66.19","65.84","66.49","65.82","1.44M","0.61%"
"09/25/2012","65.79","66.74","66.79","65.66","1.54M","-1.16%"
"09/24/2012","66.56","66.50","66.81","65.75","1.38M","-0.49%"
"09/21/2012","66.89","66.90","67.26","66.80","2.17M","-0.07%"
"09/20/2012","66.94","66.67","67.00","66.27","1.46M","0.06%"
"09/19/2012","66.90","66.89","67.06","66.14","1.93M","0.01%"
"09/18/2012","66.89","66.39","66.89","66.06","1.61M","0.62%"
"09/17/2012","66.48","66.15","66.70","66.01","1.86M","0.23%"
"09/14/2012","66.33","66.91","67.23","65.90","2.38M","-1.01%"
"09/13/2012","67.01","66.77","67.29","65.45","3.06M","-1.35%"
"09/12/2012","67.93","67.77","68.27","67.57","1.32M","0.76%"
"09/11/2012","67.42","67.16","67.53","66.94","1.10M","0.55%"
"09/10/2012","67.05","67.40","67.41","66.87","1.55M","-0.47%"
"09/07/2012","67.37","67.70","67.77","67.13","1.30M","-0.47%"
"09/06/2012","67.69","67.07","68.12","66.98","1.60M","1.76%"
"09/05/2012","66.52","66.71","67.04","66.18","1.65M","-0.34%"
"09/04/2012","66.75","66.89","67.07","66.03","1.16M","-0.21%"
"08/31/2012","66.89","66.95","67.46","66.53","1.06M","0.50%"
"08/30/2012","66.56","66.95","67.16","66.53","1.24M","-1.03%"
"08/29/2012","67.25","67.17","67.49","67.00","1.42M","0.51%"
"08/28/2012","66.91","66.94","67.04","66.21","2.14M","-0.30%"
"08/27/2012","67.11","67.54","67.77","67.07","1.32M","-0.43%"
"08/24/2012","67.40","66.82","67.50","66.63","1.76M","0.72%"
"08/23/2012","66.92","67.42","67.65","66.66","2.28M","-2.08%"
"08/22/2012","68.34","69.31","69.49","68.17","2.17M","-1.70%"
"08/21/2012","69.52","69.86","70.20","69.38","1.94M","-0.33%"
"08/20/2012","69.75","69.38","69.88","69.28","1.46M","0.62%"
"08/17/2012","69.32","68.92","69.37","68.71","1.23M","0.77%"
"08/16/2012","68.79","68.28","68.89","68.24","1.03M","0.75%"
"08/15/2012","68.28","68.05","68.45","67.85","887.83K","-0.12%"
"08/14/2012","68.36","69.01","69.02","68.23","849.28K","-0.45%"
"08/13/2012","68.67","68.33","68.76","67.73","1.41M","0.25%"
"08/10/2012","68.50","68.18","68.54","67.95","973.11K","0.15%"
"08/09/2012","68.40","67.60","68.55","67.51","1.74M","0.81%"
"08/08/2012","67.85","66.99","68.02","66.75","1.80M","0.97%"
"08/07/2012","67.20","66.67","67.33","66.46","1.36M","1.34%"
"08/06/2012","66.31","66.69","66.72","66.10","1.26M","-0.09%"
"08/03/2012","66.37","66.76","66.84","66.30","1.48M","1.16%"
"08/02/2012","65.61","65.63","65.95","64.73","1.51M","-0.35%"
"08/01/2012","65.84","66.39","66.69","65.79","1.63M","-0.54%"
"07/31/2012","66.20","66.49","66.68","66.10","2.09M","-0.84%"
"07/30/2012","66.76","65.65","66.80","65.11","2.53M","1.46%"
"07/27/2012","65.80","65.09","66.04","64.68","2.37M","1.54%"
"07/26/2012","64.80","65.16","65.47","64.19","2.89M","1.39%"
"07/25/2012","63.91","64.30","64.38","63.23","2.34M","-0.42%"
"07/24/2012","64.18","63.48","64.32","62.93","2.37M","0.66%"
"07/23/2012","63.76","64.04","64.27","63.67","1.86M","-1.54%"
"07/20/2012","64.76","64.46","65.34","64.42","957.90K","-0.55%"
"07/19/2012","65.12","64.88","65.35","64.50","1.14M","0.00%"
"07/18/2012","65.12","63.90","65.19","63.90","1.03M","1.54%"
"07/17/2012","64.13","63.57","64.30","62.97","989.43K","1.01%"
"07/16/2012","63.49","63.53","63.76","63.05","885.57K","-0.47%"
"07/13/2012","63.79","62.52","63.79","62.37","1.14M","2.62%"
"07/12/2012","62.16","62.49","62.72","61.86","1.03M","-1.05%"
"07/11/2012","62.82","63.21","63.23","62.61","1.22M","-0.41%"
"07/10/2012","63.08","63.82","64.29","62.80","1.02M","-0.83%"
"07/09/2012","63.61","63.48","63.71","63.13","840.37K","0.22%"
"07/06/2012","63.47","63.44","63.56","63.00","902.25K","-0.72%"
"07/05/2012","63.93","63.78","64.13","63.65","923.77K","-0.02%"
"07/03/2012","63.94","63.60","64.18","63.47","663.37K","0.63%"
"07/02/2012","63.54","63.85","64.05","63.15","1.30M","-0.39%"
"06/29/2012","63.79","62.36","63.80","62.36","1.71M","3.34%"
"06/28/2012","61.73","61.67","61.81","61.19","1.35M","-0.64%"
"06/27/2012","62.13","60.74","62.43","60.74","1.28M","1.72%"
"06/26/2012","61.08","61.69","61.71","60.79","1.55M","-0.65%"
"06/25/2012","61.48","62.07","62.07","61.27","1.57M","-1.01%"
"06/22/2012","62.11","62.18","62.33","61.67","1.54M","0.44%"
"06/21/2012","61.84","62.28","62.53","61.78","1.67M","-0.72%"
"06/20/2012","62.29","62.25","62.55","61.83","1.93M","0.08%"
"06/19/2012","62.24","61.85","62.57","61.65","1.39M","1.17%"
"06/18/2012","61.52","60.90","61.74","60.82","974.95K","0.56%"
"06/15/2012","61.18","60.93","61.20","60.65","1.74M","1.07%"
"06/14/2012","60.53","59.89","61.07","59.59","2.20M","1.31%"
"06/13/2012","59.75","59.75","60.26","59.48","1.92M","-0.30%"
"06/12/2012","59.93","59.58","60.00","59.32","1.69M","1.10%"
"06/11/2012","59.28","60.12","60.33","59.22","1.15M","-0.82%"
"06/08/2012","59.77","59.13","59.77","59.01","1.30M","0.71%"
"06/07/2012","59.35","59.20","59.92","59.17","1.49M","1.30%"
"06/06/2012","58.59","57.60","58.62","57.32","4.12M","2.27%"
"06/05/2012","57.29","56.94","57.41","56.59","1.28M","0.32%"
"06/04/2012","57.11","57.50","57.79","56.90","1.71M","-0.54%"
"06/01/2012","57.42","58.15","58.20","57.42","1.50M","-2.26%"
"05/31/2012","58.75","58.89","59.25","58.64","2.08M","-0.17%"
"05/30/2012","58.85","58.54","59.30","58.53","1.37M","-0.22%"
"05/29/2012","58.98","58.69","59.22","58.69","1.17M","0.82%"
"05/25/2012","58.50","58.19","59.21","58.19","1.06M","-0.53%"
"05/24/2012","58.81","59.02","59.07","58.09","1.51M","0.29%"
"05/23/2012","58.64","58.46","58.72","57.61","1.26M","-0.78%"
"05/22/2012","59.10","59.07","59.57","58.83","1.58M","0.19%"
"05/21/2012","58.99","58.28","59.01","58.14","1.33M","1.57%"
"05/18/2012","58.08","58.75","58.93","57.98","1.44M","-0.72%"
"05/17/2012","58.50","59.55","59.83","58.49","1.72M","-1.80%"
"05/16/2012","59.57","60.17","60.32","59.57","1.52M","-0.38%"
"05/15/2012","59.80","59.98","60.14","59.72","2.04M","-0.52%"
"05/14/2012","60.11","59.54","60.41","59.25","1.85M","0.33%"
"05/11/2012","59.91","60.40","60.59","59.72","2.39M","-1.30%"
"05/10/2012","60.70","61.02","61.24","60.58","909.64K","0.03%"
"05/09/2012","60.68","60.90","61.30","60.47","1.76M","-1.12%"
"05/08/2012","61.37","61.39","61.46","60.91","1.85M","-0.66%"
"05/07/2012","61.78","61.70","61.93","61.48","1.51M","-0.19%"
"05/04/2012","61.90","62.61","62.94","61.90","1.25M","-1.50%"
"05/03/2012","62.84","63.26","63.31","62.71","1.36M","-0.81%"
"05/02/2012","63.35","62.97","63.39","62.90","1.69M","-0.17%"
"05/01/2012","63.46","63.37","63.80","62.95","1.89M","0.28%"
"04/30/2012","63.28","63.43","63.63","63.04","1.32M","-0.74%"
"04/27/2012","63.75","63.76","64.28","63.54","2.09M","0.49%"
"04/26/2012","63.44","63.06","63.90","62.87","2.42M","0.68%"
"04/25/2012","63.01","63.54","65.78","62.43","2.63M","0.45%"
"04/24/2012","62.73","61.57","62.80","61.57","2.25M","1.87%"
"04/23/2012","61.58","61.40","61.80","60.96","1.55M","-0.37%"
"04/20/2012","61.81","61.14","61.91","61.14","1.47M","1.29%"
"04/19/2012","61.02","61.74","61.85","60.88","1.18M","-1.45%"
"04/18/2012","61.92","61.90","62.29","61.61","1.25M","0.24%"
"04/17/2012","61.77","61.30","62.00","61.01","1.08M","1.20%"
"04/16/2012","61.04","61.08","61.40","60.83","2.86M","0.38%"
"04/13/2012","60.81","61.21","61.50","60.81","1.23M","-0.78%"
"04/12/2012","61.29","60.10","61.39","60.10","1.30M","1.83%"
"04/11/2012","60.19","60.19","60.46","60.02","1.15M","0.77%"
"04/10/2012","59.73","59.95","59.95","59.51","2.41M","-0.50%"
"04/09/2012","60.03","60.30","60.30","59.90","1.34M","-1.35%"
"04/05/2012","60.85","61.15","61.21","60.77","1.55M","-0.98%"
"04/04/2012","61.45","61.23","61.64","61.04","1.46M","-0.10%"
"04/03/2012","61.51","62.24","62.33","61.04","1.59M","-0.50%"
"04/02/2012","61.82","61.19","62.18","60.96","1.68M","1.21%"
"03/30/2012","61.08","61.25","61.52","60.79","1.49M","0.31%"
"03/29/2012","60.89","60.49","60.98","60.04","1.35M","0.07%"
"03/28/2012","60.85","61.05","61.28","60.52","1.59M","-0.46%"
"03/27/2012","61.13","61.70","61.75","61.08","1.25M","-0.65%"
"03/26/2012","61.53","60.86","61.62","60.86","1.31M","1.58%"
"03/23/2012","60.57","61.08","61.22","60.40","1.38M","-0.66%"
"03/22/2012","60.97","60.51","61.12","60.19","1.63M","0.23%"
"03/21/2012","60.83","61.10","61.31","60.71","1.13M","-0.39%"
"03/20/2012","61.07","61.45","61.60","60.99","1.45M","-1.29%"
"03/19/2012","61.87","62.10","62.31","61.72","1.19M","-0.19%"
"03/16/2012","61.99","62.05","62.23","61.74","2.97M","0.03%"
"03/15/2012","61.97","62.00","62.01","61.40","1.79M","-0.15%"
"03/14/2012","62.06","61.43","62.11","61.28","2.03M","0.84%"
"03/13/2012","61.54","60.90","61.66","60.60","1.65M","1.47%"
"03/12/2012","60.65","60.47","60.77","60.10","1.14M","0.78%"
"03/09/2012","60.18","60.46","60.58","59.97","1.69M","-0.31%"
"03/08/2012","60.37","60.07","60.85","60.07","1.56M","0.68%"
"03/07/2012","59.96","59.83","60.08","59.55","2.15M","0.49%"
"03/06/2012","59.67","59.50","59.96","59.44","2.67M","-0.43%"
"03/05/2012","59.93","59.72","60.04","59.61","1.43M","0.28%"
"03/02/2012","59.76","60.07","60.24","59.59","1.32M","-0.75%"
"03/01/2012","60.21","60.42","60.42","59.67","1.38M","0.67%"
"02/29/2012","59.81","60.00","60.28","59.64","2.06M","-0.13%"
"02/28/2012","59.89","60.04","60.05","59.56","1.17M","-0.27%"
"02/27/2012","60.05","59.50","60.57","59.50","1.40M","0.22%"
"02/24/2012","59.92","59.67","60.78","59.56","1.46M","0.50%"
"02/23/2012","59.62","59.35","59.80","59.28","1.32M","-0.72%"
"02/22/2012","60.05","59.72","60.34","59.57","1.62M","0.32%"
"02/21/2012","59.86","60.11","60.38","59.64","1.45M","-0.37%"
"02/17/2012","60.08","60.05","60.20","59.48","1.13M","0.67%"
"02/16/2012","59.68","59.83","59.85","59.03","1.77M","0.05%"
"02/15/2012","59.65","60.29","60.29","59.55","1.41M","-0.93%"
"02/14/2012","60.21","60.09","60.21","59.68","888.99K","-0.15%"
"02/13/2012","60.30","59.97","60.39","59.77","1.33M","0.82%"
"02/10/2012","59.81","59.85","59.90","59.51","759.70K","-0.66%"
"02/09/2012","60.21","60.57","60.65","60.03","1.33M","-0.48%"
"02/08/2012","60.50","59.88","60.68","59.88","2.05M","1.10%"
"02/07/2012","59.84","58.82","59.91","58.76","1.70M","1.77%"
"02/06/2012","58.80","58.03","58.82","58.01","1.72M","0.84%"
"02/03/2012","58.31","58.88","58.99","58.19","3.04M","0.02%"
"02/02/2012","58.30","58.24","58.94","57.88","3.03M","-1.60%"
"02/01/2012","59.25","58.33","60.19","58.33","3.88M","2.07%"
"01/31/2012","58.05","58.09","58.64","57.93","2.50M","-0.26%"
"01/30/2012","58.20","57.99","58.48","57.92","2.32M","-0.87%"
"01/27/2012","58.71","59.05","59.15","58.52","1.43M","-1.03%"
"01/26/2012","59.32","59.63","59.66","58.96","2.73M","-0.45%"
"01/25/2012","59.59","59.44","59.81","58.86","2.74M","-0.68%"
"01/24/2012","60.00","60.16","60.16","59.71","1.44M","-0.81%"
"01/23/2012","60.49","61.56","61.86","60.32","1.76M","-1.47%"
"01/20/2012","61.39","61.31","61.52","61.07","2.30M","0.13%"
"01/19/2012","61.31","60.34","61.57","60.17","1.95M","1.89%"
"01/18/2012","60.17","59.55","60.30","59.19","1.29M","0.91%"
"01/17/2012","59.63","59.33","60.05","59.20","1.72M","1.34%"
"01/13/2012","58.84","59.40","59.44","58.72","1.21M","-1.52%"
"01/12/2012","59.75","58.56","59.88","58.56","1.47M","2.12%"
"01/11/2012","58.51","58.33","58.73","58.28","1.49M","-0.19%"
"01/10/2012","58.62","58.41","58.90","58.17","1.79M","1.23%"
"01/09/2012","57.91","58.04","58.19","57.59","1.39M","0.02%"
"01/06/2012","57.90","58.09","58.22","57.72","2.41M","-0.43%"
"01/05/2012","58.15","58.15","58.26","57.31","1.79M","-0.82%"
"01/04/2012","58.63","58.39","58.81","57.95","1.39M","-0.05%"
"01/03/2012","58.66","59.42","59.56","58.66","1.80M","0.31%"
"12/30/2011","58.48","58.77","59.15","58.46","1.05M","-0.70%"
"12/29/2011","58.89","58.31","58.96","58.29","887.16K","1.31%"
"12/28/2011","58.13","58.75","58.87","58.09","1.29M","-1.24%"
"12/27/2011","58.86","58.26","58.97","58.15","1.12M","0.63%"
"12/23/2011","58.49","58.08","58.50","57.65","1.38M","1.19%"
"12/22/2011","57.80","57.09","58.00","57.01","1.45M","1.23%"
"12/21/2011","57.10","56.91","57.36","56.55","1.90M","0.62%"
"12/20/2011","56.75","55.91","56.95","55.91","1.54M","2.88%"
"12/19/2011","55.16","56.02","56.36","55.04","1.29M","-0.90%"
"12/16/2011","55.66","55.78","56.23","55.01","3.23M","0.58%"
"12/15/2011","55.34","55.54","55.83","55.26","1.82M","0.34%"
"12/14/2011","55.15","55.08","55.59","55.00","2.29M","-0.27%"
"12/13/2011","55.30","56.09","56.68","55.09","1.72M","-1.21%"
"12/12/2011","55.98","56.05","56.44","55.68","1.37M","-0.74%"
"12/09/2011","56.40","55.85","56.69","55.73","1.83M","1.26%"
"12/08/2011","55.70","56.33","56.81","55.59","2.08M","-1.49%"
"12/07/2011","56.54","56.91","57.08","56.47","2.69M","-1.34%"
"12/06/2011","57.31","57.51","57.90","57.22","2.28M","-0.19%"
"12/05/2011","57.42","57.73","58.18","57.00","2.01M","0.75%"
"12/02/2011","56.99","57.76","57.84","56.97","1.77M","-0.59%"
"12/01/2011","57.33","56.86","58.00","56.69","1.93M","0.46%"
"11/30/2011","57.07","56.25","57.35","56.13","2.96M","3.52%"
"11/29/2011","55.13","54.96","55.52","54.82","2.14M","0.57%"
"11/28/2011","54.82","54.64","55.43","54.49","2.19M","2.62%"
"11/25/2011","53.42","52.78","54.22","52.69","1.01M","0.85%"
"11/23/2011","52.97","53.41","53.80","52.96","2.44M","-2.63%"
"11/22/2011","54.40","54.75","54.86","53.90","2.90M","-1.32%"
"11/21/2011","55.13","55.71","55.92","54.00","3.19M","-2.85%"
"11/18/2011","56.75","57.08","57.33","56.36","2.87M","-0.21%"
"11/17/2011","56.87","58.23","58.24","56.32","2.48M","-2.74%"
"11/16/2011","58.47","58.84","59.56","58.34","2.16M","-1.65%"
"11/15/2011","59.45","58.48","59.83","58.47","1.44M","1.02%"
"11/14/2011","58.85","59.16","59.46","58.79","1.82M","-0.76%"
"11/11/2011","59.30","58.72","59.67","58.68","1.55M","2.14%"
"11/10/2011","58.06","58.23","58.57","57.81","2.12M","1.34%"
"11/09/2011","57.29","57.61","57.96","56.92","4.29M","-2.12%"
"11/08/2011","58.53","58.48","58.64","57.53","1.65M","0.50%"
"11/07/2011","58.24","57.09","58.30","56.87","1.62M","1.85%"
"11/04/2011","57.18","57.17","57.35","56.42","1.31M","-0.35%"
"11/03/2011","57.38","56.28","57.53","56.15","2.08M","2.79%"
"11/02/2011","55.82","55.89","56.23","55.46","1.81M","1.53%"
"11/01/2011","54.98","56.26","56.44","54.58","3.09M","-4.80%"
"10/31/2011","57.75","57.10","58.71","57.04","2.68M","-0.29%"
"10/28/2011","57.92","57.73","58.04","57.28","2.39M","0.49%"
"10/27/2011","57.64","57.38","57.97","56.20","2.40M","3.67%"
"10/26/2011","55.60","56.29","56.85","53.88","2.99M","-1.71%"
"10/25/2011","56.57","56.17","57.20","55.88","3.39M","0.43%"
"10/24/2011","56.33","56.00","56.78","55.65","2.10M","0.93%"
"10/21/2011","55.81","54.66","55.82","54.63","1.92M","3.14%"
"10/20/2011","54.11","54.34","54.47","53.53","1.91M","0.06%"
"10/19/2011","54.08","54.31","54.73","54.00","2.48M","-0.59%"
"10/18/2011","54.40","53.69","54.71","53.49","3.20M","1.04%"
"10/17/2011","53.84","54.02","54.47","53.72","2.31M","-1.32%"
"10/14/2011","54.56","55.29","55.42","54.11","2.22M","0.42%"
"10/13/2011","54.33","54.89","54.98","53.66","2.41M","-1.79%"
"10/12/2011","55.32","55.16","55.83","55.06","1.90M","0.86%"
"10/11/2011","54.85","54.13","55.12","54.13","2.03M","0.26%"
"10/10/2011","54.71","53.89","54.72","53.78","1.49M","3.60%"
"10/07/2011","52.81","52.78","53.45","52.15","2.89M","0.99%"
"10/06/2011","52.29","51.75","52.32","51.14","2.55M","1.02%"
"10/05/2011","51.76","51.72","52.12","51.34","4.10M","0.14%"
"10/04/2011","51.69","50.25","51.76","50.13","2.85M","1.61%"
"10/03/2011","50.87","51.74","52.63","50.86","2.64M","-2.49%"
"09/30/2011","52.17","52.66","53.35","52.16","2.68M","-2.06%"
"09/29/2011","53.27","52.97","53.94","52.29","2.41M","2.25%"
"09/28/2011","52.10","53.55","54.17","52.06","2.83M","-2.60%"
"09/27/2011","53.49","53.53","54.44","53.10","2.29M","2.06%"
"09/26/2011","52.41","51.62","52.48","51.33","3.23M","2.66%"
"09/23/2011","51.05","50.78","52.10","50.64","2.87M","-0.16%"
"09/22/2011","51.13","50.47","51.69","50.32","3.54M","-1.46%"
"09/21/2011","51.89","53.55","53.95","51.88","2.38M","-3.64%"
"09/20/2011","53.85","54.22","54.52","53.71","2.59M","-0.06%"
"09/19/2011","53.88","53.71","54.20","53.37","2.94M","-1.71%"
"09/16/2011","54.82","54.32","55.34","54.27","2.52M","1.20%"
"09/15/2011","54.17","53.48","54.28","53.31","1.62M","2.38%"
"09/14/2011","52.91","52.75","53.66","51.60","2.46M","0.99%"
"09/13/2011","52.39","52.23","52.94","51.69","2.32M","-0.06%"
"09/12/2011","52.42","51.36","52.42","51.30","2.84M","1.18%"
"09/09/2011","51.81","51.98","52.40","51.41","3.13M","-1.84%"
"09/08/2011","52.78","52.88","53.45","52.57","2.64M","-0.62%"
"09/07/2011","53.11","52.48","53.25","52.08","2.37M","2.81%"
"09/06/2011","51.66","50.35","51.77","49.97","3.03M","-0.27%"
"09/02/2011","51.80","52.43","52.71","51.72","1.83M","-3.11%"
"09/01/2011","53.46","54.65","55.20","53.39","2.19M","-2.12%"
"08/31/2011","54.62","54.76","55.39","54.29","1.79M","0.39%"
"08/30/2011","54.41","53.72","54.76","53.14","1.94M","0.89%"
"08/29/2011","53.93","52.82","53.97","52.68","1.35M","3.39%"
"08/26/2011","52.16","50.93","52.46","50.10","2.05M","1.80%"
"08/25/2011","51.24","52.46","52.75","50.95","2.82M","-2.81%"
"08/24/2011","52.72","51.29","52.83","51.04","2.39M","2.41%"
"08/23/2011","51.48","50.23","51.48","50.00","3.59M","2.90%"
"08/22/2011","50.03","50.41","50.63","49.85","3.89M","1.56%"
"08/19/2011","49.26","49.36","50.23","49.20","3.74M","-1.56%"
"08/18/2011","50.04","51.58","51.58","49.71","4.23M","-5.16%"
"08/17/2011","52.76","53.53","53.86","52.44","3.16M","-0.90%"
"08/16/2011","53.24","52.59","54.12","52.35","3.87M","0.36%"
"08/15/2011","53.05","52.19","53.37","51.57","5.31M","2.24%"
"08/12/2011","51.89","51.80","52.20","50.78","5.97M","0.21%"
"08/11/2011","51.78","50.09","52.45","49.90","9.15M","3.37%"
"08/10/2011","50.09","52.29","52.60","50.00","7.62M","-5.92%"
"08/09/2011","53.24","52.23","53.36","50.36","6.15M","2.88%"
"08/08/2011","51.75","54.48","55.12","51.75","5.81M","-6.74%"
"08/05/2011","55.49","55.73","56.51","54.95","6.41M","0.33%"
"08/04/2011","55.31","56.50","56.83","55.19","5.14M","-3.15%"
"08/03/2011","57.11","57.32","57.67","55.85","4.20M","-0.73%"
"08/02/2011","57.53","58.97","59.60","57.53","3.72M","-3.47%"
"08/01/2011","59.60","59.62","60.17","58.40","3.96M","-1.50%"
"07/29/2011","60.51","60.14","61.18","59.58","3.94M","-0.33%"
"07/28/2011","60.71","62.32","62.38","60.25","4.33M","-3.14%"
"07/27/2011","62.68","65.04","65.25","62.20","4.69M","-4.16%"
"07/26/2011","65.40","65.41","65.62","64.94","3.34M","0.43%"
"07/25/2011","65.12","64.85","65.42","64.51","2.09M","-0.23%"
"07/22/2011","65.27","65.45","65.45","64.55","1.68M","-0.43%"
"07/21/2011","65.55","65.47","65.89","65.26","3.04M","0.88%"
"07/20/2011","64.98","65.69","65.89","64.76","2.26M","0.88%"
"07/19/2011","64.41","64.54","64.78","64.00","3.14M","0.06%"
"07/18/2011","64.37","64.51","64.63","63.58","3.17M","-0.39%"
"07/15/2011","64.62","65.72","65.72","63.84","4.25M","-1.37%"
"07/14/2011","65.52","66.80","66.83","65.18","3.86M","-1.47%"
"07/13/2011","66.50","66.93","67.25","66.38","2.60M","-0.48%"
"07/12/2011","66.82","67.35","67.36","66.63","2.09M","-0.73%"
"07/11/2011","67.31","67.48","67.84","67.00","2.70M","-0.96%"
"07/08/2011","67.96","67.71","68.00","67.03","3.29M","-0.79%"
"07/07/2011","68.50","68.89","69.74","68.06","5.73M","-2.14%"
"07/06/2011","70.00","69.95","70.61","69.68","1.72M","0.01%"
"07/05/2011","69.99","70.38","70.56","69.41","2.09M","-0.48%"
"07/01/2011","70.33","69.59","70.50","69.40","2.10M","1.41%"
"06/30/2011","69.35","69.00","69.90","68.81","2.85M","0.78%"
"06/29/2011","68.81","68.21","69.23","68.04","2.10M","1.03%"
"06/28/2011","68.11","67.09","68.17","66.92","2.11M","1.70%"
"06/27/2011","66.97","66.42","67.21","66.21","2.02M","0.93%"
"06/24/2011","66.35","66.30","66.67","65.37","3.06M","0.27%"
"06/23/2011","66.17","65.76","66.34","65.11","2.40M","-0.51%"
"06/22/2011","66.51","66.12","67.31","66.12","2.59M","-0.06%"
"06/21/2011","66.55","65.93","66.92","65.84","3.08M","1.25%"
"06/20/2011","65.73","64.53","65.83","64.53","1.66M","1.61%"
"06/17/2011","64.69","65.18","65.72","64.57","2.71M","-0.05%"
"06/16/2011","64.72","63.65","64.83","63.40","2.67M","1.92%"
"06/15/2011","63.50","63.85","64.54","63.44","2.21M","-1.50%"
"06/14/2011","64.47","64.16","64.65","63.97","2.12M","1.48%"
"06/13/2011","63.53","62.90","63.74","62.73","1.77M","1.63%"
"06/10/2011","62.51","63.29","63.47","62.50","2.33M","-1.79%"
"06/09/2011","63.65","63.17","64.05","62.97","1.87M","0.82%"
"06/08/2011","63.13","63.27","63.51","62.97","1.48M","-0.33%"
"06/07/2011","63.34","63.44","64.05","63.29","1.62M","0.27%"
"06/06/2011","63.17","63.27","63.86","63.06","2.63M","-0.52%"
"06/03/2011","63.50","63.16","64.11","62.89","1.62M","-0.47%"
"06/02/2011","63.80","63.69","64.19","63.47","1.90M","0.08%"
"06/01/2011","63.75","65.00","65.17","63.69","2.23M","-2.36%"
"05/31/2011","65.29","65.19","65.49","64.72","2.71M","0.62%"
"05/27/2011","64.89","64.44","64.95","64.41","1.37M","0.82%"
"05/26/2011","64.36","64.07","64.55","63.67","2.59M","-0.86%"
"05/25/2011","64.92","65.20","65.39","64.65","3.05M","-1.04%"
"05/24/2011","65.60","65.20","65.79","64.98","3.28M","0.71%"
"05/23/2011","65.14","64.04","65.46","63.87","3.81M","0.99%"
"05/20/2011","64.50","64.93","65.05","64.39","1.90M","-1.01%"
"05/19/2011","65.16","64.84","65.39","64.67","2.23M","0.73%"
"05/18/2011","64.69","64.55","64.97","64.39","1.79M","0.23%"
"05/17/2011","64.54","64.61","65.17","64.18","2.00M","-0.37%"
"05/16/2011","64.78","64.68","65.03","64.34","1.54M","-0.12%"
"05/13/2011","64.86","65.35","65.66","64.66","1.46M","-0.76%"
"05/12/2011","65.36","64.91","65.72","64.84","1.63M","0.57%"
"05/11/2011","64.99","65.02","65.40","64.62","1.55M","-0.05%"
"05/10/2011","65.02","65.00","65.36","64.78","1.39M","0.32%"
"05/09/2011","64.81","64.58","65.26","64.06","1.27M","0.56%"
"05/06/2011","64.45","64.67","65.15","64.25","2.02M","0.47%"
"05/05/2011","64.15","64.20","64.75","63.92","2.03M","-0.50%"
"05/04/2011","64.47","65.18","65.55","64.32","2.49M","-0.89%"
"05/03/2011","65.05","64.66","65.29","64.34","2.79M","1.37%"
"05/02/2011","64.17","63.92","64.28","63.38","2.78M","0.88%"
"04/29/2011","63.61","62.76","63.83","62.55","1.67M","0.82%"
"04/28/2011","63.09","62.55","63.20","62.50","2.16M","0.30%"
"04/27/2011","62.90","62.90","64.00","62.27","2.27M","0.66%"
"04/26/2011","62.49","61.81","62.69","61.72","1.59M","1.66%"
"04/25/2011","61.47","61.75","61.75","61.13","684.58K","-0.44%"
"04/21/2011","61.74","61.89","61.92","61.20","1.06M","-0.15%"
"04/20/2011","61.83","61.48","62.16","60.97","1.84M","2.00%"
"04/19/2011","60.62","60.39","60.81","60.26","1.53M","0.33%"
"04/18/2011","60.42","60.69","60.77","59.87","2.13M","-1.42%"
"04/15/2011","61.29","61.46","61.86","60.96","1.50M","0.00%"
"04/14/2011","61.29","61.09","61.33","60.45","2.67M","-0.39%"
"04/13/2011","61.53","62.97","63.00","61.29","3.00M","-2.08%"
"04/12/2011","62.84","62.58","63.18","62.48","2.02M","-0.17%"
"04/11/2011","62.95","62.58","63.38","62.50","1.73M","0.91%"
"04/08/2011","62.38","62.74","62.80","62.19","2.13M","-0.26%"
"04/07/2011","62.54","62.12","62.77","61.97","2.63M","0.29%"
"04/06/2011","62.36","62.53","62.53","61.65","3.53M","0.24%"
"04/05/2011","62.21","62.56","62.94","62.06","1.51M","-0.59%"
"04/04/2011","62.58","63.14","63.21","61.54","2.20M","-0.62%"
"04/01/2011","62.97","62.81","63.55","62.67","2.12M","0.41%"
"03/31/2011","62.71","62.58","63.44","62.23","3.85M","0.79%"
"03/30/2011","62.22","62.05","62.29","61.30","2.69M","0.55%"
"03/29/2011","61.88","61.64","62.07","61.15","1.59M","0.44%"
"03/28/2011","61.61","62.21","62.35","61.60","1.69M","-0.74%"
"03/25/2011","62.07","61.78","62.11","61.10","1.65M","0.55%"
"03/24/2011","61.73","61.67","61.91","61.20","1.27M","0.41%"
"03/23/2011","61.48","61.33","61.66","60.93","2.92M","-0.31%"
"03/22/2011","61.67","61.76","62.13","61.52","2.15M","-0.36%"
"03/21/2011","61.89","61.53","62.21","61.40","2.08M","1.89%"
"03/18/2011","60.74","61.11","61.23","59.86","3.04M","0.75%"
"03/17/2011","60.29","60.04","60.90","59.82","4.18M","2.34%"
"03/16/2011","58.91","59.87","59.87","58.60","2.55M","-1.80%"
"03/15/2011","59.99","58.65","60.42","58.21","2.62M","-0.28%"
"03/14/2011","60.16","59.54","60.20","59.28","1.95M","0.33%"
"03/11/2011","59.96","60.26","60.56","59.62","1.41M","-0.32%"
"03/10/2011","60.15","60.94","61.23","60.12","1.81M","-1.47%"
"03/09/2011","61.05","60.57","61.17","60.15","1.02M","0.61%"
"03/08/2011","60.68","59.60","60.94","59.60","1.70M","1.68%"
"03/07/2011","59.68","60.58","61.01","59.33","1.36M","-1.36%"
"03/04/2011","60.50","61.27","61.42","59.74","1.27M","-1.21%"
"03/03/2011","61.24","60.66","61.60","60.63","1.70M","1.61%"
"03/02/2011","60.27","59.72","60.50","59.65","1.52M","0.87%"
"03/01/2011","59.75","60.79","61.42","59.57","1.70M","-1.22%"
"02/28/2011","60.49","60.35","61.31","59.95","2.19M","0.28%"
"02/25/2011","60.32","60.97","61.32","60.16","1.84M","-0.76%"
"02/24/2011","60.78","60.25","61.37","59.56","2.43M","0.12%"
"02/23/2011","60.71","61.25","61.76","60.18","2.36M","-0.95%"
"02/22/2011","61.29","62.17","62.28","60.91","1.57M","-2.25%"
"02/18/2011","62.70","62.50","62.99","62.39","1.47M","0.32%"
"02/17/2011","62.50","61.94","63.12","61.76","1.29M","0.51%"
"02/16/2011","62.18","62.88","63.09","61.05","2.57M","-0.86%"
"02/15/2011","62.72","61.90","62.89","61.82","1.68M","0.64%"
"02/14/2011","62.32","63.87","64.12","62.20","2.76M","-2.58%"
"02/11/2011","63.97","64.36","64.55","63.87","1.63M","-0.90%"
"02/10/2011","64.55","64.71","65.03","63.90","1.52M","-1.00%"
"02/09/2011","65.20","65.24","65.77","64.04","1.98M","1.10%"
"02/08/2011","64.49","63.81","64.54","63.45","1.19M","1.05%"
"02/07/2011","63.82","63.30","64.09","63.20","1.31M","1.13%"
"02/04/2011","63.11","63.23","63.28","62.76","907.93K","-0.32%"
"02/03/2011","63.31","63.30","63.50","62.73","904.93K","-0.13%"
"02/02/2011","63.39","63.59","63.82","63.20","1.08M","-0.56%"
"02/01/2011","63.75","63.29","63.79","63.10","1.48M","1.40%"
"01/31/2011","62.87","61.70","62.92","61.56","2.31M","2.54%"
"01/28/2011","61.31","62.88","63.29","61.08","1.92M","-2.36%"
"01/27/2011","62.79","62.63","63.39","62.29","1.19M","0.59%"
"01/26/2011","62.42","63.17","63.18","61.98","1.88M","-1.01%"
"01/25/2011","63.06","62.45","63.09","62.19","1.89M","0.88%"
"01/24/2011","62.51","63.04","63.25","62.11","1.82M","-0.90%"
"01/21/2011","63.08","63.82","63.82","62.85","1.80M","-0.63%"
"01/20/2011","63.48","62.58","63.50","62.24","2.08M","1.52%"
"01/19/2011","62.53","62.89","63.09","62.21","1.33M","-0.57%"
"01/18/2011","62.89","60.73","63.36","60.66","3.47M","3.12%"
"01/14/2011","60.99","60.30","61.03","60.14","1.56M","1.06%"
"01/13/2011","60.35","61.14","61.21","60.08","1.57M","-0.59%"
"01/12/2011","60.71","60.41","61.17","60.41","1.81M","0.76%"
"01/11/2011","60.25","60.94","61.17","60.24","1.36M","-0.77%"
"01/10/2011","60.72","61.33","61.41","60.56","1.52M","-1.65%"
"01/07/2011","61.74","61.52","62.37","61.16","2.55M","1.28%"
"01/06/2011","60.96","59.71","61.38","59.67","2.23M","2.28%"
"01/05/2011","59.60","59.10","59.65","58.78","1.72M","0.52%"
"01/04/2011","59.29","59.09","59.31","58.69","1.92M","0.32%"
"01/03/2011","59.10","59.10","59.37","58.89","1.64M","0.56%"
"12/31/2010","58.77","58.44","58.87","58.22","1.08M","0.53%"
"12/30/2010","58.46","58.76","58.93","58.42","1.13M","-0.68%"
"12/29/2010","58.86","58.97","59.12","58.66","1.24M","0.12%"
"12/28/2010","58.79","58.71","59.06","58.52","994.20K","0.26%"
"12/27/2010","58.64","58.70","58.76","58.49","916.47K","-0.37%"
"12/23/2010","58.86","59.04","59.34","58.72","1.46M","-0.37%"
"12/22/2010","59.08","58.62","59.11","58.43","1.69M","0.97%"
"12/21/2010","58.51","58.38","58.82","58.21","1.90M","0.65%"
"12/20/2010","58.13","58.40","58.45","57.90","1.21M","-0.07%"
"12/17/2010","58.17","58.53","58.63","58.09","2.09M","-0.70%"
"12/16/2010","58.58","57.92","58.58","57.72","1.03M","1.30%"
"12/15/2010","57.83","58.49","58.58","57.71","1.98M","-1.48%"
"12/14/2010","58.70","58.26","58.85","58.13","1.26M","1.10%"
"12/13/2010","58.06","58.34","58.39","57.80","1.88M","-0.24%"
"12/10/2010","58.20","58.00","58.36","57.87","1.53M","0.85%"
"12/09/2010","57.71","58.62","58.62","57.54","2.21M","-1.16%"
"12/08/2010","58.39","58.41","58.52","58.15","1.68M","-0.02%"
"12/07/2010","58.40","58.18","58.44","58.00","1.76M","1.02%"
"12/06/2010","57.81","57.35","58.04","57.16","1.62M","0.82%"
"12/03/2010","57.34","57.98","58.10","57.06","2.86M","-1.29%"
"12/02/2010","58.09","57.58","58.23","57.46","1.73M","1.08%"
"12/01/2010","57.47","56.88","57.60","56.72","2.20M","2.72%"
"11/30/2010","55.95","55.12","56.22","55.04","2.93M","0.74%"
"11/29/2010","55.54","55.48","55.80","54.73","1.82M","-0.87%"
"11/26/2010","56.03","56.04","56.53","55.93","616.45K","-0.71%"
"11/24/2010","56.43","55.73","56.54","55.55","1.44M","1.49%"
"11/23/2010","55.60","55.73","55.97","55.02","2.04M","-1.59%"
"11/22/2010","56.50","57.03","57.30","55.85","1.80M","-1.55%"
"11/19/2010","57.39","57.30","57.49","56.69","1.04M","0.30%"
"11/18/2010","57.22","56.79","57.51","56.79","1.21M","1.65%"
"11/17/2010","56.29","56.49","56.54","55.88","1.15M","0.25%"
"11/16/2010","56.15","56.89","56.99","55.81","1.53M","-1.77%"
"11/15/2010","57.16","57.15","57.67","56.76","1.07M","0.18%"
"11/12/2010","57.06","57.60","57.70","56.83","1.22M","-1.82%"
"11/11/2010","58.12","58.69","58.73","57.86","1.47M","-1.77%"
"11/10/2010","59.17","59.03","59.36","58.66","1.28M","-0.08%"
"11/09/2010","59.22","59.55","59.58","58.69","1.25M","-0.10%"
"11/08/2010","59.28","58.79","59.50","57.92","1.11M","0.00%"
"11/05/2010","59.28","59.17","59.50","59.07","943.14K","0.12%"
"11/04/2010","59.21","58.72","59.38","58.38","2.00M","1.54%"
"11/03/2010","58.31","58.46","58.74","57.59","1.44M","-0.48%"
"11/02/2010","58.59","58.07","58.67","58.07","1.56M","1.70%"
"11/01/2010","57.61","57.48","58.49","57.21","1.57M","0.45%"
"10/29/2010","57.35","56.56","57.36","56.44","1.78M","1.58%"
"10/28/2010","56.46","56.29","56.79","55.68","2.21M","1.40%"
"10/27/2010","55.68","55.71","55.87","55.10","2.47M","0.04%"
"10/26/2010","55.66","55.08","55.85","54.76","2.40M","0.72%"
"10/25/2010","55.26","56.37","56.45","55.20","2.51M","-1.59%"
"10/22/2010","56.15","56.02","56.31","55.72","1.16M","0.29%"
"10/21/2010","55.99","55.68","56.52","55.61","1.54M","0.94%"
"10/20/2010","55.47","55.01","55.69","55.01","1.79M","1.19%"
"10/19/2010","54.82","55.15","55.74","54.53","2.58M","-1.93%"
"10/18/2010","55.90","56.29","56.29","55.27","2.12M","-0.41%"
"10/15/2010","56.13","56.77","57.01","55.94","1.84M","0.07%"
"10/14/2010","56.09","56.43","56.76","55.77","1.64M","-0.58%"
"10/13/2010","56.42","56.38","56.73","56.05","1.70M","0.70%"
"10/12/2010","56.03","56.23","56.35","55.31","1.70M","-0.39%"
"10/11/2010","56.25","56.47","56.61","56.17","1.15M","-0.46%"
"10/08/2010","56.51","56.46","57.02","56.28","1.55M","0.25%"
"10/07/2010","56.37","56.79","56.85","55.98","2.44M","0.09%"
"10/06/2010","56.32","56.37","56.86","56.13","2.51M","0.05%"
"10/05/2010","56.29","55.12","56.53","55.12","2.55M","3.23%"
"10/04/2010","54.53","54.56","55.07","54.29","2.15M","-0.37%"
"10/01/2010","54.73","55.56","55.79","54.61","2.82M","-0.49%"
"09/30/2010","55.00","55.15","56.01","54.49","2.57M","0.71%"
"09/29/2010","54.61","54.58","55.03","54.33","2.57M","-0.53%"
"09/28/2010","54.90","54.74","55.00","54.04","2.28M","0.40%"
"09/27/2010","54.68","54.69","54.98","54.61","2.77M","-0.09%"
"09/24/2010","54.73","54.24","54.98","54.07","2.22M","2.17%"
"09/23/2010","53.57","53.22","54.26","53.16","1.85M","-0.04%"
"09/22/2010","53.59","54.07","54.57","53.58","1.46M","-0.85%"
"09/21/2010","54.05","54.07","54.49","53.88","1.72M","-0.28%"
"09/20/2010","54.20","53.58","54.38","53.28","1.94M","1.42%"
"09/17/2010","53.44","52.83","53.77","52.62","2.73M","1.97%"
"09/16/2010","52.41","52.53","52.74","52.24","1.48M","-0.38%"
"09/15/2010","52.61","52.79","53.14","52.43","2.03M","-0.59%"
"09/14/2010","52.92","53.35","53.35","52.80","1.50M","-0.81%"
"09/13/2010","53.35","54.08","54.40","53.24","2.15M","0.13%"
"09/10/2010","53.28","51.94","53.42","51.92","2.49M","2.88%"
"09/09/2010","51.79","52.31","52.32","51.49","1.79M","0.43%"
"09/08/2010","51.57","51.18","51.74","51.18","1.80M","0.55%"
"09/07/2010","51.29","51.93","52.08","51.27","2.04M","-2.21%"
"09/03/2010","52.45","52.77","53.05","51.99","2.04M","0.25%"
"09/02/2010","52.32","51.52","52.33","51.39","2.33M","1.95%"
"09/01/2010","51.32","49.80","51.46","49.46","2.56M","4.52%"
"08/31/2010","49.10","49.01","49.43","48.54","3.03M","-0.22%"
"08/30/2010","49.21","50.26","50.43","49.21","2.09M","-2.23%"
"08/27/2010","50.33","49.93","50.39","49.09","1.75M","1.57%"
"08/26/2010","49.55","50.07","50.48","49.43","2.49M","-1.26%"
"08/25/2010","50.18","49.92","50.40","49.14","2.58M","-0.04%"
"08/24/2010","50.20","50.63","50.75","49.84","2.00M","-2.03%"
"08/23/2010","51.24","52.34","52.54","51.13","1.93M","-1.54%"
"08/20/2010","52.04","51.86","52.14","51.23","1.99M","0.54%"
"08/19/2010","51.76","52.57","52.84","51.55","2.34M","-2.01%"
"08/18/2010","52.82","51.94","52.92","51.94","2.58M","1.23%"
"08/17/2010","52.18","51.49","52.81","51.15","1.90M","2.29%"
"08/16/2010","51.01","51.01","51.27","50.46","1.93M","-0.60%"
"08/13/2010","51.32","51.11","51.56","51.05","2.18M","0.08%"
"08/12/2010","51.28","50.91","51.70","50.90","2.01M","-0.72%"
"08/11/2010","51.65","52.24","52.70","51.37","2.17M","-3.75%"
"08/10/2010","53.66","53.76","54.13","52.99","2.18M","-1.58%"
"08/09/2010","54.52","54.64","54.66","54.04","2.02M","0.15%"
"08/06/2010","54.44","53.54","54.57","53.50","2.38M","0.83%"
"08/05/2010","53.99","53.70","54.13","53.54","2.00M","-0.02%"
"08/04/2010","54.00","53.43","54.01","53.36","1.58M","1.03%"
"08/03/2010","53.45","53.47","53.89","53.15","1.33M","-0.48%"
"08/02/2010","53.71","53.96","53.96","52.84","1.65M","0.96%"
"07/30/2010","53.20","52.61","53.41","51.89","2.32M","0.34%"
"07/29/2010","53.02","53.97","54.43","52.44","2.46M","0.09%"
"07/28/2010","52.97","52.75","53.32","52.43","1.65M","0.44%"
"07/27/2010","52.74","53.89","53.89","52.63","1.55M","-1.53%"
"07/26/2010","53.56","53.01","53.57","52.62","1.87M","1.50%"
"07/23/2010","52.77","52.48","53.06","52.40","2.72M","0.46%"
"07/22/2010","52.53","51.41","52.60","51.30","3.01M","3.34%"
"07/21/2010","50.83","51.75","51.97","50.41","1.57M","-0.51%"
"07/20/2010","51.09","49.71","51.13","49.42","1.84M","1.49%"
"07/19/2010","50.34","49.98","50.53","49.89","2.16M","1.37%"
"07/16/2010","49.66","51.16","51.30","49.48","2.05M","-3.31%"
"07/15/2010","51.36","52.36","52.36","50.94","2.12M","-0.66%"
"07/14/2010","51.70","50.67","52.16","50.67","3.54M","3.13%"
"07/13/2010","50.13","49.97","50.43","49.71","2.26M","1.29%"
"07/12/2010","49.49","49.38","49.71","49.12","2.21M","-1.61%"
"07/09/2010","50.30","50.72","50.77","49.72","1.63M","-1.30%"
"07/08/2010","50.96","51.11","51.13","50.33","2.00M","1.05%"
"07/07/2010","50.43","49.37","50.46","49.23","2.80M","2.71%"
"07/06/2010","49.10","49.58","49.66","48.60","2.40M","0.04%"
"07/02/2010","49.08","49.00","49.61","48.79","2.33M","-0.08%"
"07/01/2010","49.12","49.29","49.44","48.53","3.46M","-0.55%"
"06/30/2010","49.39","50.28","50.60","49.32","3.79M","-1.95%"
"06/29/2010","50.37","52.25","52.48","50.09","3.57M","-4.96%"
"06/28/2010","53.00","53.35","53.88","52.85","2.18M","-0.30%"
"06/25/2010","53.16","53.54","53.58","52.66","2.52M","-0.47%"
"06/24/2010","53.41","54.19","54.49","53.25","2.04M","-1.77%"
"06/23/2010","54.37","54.53","54.90","53.93","1.60M","-0.53%"
"06/22/2010","54.66","55.41","55.95","54.54","1.86M","-1.62%"
"06/21/2010","55.56","57.11","57.21","55.34","1.98M","-1.35%"
"06/18/2010","56.32","55.85","56.39","55.74","2.02M","0.95%"
"06/17/2010","55.79","55.81","56.14","55.17","1.76M","0.69%"
"06/16/2010","55.41","54.80","55.58","54.73","2.22M","0.97%"
"06/15/2010","54.88","54.36","54.99","54.19","2.70M","1.27%"
"06/14/2010","54.19","54.58","55.07","54.09","1.89M","0.07%"
"06/11/2010","54.15","53.01","54.19","52.73","1.62M","1.08%"
"06/10/2010","53.57","52.99","53.68","52.83","1.54M","2.59%"
"06/09/2010","52.22","52.28","53.24","52.00","1.88M","0.33%"
"06/08/2010","52.05","51.46","52.13","51.10","2.07M","0.50%"
"06/07/2010","51.79","52.94","52.95","51.76","2.30M","-1.97%"
"06/04/2010","52.83","54.10","54.35","52.65","1.89M","-4.41%"
"06/03/2010","55.27","55.38","56.22","55.04","1.85M","0.18%"
"06/02/2010","55.17","54.34","55.22","54.12","2.65M","2.15%"
"06/01/2010","54.01","54.58","55.44","53.98","2.03M","-1.59%"
"05/28/2010","54.88","55.48","55.67","54.68","2.10M","-0.88%"
"05/27/2010","55.37","55.39","55.39","54.62","2.24M","1.43%"
"05/26/2010","54.59","55.62","55.95","54.51","3.43M","-1.03%"
"05/25/2010","55.16","53.42","55.33","53.25","4.05M","0.91%"
"05/24/2010","54.66","55.17","55.77","54.59","2.12M","-1.44%"
"05/21/2010","55.46","53.55","55.50","53.12","3.03M","1.85%"
"05/20/2010","54.45","55.45","55.76","54.13","2.54M","-3.61%"
"05/19/2010","56.49","56.69","57.12","55.68","1.97M","-0.93%"
"05/18/2010","57.02","58.21","58.59","57.01","1.76M","-1.28%"
"05/17/2010","57.76","57.34","58.14","56.59","1.49M","0.59%"
"05/14/2010","57.42","58.44","58.78","56.96","1.45M","-2.60%"
"05/13/2010","58.95","59.41","59.82","58.78","907.34K","-1.17%"
"05/12/2010","59.65","58.87","59.76","58.81","1.09M","1.32%"
"05/11/2010","58.87","57.81","59.60","57.53","1.89M","0.02%"
"05/10/2010","58.86","59.08","59.36","57.81","2.84M","3.25%"
"05/07/2010","57.01","58.37","58.68","56.55","2.80M","-2.68%"
"05/06/2010","58.58","60.42","60.53","54.74","2.55M","-3.44%"
"05/05/2010","60.67","60.06","60.88","60.06","1.57M","0.33%"
"05/04/2010","60.47","62.12","62.12","60.07","2.15M","-3.73%"
"05/03/2010","62.81","61.89","62.94","61.79","1.37M","2.08%"
"04/30/2010","61.53","62.88","63.25","61.48","2.02M","-2.24%"
"04/29/2010","62.94","62.58","63.28","62.05","1.79M","1.03%"
"04/28/2010","62.30","63.02","63.32","61.46","3.33M","2.23%"
"04/27/2010","60.94","62.39","62.39","60.87","2.00M","-2.54%"
"04/26/2010","62.53","62.63","63.17","62.46","1.61M","-0.10%"
"04/23/2010","62.59","62.63","62.63","61.82","1.14M","0.00%"
"04/22/2010","62.59","61.65","62.66","61.50","1.85M","0.92%"
"04/21/2010","62.02","60.94","62.04","60.73","1.51M","1.39%"
"04/20/2010","61.17","60.44","61.33","60.30","1.62M","1.53%"
"04/19/2010","60.25","59.58","60.33","59.51","1.35M","0.67%"
"04/16/2010","59.85","60.59","60.63","59.36","1.73M","-1.27%"
"04/15/2010","60.62","60.45","60.78","60.18","1.32M","-0.03%"
"04/14/2010","60.64","60.64","60.65","59.73","1.38M","0.31%"
"04/13/2010","60.45","59.92","60.59","59.51","1.78M","0.63%"
"04/12/2010","60.07","60.01","60.45","59.96","1.39M","0.10%"
"04/09/2010","60.01","59.04","60.05","59.03","1.81M","1.61%"
"04/08/2010","59.06","59.13","59.21","58.64","1.66M","-0.19%"
"04/07/2010","59.17","59.37","59.78","59.09","2.01M","-0.77%"
"04/06/2010","59.63","60.06","60.06","59.46","1.43M","-1.03%"
"04/05/2010","60.25","60.28","60.50","60.05","1.38M","0.25%"
"04/01/2010","60.10","59.92","60.43","59.68","1.58M","1.04%"
"03/31/2010","59.48","59.32","59.76","59.14","1.97M","-0.23%"
"03/30/2010","59.62","59.83","59.83","59.28","1.43M","-0.08%"
"03/29/2010","59.67","59.62","59.92","59.44","2.02M","0.37%"
"03/26/2010","59.45","58.98","59.58","58.98","1.76M","0.85%"
"03/25/2010","58.95","59.35","59.51","58.91","1.57M","0.07%"
"03/24/2010","58.91","59.09","59.28","58.72","1.69M","-0.39%"
"03/23/2010","59.14","59.01","59.26","58.81","2.14M","0.39%"
"03/22/2010","58.91","59.20","59.30","58.79","2.15M","-0.92%"
"03/19/2010","59.46","59.14","59.52","58.88","4.34M","0.76%"
"03/18/2010","59.01","58.99","59.06","58.72","1.50M","0.22%"
"03/17/2010","58.88","58.86","59.28","58.57","1.49M","0.43%"
"03/16/2010","58.63","58.45","58.87","58.32","1.56M","0.50%"
"03/15/2010","58.34","58.04","58.40","57.88","1.74M","0.48%"
"03/12/2010","58.06","58.72","58.94","57.92","1.87M","-1.16%"
"03/11/2010","58.74","58.56","58.79","57.94","1.30M","0.31%"
"03/10/2010","58.56","57.93","58.70","57.86","1.42M","0.86%"
"03/09/2010","58.06","58.02","58.53","57.78","1.83M","-0.24%"
"03/08/2010","58.20","58.20","58.46","57.83","1.27M","-0.10%"
"03/05/2010","58.26","57.53","58.39","57.50","1.38M","1.82%"
"03/04/2010","57.22","56.51","57.42","56.32","3.42M","1.20%"
"03/03/2010","56.54","57.10","57.18","56.20","2.49M","-0.93%"
"03/02/2010","57.07","57.12","57.76","56.97","2.12M","-0.16%"
"03/01/2010","57.16","55.56","57.36","55.47","2.45M","2.86%"
"02/26/2010","55.57","55.46","55.72","54.76","3.41M","0.22%"
"02/25/2010","55.45","55.49","55.51","54.58","2.77M","-0.91%"
"02/24/2010","55.96","55.76","56.25","55.50","1.86M","0.72%"
"02/23/2010","55.56","55.77","56.45","55.53","1.76M","-0.70%"
"02/22/2010","55.95","55.54","56.29","55.50","1.73M","0.76%"
"02/19/2010","55.53","55.77","56.05","55.28","2.77M","-0.48%"
"02/18/2010","55.80","54.18","55.80","54.12","3.29M","2.61%"
"02/17/2010","54.38","54.18","54.39","53.89","1.95M","0.65%"
"02/16/2010","54.03","53.87","54.12","53.44","2.38M","1.14%"
"02/12/2010","53.42","53.37","53.57","52.83","2.54M","-0.89%"
"02/11/2010","53.90","53.10","53.90","52.62","1.91M","1.49%"
"02/10/2010","53.11","53.95","53.98","52.92","2.38M","-1.68%"
"02/09/2010","54.02","53.13","54.39","52.78","2.72M","2.72%"
"02/08/2010","52.59","52.40","53.27","51.86","2.35M","0.54%"
"02/05/2010","52.31","52.86","53.07","51.31","2.57M","-0.42%"
"02/04/2010","52.53","52.73","54.78","51.58","6.17M","-1.04%"
"02/03/2010","53.08","52.48","53.30","52.41","1.96M","0.57%"
"02/02/2010","52.78","52.51","52.80","51.84","2.90M","0.46%"
"02/01/2010","52.54","51.60","52.71","51.54","3.37M","2.32%"
"01/29/2010","51.35","51.67","51.76","51.08","2.34M","-0.06%"
"01/28/2010","51.38","51.55","51.89","50.56","2.42M","-0.17%"
"01/27/2010","51.47","50.67","51.67","50.43","2.78M","1.26%"
"01/26/2010","50.83","50.48","51.21","50.17","1.88M","0.59%"
"01/25/2010","50.53","51.03","51.03","50.22","2.26M","0.12%"
"01/22/2010","50.47","51.51","51.58","50.38","1.97M","-1.85%"
"01/21/2010","51.42","52.75","52.92","51.33","2.42M","-2.76%"
"01/20/2010","52.88","53.01","53.26","52.17","1.68M","-1.10%"
"01/19/2010","53.47","53.17","54.08","52.77","2.22M","0.55%"
"01/15/2010","53.18","53.58","53.71","52.73","1.67M","-1.15%"
"01/14/2010","53.80","53.74","54.28","53.13","1.85M","0.02%"
"01/13/2010","53.79","52.39","54.04","52.39","2.47M","3.01%"
"01/12/2010","52.22","51.93","52.24","51.53","1.49M","0.12%"
"01/11/2010","52.16","52.39","52.57","51.89","1.38M","0.10%"
"01/08/2010","52.11","52.04","52.71","51.85","1.56M","-0.55%"
"01/07/2010","52.40","51.64","52.58","51.46","4.29M","1.04%"
"01/06/2010","51.86","51.53","51.91","51.34","1.99M","0.39%"
"01/05/2010","51.66","51.44","52.12","51.44","1.68M","0.17%"
"01/04/2010","51.57","50.89","51.59","50.89","1.46M","1.78%"