Date,Price,Open,High,Low,Vol.,Change %
8/21/2026,209.91,213.36,213.52,209.85,4.80M,-1.12%
8/20/2026,212.29,218.97,220.49,212.16,4.93M,-3.66%
8/19/2026,220.35,225.93,226.41,220.22,6.23M,-2.28%
8/18/2026,225.49,222.76,226.09,222.3,5.97M,1.74%
8/17/2026,221.64,222.92,224.61,221.6,5.19M,-0.60%
8/14/2026,222.97,222,223.07,219.98,2.87M,1.13%
8/13/2026,220.48,223.47,224,218.87,3.23M,-1.02%
8/12/2026,222.76,222.62,223.55,219.47,3.93M,-0.49%
8/11/2026,223.86,224,225.34,222.34,2.93M,-0.12%
8/10/2026,224.12,224.38,226.88,223.3,3.28M,0.49%
8/7/2026,223.03,222.53,224.31,220.5,4.98M,-0.10%
8/6/2026,223.25,224.21,225.65,220.48,5.97M,0.42%
8/5/2026,222.31,220,222.82,218.9,4.28M,2.01%
8/4/2026,217.93,217.38,218.6,214.52,6.39M,0.59%
8/3/2026,216.65,216.57,218.13,214.42,3.81M,0.66%
7/31/2026,215.22,213.35,215.82,212.04,3.42M,0.39%
7/30/2026,214.38,214.5,214.64,209.39,5.24M,-0.40%
7/29/2026,215.25,220,220.57,215.01,8.23M,-1.52%
7/28/2026,218.58,220.99,221.34,215.9,7.78M,0.07%
7/27/2026,218.42,214.42,220.39,213.8,8.19M,2.65%
7/24/2026,212.79,210.83,214.89,209.26,5.88M,1.74%
7/23/2026,209.16,205,213.49,202.51,10.00M,7.33%
7/22/2026,194.88,195.9,197.35,193.78,5.15M,0.62%
7/21/2026,193.67,194,197.14,190.02,3.53M,-0.40%
7/20/2026,194.44,194.63,197.54,194.1,4.59M,0.48%
7/17/2026,193.51,195.38,198.44,192.97,4.20M,-0.44%
7/16/2026,194.36,195.66,196.72,192.85,3.73M,-0.78%
7/15/2026,195.89,195.01,196.28,193.14,3.54M,1.29%
7/14/2026,193.39,196.38,198.5,193.39,4.25M,-1.53%
7/13/2026,196.39,196.44,197.69,195.23,3.61M,0.23%
7/10/2026,195.93,195.01,196.69,192.59,2.82M,0.37%
7/9/2026,195.2,193.99,195.83,193,3.94M,0.15%
7/8/2026,194.91,199,200.41,194.69,4.16M,-2.96%
7/7/2026,200.85,203.54,203.94,199.64,4.40M,-0.26%
7/6/2026,201.37,200,202.55,197.96,6.57M,1.06%
7/2/2026,199.25,194.77,199.7,194.04,5.19M,3.90%
7/1/2026,191.78,190.48,191.82,188.97,3.78M,1.08%
6/30/2026,189.73,189,190.1,186.83,4.05M,1.28%
6/29/2026,187.33,187.61,189.88,187.16,3.59M,-0.35%
6/26/2026,187.99,187.28,190.49,186.88,8.04M,0.75%
6/25/2026,186.59,185,189.66,184.35,3.59M,0.83%
6/24/2026,185.06,187.43,187.44,184.65,4.46M,-0.71%
6/23/2026,186.39,183,186.71,181.83,3.91M,2.51%
6/22/2026,181.83,184.59,185.71,180.97,6.35M,-2.03%
6/18/2026,185.6,194,194.17,184.42,8.87M,-3.62%
6/17/2026,192.58,188.75,193.46,186.38,7.53M,3.11%
6/16/2026,186.77,184.25,186.85,182.25,5.10M,1.70%
6/15/2026,183.64,183.86,186.46,182.88,6.07M,0.06%
6/12/2026,183.53,184.69,184.87,181.87,3.35M,-0.37%
6/11/2026,184.21,178.02,184.4,178.02,6.49M,3.83%
6/10/2026,177.41,183,183,176.93,6.04M,-2.29%
6/9/2026,181.56,178.96,182.78,178.54,6.23M,1.62%
6/8/2026,178.66,180.49,182.3,177.9,5.91M,-1.29%
6/5/2026,180.99,179.17,182.53,178.01,6.27M,0.88%
6/4/2026,179.41,176.54,180.42,176.19,4.70M,3.98%
6/3/2026,172.55,173.01,176.42,172.55,4.32M,-0.98%
6/2/2026,174.26,173.89,175.75,172.99,4.39M,-0.09%
6/1/2026,174.41,177.44,178.69,174.13,5.48M,-2.92%
5/29/2026,179.66,178.91,180.1,176.04,8.76M,0.39%
5/28/2026,178.96,176.8,181.55,176.74,5.84M,1.34%
5/27/2026,176.59,178.49,178.8,175.71,5.15M,-1.33%
5/26/2026,178.97,178,179.21,176.07,5.53M,1.11%
5/22/2026,177.01,176.74,177.6,175.26,4.32M,0.59%
5/21/2026,175.98,174.59,177.18,173.29,3.60M,0.65%
5/20/2026,174.85,175.47,176.16,173,6.63M,0.21%
5/19/2026,174.49,176.29,177,174.38,5.58M,-0.83%
5/18/2026,175.95,171.68,176.09,171,5.63M,2.79%
5/15/2026,171.18,175.52,175.98,170.78,7.69M,-2.56%
5/14/2026,175.68,178.11,178.9,175.3,6.42M,-1.36%
5/13/2026,178.11,177.77,179.44,175.3,6.14M,-0.44%
5/12/2026,178.89,178.6,179.92,176.62,5.60M,0.16%
5/11/2026,178.61,175.16,179.93,174.6,6.52M,1.43%
5/8/2026,176.09,176.22,177.09,174.6,6.28M,-0.39%
5/7/2026,176.78,176.54,177.39,173.68,5.66M,0.02%
5/6/2026,176.74,174.79,178.09,173.57,6.10M,2.24%
5/5/2026,172.87,173.92,174.15,171.2,4.72M,-0.02%
5/4/2026,172.9,174,175.87,172.89,5.08M,-0.63%
5/1/2026,173.99,176.23,176.99,173.26,4.49M,-1.18%
4/30/2026,176.07,173.64,176.65,173.48,6.22M,1.90%
4/29/2026,172.79,175.56,176.27,171.78,5.04M,-1.65%
4/28/2026,175.68,175.25,175.79,172.34,6.12M,1.33%
4/27/2026,173.38,172.3,176.99,172.3,6.51M,-0.50%
4/24/2026,174.26,177.78,177.78,171.63,10.51M,-2.81%
4/23/2026,179.3,181.36,182.64,177.5,6.29M,-0.89%
4/22/2026,180.91,187.74,188.74,179.84,8.51M,-3.34%
4/21/2026,187.17,194.61,196.62,186.54,7.49M,-4.40%
4/20/2026,195.79,197.8,198.39,194.8,4.99M,-0.32%
4/17/2026,196.42,195.58,199.94,195.2,4.78M,0.29%
4/16/2026,195.85,198.41,199.94,193.91,4.00M,-1.28%
4/15/2026,198.39,202.99,203,197.69,4.42M,-2.18%
4/14/2026,202.81,201.35,204.32,200.91,3.30M,0.70%
4/13/2026,201.41,201.75,202.99,200.13,3.43M,-0.07%
4/10/2026,201.56,202.82,202.82,197.79,3.15M,-0.80%
4/9/2026,203.19,203.22,205.36,202.61,2.79M,-0.14%
4/8/2026,203.48,198.6,203.8,198.42,4.46M,2.81%
4/7/2026,197.92,197.41,198.15,195.51,3.04M,-0.25%
4/6/2026,198.41,196.23,198.63,195,2.31M,1.12%
4/2/2026,196.21,195.08,197.44,193.63,4.11M,0.77%
4/1/2026,194.72,194.47,196.64,193.55,4.13M,0.94%
3/31/2026,192.9,189.14,193.44,187.58,5.32M,3.07%
3/30/2026,187.15,192.49,193,185.57,5.04M,-1.35%
3/27/2026,189.71,192.41,193.11,189.46,3.86M,-1.63%
3/26/2026,192.85,194.31,194.31,191.38,4.87M,-1.10%
3/25/2026,195,196.05,196.67,194.05,4.06M,0.52%
3/24/2026,194,192.22,195.14,191.18,5.14M,-0.42%
3/23/2026,194.82,197.17,199.75,194.46,4.93M,-1.69%
3/20/2026,198.16,201.26,202.03,196.49,8.46M,-1.28%
3/19/2026,200.73,203.33,203.38,197.02,5.33M,-1.87%
3/18/2026,204.56,204.31,207.3,204.03,3.51M,0.60%
3/17/2026,203.33,205.81,206.67,200.71,3.99M,-1.32%
3/16/2026,206.06,204.71,208.9,204.61,4.80M,0.75%
3/13/2026,204.52,204.46,206.29,201.9,4.81M,0.73%
3/12/2026,203.04,206.18,206.77,201.84,6.40M,-2.04%
3/11/2026,207.26,205.66,209.39,204.7,4.42M,0.13%
3/10/2026,207,206.36,208.47,205.28,4.14M,-0.59%
3/9/2026,208.23,211.76,213,206.81,8.63M,-0.73%
3/6/2026,209.76,204.01,209.95,203.64,8.79M,2.89%
3/5/2026,203.86,208.49,210.15,200.1,6.94M,-2.38%
3/4/2026,208.82,207,209.95,204.23,6.14M,1.11%
3/3/2026,206.52,213.01,214.5,205.57,9.66M,-2.66%
3/2/2026,212.16,210.65,212.82,208,12.49M,4.71%
2/27/2026,202.62,198.31,202.62,197.63,8.98M,2.52%
2/26/2026,197.63,196.5,198.68,194,5.76M,0.84%
2/25/2026,195.98,198.46,198.76,192.62,6.89M,-1.25%
2/24/2026,198.46,200,200.71,197,10.16M,-1.71%
2/23/2026,201.92,203.97,204.9,201.74,4.56M,-1.46%
2/20/2026,204.92,205.49,206.36,203.02,10.30M,-0.24%
2/19/2026,205.41,204.17,206.73,201.54,6.13M,0.29%
2/18/2026,204.81,205.51,206.01,202.8,6.40M,0.64%
2/17/2026,203.5,200,205.64,198.85,6.06M,1.72%
2/13/2026,200.06,201.14,203.7,198.53,4.94M,-0.54%
2/12/2026,201.14,197,201.88,197,6.74M,2.36%
2/11/2026,196.51,195.58,198.83,195.05,6.78M,0.68%
2/10/2026,195.19,195.03,196.41,193.08,5.50M,-0.51%
2/9/2026,196.19,198.5,200,195.99,4.62M,-1.24%
2/6/2026,198.66,196.96,200.85,196.96,4.35M,1.37%
2/5/2026,195.97,196.23,199.68,194.53,5.54M,-0.39%
2/4/2026,196.74,205.5,206.48,194.33,11.41M,-3.32%
2/3/2026,203.5,201.79,204.87,200.65,8.46M,1.20%
2/2/2026,201.09,199.99,201.66,197,6.24M,0.08%
1/30/2026,200.93,198.37,201.43,197.6,7.23M,0.53%
1/29/2026,199.88,200.93,203.24,198.01,8.87M,0.21%
1/28/2026,199.46,201.28,205.36,198.55,6.83M,-0.90%
1/27/2026,201.28,199.51,202.2,195.44,10.13M,3.68%
1/26/2026,194.13,195.25,195.89,193.5,6.68M,-0.92%
1/23/2026,195.93,196.85,197.58,195,5.11M,-0.21%
1/22/2026,196.34,198.99,198.99,195.81,4.07M,-0.59%
1/21/2026,197.5,197.6,198.3,195.58,5.46M,0.58%
1/20/2026,196.36,200.65,203.03,196.1,6.05M,-2.75%
1/16/2026,201.92,200.09,202.17,199.58,4.83M,1.05%
1/15/2026,199.83,198.95,200.31,196.66,3.66M,0.50%
1/14/2026,198.84,194.84,198.87,193.38,5.25M,2.45%
1/13/2026,194.08,195.62,197.55,193,5.85M,0.12%
1/12/2026,193.85,189.71,194.03,189.41,5.39M,2.84%
1/9/2026,188.5,186.03,189.09,184.37,7.59M,0.71%
1/8/2026,187.17,191.03,196.7,184.9,9.77M,0.78%
1/7/2026,185.73,191.92,193.79,185.61,7.67M,-2.45%
1/6/2026,190.4,188.7,190.71,187.71,3.91M,1.14%
1/5/2026,188.26,187.3,190.5,186.43,6.05M,0.54%
1/2/2026,187.25,183.5,187.27,182.17,3.33M,2.10%
12/31/2025,183.4,184.1,184.4,182.64,2.64M,-0.33%
12/30/2025,184.01,184.93,185,183.7,1.81M,-0.22%
12/29/2025,184.42,185.17,185.6,184.18,2.03M,-0.41%
12/26/2025,185.17,186.22,186.28,184.51,1.39M,-0.65%
12/24/2025,186.38,185.69,187.1,185.5,1.42M,0.33%
12/23/2025,185.76,185.75,188,185.26,3.35M,0.04%
12/22/2025,185.68,182.86,185.87,181.76,3.21M,2.02%
12/19/2025,182.01,178.96,183.24,178.66,11.46M,2.09%
12/18/2025,178.29,178.49,180.5,178.09,4.09M,0.62%
12/17/2025,177.2,178.92,180.33,176.54,6.63M,-1.52%
12/16/2025,179.93,180.51,181.88,178.89,4.32M,-1.20%
12/15/2025,182.11,179.74,182.28,179.17,3.69M,1.93%
12/12/2025,178.66,179.4,179.45,176.63,6.44M,0.70%
12/11/2025,177.42,174.7,179.14,174.3,4.87M,1.55%
12/10/2025,174.72,171.17,177.13,170.35,5.61M,1.62%
12/9/2025,171.93,172.52,175.71,171.24,4.82M,0.24%
12/8/2025,171.52,171.39,171.99,169.54,3.50M,0.25%
12/5/2025,171.1,172,172,168.94,3.03M,-0.12%
12/4/2025,171.31,168.9,172.09,168.65,7.49M,1.70%
12/3/2025,168.45,169.05,169.19,166.74,5.45M,-0.21%
12/2/2025,168.8,169.38,169.38,168.04,4.05M,0.46%
12/1/2025,168.02,173.7,174,167.9,4.89M,-3.94%
11/28/2025,174.91,173.04,174.93,173,1.68M,0.99%
11/26/2025,173.19,172.56,174.03,172.02,3.56M,0.60%
11/25/2025,172.15,172.76,173.63,169.52,5.51M,-0.61%
11/24/2025,173.21,169.28,173.65,168.9,8.12M,2.08%
11/21/2025,169.68,172.26,172.3,168.62,6.11M,-1.77%
11/20/2025,172.73,176.54,177.55,172.5,4.22M,-0.60%
11/19/2025,173.77,173.51,174.77,172.5,3.90M,-0.54%
11/18/2025,174.72,176.7,177.93,174.31,3.74M,-0.52%
11/17/2025,175.63,176.1,176.3,174.63,3.91M,0.03%
11/14/2025,175.57,173.96,176.16,172.5,3.22M,0.93%
11/13/2025,173.96,178.63,178.79,173.13,3.62M,-2.10%
11/12/2025,177.69,178.6,179.9,177.37,4.47M,-0.85%
11/11/2025,179.22,178.81,180,177.41,3.39M,0.11%
11/10/2025,179.03,176.84,179.55,176.3,2.74M,1.16%
11/7/2025,176.97,175.26,177.69,173.75,3.77M,1.07%
11/6/2025,175.1,174.01,175.39,173.6,3.63M,0.63%
11/5/2025,174,174.9,176.76,173.92,4.49M,-0.92%
11/4/2025,175.61,176.56,177.89,175.44,3.84M,-0.81%
11/3/2025,177.04,178.49,178.54,175.45,3.84M,-0.82%
10/31/2025,178.5,177.5,179.11,176.75,4.35M,0.61%
10/30/2025,177.42,177.12,179,176.82,3.64M,0.60%
10/29/2025,176.36,177.79,178.98,176,4.29M,-1.29%
10/28/2025,178.67,179.3,181.31,178.55,3.34M,-0.32%
10/27/2025,179.24,179.43,179.63,177.5,4.04M,0.33%
10/24/2025,178.65,180.46,180.5,178.29,3.47M,-0.44%
10/23/2025,179.44,177.6,179.98,176.5,5.25M,0.82%
10/22/2025,177.98,174.49,178.72,173.92,10.22M,2.85%
10/21/2025,173.04,171.81,178.76,170.26,12.30M,7.67%
10/20/2025,160.71,159.67,162.07,159.45,6.52M,1.75%
10/17/2025,157.95,156.33,158.54,156.1,5.44M,0.57%
10/16/2025,157.05,157.77,158.33,156.1,3.93M,0.03%
10/15/2025,157,159.49,160.65,155.64,5.95M,-1.51%
10/14/2025,159.4,158.2,160.58,157.29,3.59M,0.35%
10/13/2025,158.85,158.45,159.55,157.37,5.32M,0.73%
10/10/2025,157.7,162.01,162.46,157.43,7.78M,-2.76%
10/9/2025,162.18,168.99,169.15,161.9,5.96M,-3.79%
10/8/2025,168.57,170.07,170.85,168.43,4.68M,-0.41%
10/7/2025,169.27,169.36,170.36,168.82,5.19M,0.28%
10/6/2025,168.8,167,169.75,167,3.82M,1.33%
10/3/2025,166.58,166.81,167.26,165.49,2.68M,-0.03%
10/2/2025,166.63,167.14,168.25,165.89,3.50M,-0.34%
10/1/2025,167.2,165.87,167.72,165.08,4.03M,-0.08%
9/30/2025,167.33,164.29,167.5,163.87,4.89M,2.26%
9/29/2025,163.63,167.43,168.28,162.79,6.22M,0.17%
9/26/2025,163.35,162,165.35,161.69,3.96M,1.77%
9/25/2025,160.51,162.14,162.3,159.69,3.92M,-0.54%
9/24/2025,161.38,161.15,163.03,160.7,4.27M,0.52%
9/23/2025,160.54,159.74,161.4,158.95,3.29M,0.70%
9/22/2025,159.43,158.07,159.8,157.67,3.30M,0.75%
9/19/2025,158.24,158.7,158.7,156.69,7.08M,0.03%
9/18/2025,158.19,157.31,158.29,156.5,3.70M,-0.08%
9/17/2025,158.31,158.57,159.32,157.62,4.00M,-0.17%
9/16/2025,158.58,159.85,159.95,157.64,6.53M,0.13%
9/15/2025,158.37,155.93,158.48,155.71,3.89M,1.62%
9/12/2025,155.85,157.75,158.14,155.82,3.19M,-1.14%
9/11/2025,157.65,155.03,158.01,154.36,4.29M,1.71%
9/10/2025,155,152,155.04,151.65,4.52M,2.14%
9/9/2025,151.75,153.64,153.7,150.61,5.46M,-1.60%
9/8/2025,154.22,156.92,157,153.66,5.52M,-2.09%
9/5/2025,157.52,158.6,159,155.56,4.05M,-0.73%
9/4/2025,158.68,158.23,159.17,157.55,3.22M,0.36%
9/3/2025,158.11,157.95,158.34,156.45,2.74M,0.06%
9/2/2025,158.01,158.2,158.63,156.37,3.26M,-0.37%
8/29/2025,158.6,161.05,161.1,158.43,3.77M,-1.28%
8/28/2025,160.66,160.15,161.26,159.25,3.12M,0.51%
8/27/2025,159.84,159.97,160.21,159,2.99M,0.17%
8/26/2025,159.57,156.76,159.7,156.38,5.10M,2.11%
8/25/2025,156.27,156.63,157.64,156,2.43M,0.02%
8/22/2025,156.24,157.05,157.94,156.21,4.25M,-0.05%
8/21/2025,156.32,156.79,157.75,156.22,3.18M,-0.17%
8/20/2025,156.59,153.77,157.11,153.09,3.77M,1.91%
8/19/2025,153.66,154.57,155.13,153.21,3.01M,-1.18%
8/18/2025,155.5,154.43,156.18,154.4,3.68M,0.92%
8/15/2025,154.09,154.26,154.87,153.33,4.59M,-0.64%
8/14/2025,155.08,155.6,156.33,154.65,2.77M,-0.40%
8/13/2025,155.71,156,156.34,152.66,5.01M,0.14%
8/12/2025,155.49,154.97,155.93,154.56,2.96M,0.45%
8/11/2025,154.8,154.73,155.67,154.14,3.57M,-0.04%
8/8/2025,154.86,156.6,156.92,154.72,3.67M,-0.58%
8/7/2025,155.76,154.65,155.76,153.24,5.11M,0.01%
8/6/2025,155.75,156.65,157.73,155.64,4.11M,-0.37%
8/5/2025,156.33,157.27,158.04,155.76,4.99M,-0.67%
8/4/2025,157.38,157.13,158.41,156.74,3.96M,0.36%
8/1/2025,156.81,156.29,157.48,153.75,4.42M,-0.48%
7/31/2025,157.57,158.11,158.23,156.75,4.80M,-0.52%
7/30/2025,158.4,157.45,158.73,156.42,4.00M,0.81%
7/29/2025,157.12,157.73,158.79,156.33,4.34M,0.67%
7/28/2025,156.07,157.15,157.33,155.63,4.02M,-0.52%
7/25/2025,156.88,155.21,157.33,154.26,4.73M,1.07%
7/24/2025,155.22,156.25,157.24,155.15,4.87M,-0.81%
7/23/2025,156.49,150,156.59,149.11,8.67M,4.91%
7/22/2025,149.17,145.48,150.27,143.56,10.72M,-1.58%
7/21/2025,151.56,151.98,153.39,151.06,7.12M,0.04%
7/18/2025,151.5,151.81,152.85,151.08,5.93M,0.00%
7/17/2025,151.5,150.56,151.99,150.19,4.33M,0.89%
7/16/2025,150.17,148.85,150.36,148.26,3.36M,1.00%
7/15/2025,148.68,149.8,150.75,148.4,4.53M,-0.40%
7/14/2025,149.28,147.89,149.57,147.08,4.46M,1.64%
7/11/2025,146.87,146.18,147.07,145.5,3.47M,0.32%
7/10/2025,146.4,146.11,146.54,145.03,4.13M,0.15%
7/9/2025,146.18,145.73,146.5,144.73,2.67M,0.88%
7/8/2025,144.91,145.65,146,142.98,4.33M,-0.69%
7/7/2025,145.92,146.26,146.78,145.13,4.53M,0.12%
7/3/2025,145.75,144.49,146.39,144.37,1.89M,0.85%
7/2/2025,144.52,143.66,144.72,142.96,3.25M,0.23%
7/1/2025,144.19,145.65,145.8,142.65,4.82M,-1.25%
6/30/2025,146.02,145.48,146.41,145,5.94M,0.94%
6/27/2025,144.66,142.07,144.71,141.93,9.17M,1.39%
6/26/2025,142.67,141.91,143.4,141.26,5.41M,0.91%
6/25/2025,141.38,142.28,142.42,140.47,10.40M,-0.33%
6/24/2025,141.85,143.5,144.04,140.51,8.24M,-2.72%
6/23/2025,145.81,146.82,147.07,145.1,6.55M,-0.57%
6/20/2025,146.64,145.86,148.15,143.9,9.22M,0.53%
6/18/2025,145.87,148.56,149.26,145.66,7.12M,-1.76%
6/17/2025,148.48,147.43,149.18,145.81,7.25M,1.38%
6/16/2025,146.46,146.5,147.07,144.91,7.99M,0.53%
6/13/2025,145.69,144.02,146.02,142.32,11.77M,3.34%
6/12/2025,140.98,140.27,142.06,140.13,4.66M,-0.59%
6/11/2025,141.81,139,141.86,135.43,6.37M,2.38%
6/10/2025,138.52,140.5,141.12,137.94,6.30M,-1.74%
6/9/2025,140.98,139.2,141.09,138.28,7.10M,1.35%
6/6/2025,139.1,139.68,140.65,138.32,4.51M,0.02%
6/5/2025,139.07,139.2,139.32,138.24,3.51M,0.38%
6/4/2025,138.55,138.16,138.86,137.65,3.20M,0.76%
6/3/2025,137.5,137.41,138.79,136.43,3.49M,0.03%
6/2/2025,137.46,136.42,137.52,135.43,3.95M,0.72%
5/30/2025,136.48,135,137.3,134.37,8.20M,1.25%
5/29/2025,134.8,132.12,135.09,131.9,3.64M,1.47%
5/28/2025,132.85,134.64,135,130.9,5.43M,-1.00%
5/27/2025,134.19,134.49,134.9,132.15,5.16M,1.39%
5/23/2025,132.35,131.85,133.39,131.32,5.51M,-1.28%
5/22/2025,134.07,134.6,134.98,133.51,3.79M,-0.65%
5/21/2025,134.95,138.5,138.82,134.85,5.51M,-1.63%
5/20/2025,137.18,136.39,137.74,135.88,5.00M,-0.01%
5/19/2025,137.2,135.88,137.72,135.19,5.18M,1.27%
5/16/2025,135.48,135.71,136.4,134.48,4.78M,-0.03%
5/15/2025,135.52,131.94,135.65,131.75,6.77M,3.62%
5/14/2025,130.79,131.49,131.85,129.11,4.84M,0.05%
5/13/2025,130.72,131,132.04,130.46,4.33M,0.12%
5/12/2025,130.56,129.89,130.8,127.39,4.69M,1.47%
5/9/2025,128.67,128.85,128.85,126.03,4.86M,0.00%
5/8/2025,128.67,127.99,130.53,127.5,4.75M,0.92%
5/7/2025,127.5,127.81,128.81,127.38,4.03M,-0.51%
5/6/2025,128.16,127.58,128.67,126.91,2.60M,-0.33%
5/5/2025,128.59,130,130.05,128.28,3.29M,-1.24%
5/2/2025,130.21,129.38,131,127.85,5.00M,2.20%
5/1/2025,127.41,126.4,128.09,125.43,4.82M,1.01%
4/30/2025,126.13,125.79,126.57,123.6,5.67M,0.32%
4/29/2025,125.73,124.8,126.04,124.39,4.31M,0.75%
4/28/2025,124.8,125.93,126.31,123.68,5.46M,-0.34%
4/25/2025,125.22,122.73,125.5,122.41,6.21M,2.66%
4/24/2025,121.97,120.03,122.06,119.51,4.51M,1.41%
4/23/2025,120.28,117.38,122.62,117.28,10.46M,5.74%
4/22/2025,113.75,114.53,117.19,112.63,17.09M,-9.81%
4/21/2025,126.12,128.5,128.73,124.73,6.40M,-2.15%
4/17/2025,128.89,129.36,130.5,127.7,5.23M,-0.28%
4/16/2025,129.25,129.91,130.2,128.44,5.38M,0.47%
4/15/2025,128.64,128.5,129.95,128.24,6.32M,-0.39%
4/14/2025,129.14,129.25,129.95,128.28,4.10M,0.69%
4/11/2025,128.26,126.16,129.32,125,3.65M,0.94%
4/10/2025,127.07,126.91,129.29,123.77,6.46M,-1.06%
4/9/2025,128.43,119.02,128.93,118.17,6.75M,6.62%
4/8/2025,120.46,123.01,123.97,118.7,8.11M,2.68%
4/7/2025,117.32,113.92,119.92,112.27,8.77M,-0.11%
4/4/2025,117.45,126,126.38,117.35,8.53M,-9.81%
4/3/2025,130.23,131,133.71,129.94,4.61M,-2.19%
4/2/2025,133.15,131.36,133.68,131.21,3.35M,0.23%
4/1/2025,132.85,132.28,133.04,131.36,4.80M,0.29%
3/31/2025,132.46,131.06,133.14,130.58,5.52M,0.56%
3/28/2025,131.72,132.97,133.64,131.64,3.94M,-1.28%
3/27/2025,133.43,134.91,134.96,133.16,3.91M,-0.67%
3/26/2025,134.33,135.97,136.17,134.05,4.47M,-0.98%
3/25/2025,135.66,134.78,135.94,133.98,3.99M,0.72%
3/24/2025,134.69,132.66,134.89,131.94,5.53M,1.75%
3/21/2025,132.37,133.83,134.5,131.7,9.55M,-1.56%
3/20/2025,134.47,134.12,135.32,133.88,4.31M,-0.63%
3/19/2025,135.32,134.01,135.74,133.51,7.08M,1.98%
3/18/2025,132.69,132.07,133.27,131.71,4.13M,0.48%
3/17/2025,132.05,130,132.71,130,4.93M,1.58%
3/14/2025,129.99,128.94,130.69,128,5.38M,0.61%
3/13/2025,129.2,128.31,129.64,128,3.43M,0.97%
3/12/2025,127.96,128.35,128.55,126.81,4.70M,-0.12%
3/11/2025,128.11,128.69,129.05,127.1,4.41M,-0.32%
3/10/2025,128.52,127,129.84,126.41,4.92M,0.09%
3/7/2025,128.4,127,128.9,126.26,6.42M,0.09%
3/6/2025,128.28,128.61,128.86,125.96,6.26M,-1.05%
3/5/2025,129.64,129.48,130.54,128.23,5.77M,0.73%
3/4/2025,128.7,133.52,134.73,128.49,7.91M,-3.83%
3/3/2025,133.83,134.34,135.36,132.92,6.22M,0.63%
2/28/2025,132.99,131.29,133.09,130.62,7.46M,1.89%
2/27/2025,130.52,128.42,130.99,127.83,5.76M,2.52%
2/26/2025,127.31,127.52,128.33,126.83,3.90M,-0.02%
2/25/2025,127.34,125.91,127.93,125.66,6.01M,1.52%
2/24/2025,125.43,125,126.22,124.63,4.46M,1.74%
2/21/2025,123.29,124.56,125.48,122.68,4.85M,-1.45%
2/20/2025,125.11,124.76,125.31,123.19,3.13M,-0.24%
2/19/2025,125.41,124.41,126.61,124.1,5.12M,1.33%
2/18/2025,123.76,124.24,125.32,123.41,5.39M,1.10%
2/14/2025,122.41,125.45,125.45,121.38,7.72M,-2.73%
2/13/2025,125.84,127.54,127.64,125.26,6.58M,-0.74%
2/12/2025,126.78,127.81,128.6,126.44,5.16M,-1.80%
2/11/2025,129.11,129.1,129.42,127.8,3.32M,0.67%
2/10/2025,128.25,128.07,128.5,126.9,5.35M,0.23%
2/7/2025,127.95,128.8,129,127.33,3.83M,-0.64%
2/6/2025,128.78,129.06,129.74,127.53,3.36M,-0.29%
2/5/2025,129.16,129.66,129.89,128.29,4.88M,0.62%
2/4/2025,128.37,129.54,130.46,128.02,4.04M,-1.19%
2/3/2025,129.92,128.5,130.54,127.55,6.07M,0.75%
1/31/2025,128.95,129.14,129.93,127.51,5.57M,-0.02%
1/30/2025,128.98,125.66,129.22,125.55,4.34M,3.08%
1/29/2025,125.13,127.4,129.76,125.01,5.18M,-2.51%
1/28/2025,128.35,131.18,132.43,126.13,8.45M,2.64%
1/27/2025,125.05,126.62,127.99,124.38,6.21M,-0.21%
1/24/2025,125.31,125.52,126.28,125.08,3.48M,-0.78%
1/23/2025,126.29,125.76,127,124.7,5.50M,1.54%
1/22/2025,124.38,125.68,125.88,123.64,5.10M,-1.09%
1/21/2025,125.75,122.73,125.81,122.5,6.07M,3.83%
1/17/2025,121.11,120.6,121.35,119.86,4.37M,0.54%
1/16/2025,120.46,119.35,120.51,119.1,3.90M,1.15%
1/15/2025,119.09,120.15,120.37,118.17,4.28M,-0.32%
1/14/2025,119.47,118.76,119.52,118.18,3.80M,1.47%
1/13/2025,117.74,114.58,117.93,114.58,5.41M,2.28%
1/10/2025,115.11,115.84,116.53,114.81,4.29M,-0.70%
1/8/2025,115.92,114.93,116.2,114.41,4.29M,0.98%
1/7/2025,114.8,114.1,115.28,113.93,3.59M,0.61%
1/6/2025,114.1,116.28,116.28,113.73,3.83M,-1.53%
1/3/2025,115.87,116.3,116.67,115.83,2.90M,-0.12%
1/2/2025,116.01,116.97,117.45,115.54,3.21M,0.25%
12/31/2024,115.72,115.57,116.1,114.9,2.45M,0.43%
12/30/2024,115.22,115.44,115.92,114.53,2.82M,-1.28%
12/27/2024,116.71,116.27,117.53,115.84,3.85M,-0.28%
12/26/2024,117.04,116.77,117.62,116.39,2.15M,0.18%
12/24/2024,116.83,115.95,116.96,115.88,1.66M,0.17%
12/23/2024,116.63,116.19,116.89,115.79,3.59M,0.13%
12/20/2024,116.48,114.94,116.78,114.6,13.39M,0.88%
12/19/2024,115.46,115.7,117.25,115.25,5.45M,0.88%
12/18/2024,114.45,116.86,117.45,114.37,4.11M,-2.53%
12/17/2024,117.42,117.69,118.13,117,3.01M,-0.58%
12/16/2024,118.11,117.43,118.35,116.8,3.99M,0.31%
12/13/2024,117.75,116.26,117.93,115.97,5.06M,1.46%
12/12/2024,116.05,116.94,117.25,115.62,3.85M,-0.76%
12/11/2024,116.94,117.84,117.98,116.3,4.30M,-0.57%
12/10/2024,117.61,116.6,118.22,116,3.73M,0.88%
12/9/2024,116.58,117.35,117.85,114.22,7.26M,-1.20%
12/6/2024,117.99,118.02,118.35,117.4,4.79M,-0.45%
12/5/2024,118.52,118.8,119,117.69,3.33M,-0.60%
12/4/2024,119.23,117.76,119.37,117.5,3.77M,0.96%
12/3/2024,118.1,119.02,119.45,117.89,3.62M,-0.49%
12/2/2024,118.68,121.83,121.99,118.54,4.47M,-2.59%
11/29/2024,121.83,120.68,121.87,120.65,2.73M,1.24%
11/27/2024,120.34,121.04,121.75,120.32,3.60M,-0.22%
11/26/2024,120.61,118.87,121.04,118.59,3.18M,1.65%
11/25/2024,118.65,120.36,121,118.02,8.32M,-1.76%
11/22/2024,120.77,120.72,121.88,120.5,3.59M,0.20%
11/21/2024,120.53,119.6,120.88,118.86,4.85M,1.16%
11/20/2024,119.15,118.85,119.28,117.67,3.99M,0.16%
11/19/2024,118.96,121.24,121.35,118.5,4.65M,-0.36%
11/18/2024,119.39,118.37,119.72,118.37,4.46M,0.73%
11/15/2024,118.53,118.15,118.85,117.13,6.97M,-0.33%
11/14/2024,118.92,123.2,123.5,117.56,6.11M,-3.90%
11/13/2024,123.75,123.38,123.95,122.96,2.80M,0.31%
11/12/2024,123.37,124.89,125.28,122.29,3.90M,-0.96%
11/11/2024,124.56,124.07,125.54,124.02,4.01M,0.82%
11/8/2024,123.55,120.95,124.22,120.9,6.38M,2.89%
11/7/2024,120.08,122,122.25,119.96,4.42M,-1.24%
11/6/2024,121.59,122.55,122.86,120.26,9.63M,2.19%
11/5/2024,118.98,118.49,119.1,117.7,8.09M,0.83%
11/4/2024,118,119.07,119.63,117.83,6.86M,-0.63%
11/1/2024,118.75,121.5,121.62,118.74,5.24M,-1.85%
10/31/2024,120.99,121.3,122.09,120.58,4.11M,-0.71%
10/30/2024,121.86,122.34,122.81,121.75,4.85M,-0.76%
10/29/2024,122.79,125.41,125.5,122.68,5.10M,-2.10%
10/28/2024,125.43,125.23,125.91,124.63,4.45M,0.22%
10/25/2024,125.16,126.06,126.25,124.79,4.72M,-0.01%
10/24/2024,125.17,126.38,126.68,125.12,4.17M,-1.60%
10/23/2024,127.21,126.91,127.5,125.63,5.45M,1.34%
10/22/2024,125.53,127.99,128.7,123.53,5.75M,-0.29%
10/21/2024,125.9,125.9,126.43,124.7,4.77M,-0.02%
10/18/2024,125.92,126.15,126.27,125.04,4.36M,0.14%
10/17/2024,125.75,126.47,127,125.13,2.46M,-0.37%
10/16/2024,126.22,124.77,126.24,124.19,3.13M,0.95%
10/15/2024,125.03,125.97,126.82,124.69,7.52M,0.31%
10/14/2024,124.64,123.74,124.83,123.27,1.93M,0.57%
10/11/2024,123.93,123,123.93,122.9,2.56M,0.81%
10/10/2024,122.94,123.63,124.07,122.41,2.79M,-0.81%
10/9/2024,123.95,123.03,124.74,122.6,3.21M,0.36%
10/8/2024,123.5,125.43,125.93,123.27,3.19M,-1.24%
10/7/2024,125.05,124.85,125.68,124.25,4.61M,0.11%
10/4/2024,124.91,123.7,124.98,123.15,3.06M,1.00%
10/3/2024,123.67,124.5,124.9,123.2,4.77M,-0.30%
10/2/2024,124.04,125.22,125.53,123.64,3.80M,-0.28%
10/1/2024,124.39,121.18,124.59,120.14,7.21M,2.67%
9/30/2024,121.16,120.68,121.29,119.77,5.48M,0.64%
9/27/2024,120.39,119.94,121.24,119.62,7.94M,0.06%
9/26/2024,120.32,120.24,121.88,120.13,6.20M,-0.48%
9/25/2024,120.9,120.51,121.45,120.36,5.71M,0.72%
9/24/2024,120.04,120.13,120.25,119.08,5.84M,-0.19%
9/23/2024,120.27,118.67,120.48,118.21,6.76M,1.79%
9/20/2024,118.15,118.2,118.89,117.86,16.96M,-0.56%
9/19/2024,118.82,118.7,119.21,117.26,5.27M,0.66%
9/18/2024,118.04,118.97,119.61,117.77,4.44M,-0.58%
9/17/2024,118.73,118.5,119.04,117.75,5.10M,-0.39%
9/16/2024,119.2,119.97,120.55,118.06,6.03M,0.07%
9/13/2024,119.12,119.9,120.19,118.89,4.71M,-0.82%
9/12/2024,120.1,119,120.15,118.8,4.23M,0.70%
9/11/2024,119.26,119.87,119.87,117.35,4.86M,-0.86%
9/10/2024,120.3,121.51,121.71,119.91,3.81M,-0.71%
9/9/2024,121.16,119.64,121.33,119.17,4.49M,2.30%
9/6/2024,118.44,119.65,120.77,118.07,3.98M,-1.00%
9/5/2024,119.64,121.19,121.61,118.65,5.76M,-1.21%
9/4/2024,121.11,121.1,122.32,120.77,4.48M,0.10%
9/3/2024,120.99,123.12,123.66,120.68,5.54M,-1.91%
8/30/2024,123.34,122.05,123.7,121.96,6.37M,0.86%
8/29/2024,122.29,121.09,122.74,120.54,3.55M,1.20%
8/28/2024,120.84,119.77,121.35,119.68,4.29M,1.13%
8/27/2024,119.49,118.68,119.59,118.39,4.10M,0.67%
8/26/2024,118.7,118.69,119.73,118.39,6.26M,0.15%
8/23/2024,118.52,118.29,118.89,117.91,3.43M,0.42%
8/22/2024,118.02,117.36,118.06,117.18,3.74M,0.65%
8/21/2024,117.26,118.5,118.64,116.95,3.05M,-0.58%
8/20/2024,117.95,118.33,118.68,117.24,6.13M,-0.34%
8/19/2024,118.35,118,118.52,117.97,5.39M,0.34%
8/16/2024,117.95,117.87,118.62,117.57,5.25M,-0.35%
8/15/2024,118.36,118.51,118.99,117.53,5.63M,0.60%
8/14/2024,117.65,116.84,117.83,116.64,5.83M,0.68%
8/13/2024,116.86,116.79,117.26,116.07,5.91M,0.22%
8/12/2024,116.6,116.86,117.44,115.76,8.60M,0.39%
8/9/2024,116.15,115.04,116.29,114.87,5.53M,0.91%
8/8/2024,115.1,113.9,115.84,113.7,8.89M,0.83%
8/7/2024,114.15,114.3,115.98,113.61,5.55M,-0.22%
8/6/2024,114.4,115.59,116.82,114.11,4.64M,-0.67%
8/5/2024,115.17,115.11,116.44,114.37,5.89M,-1.09%
8/2/2024,116.44,116.25,118.3,115.07,4.58M,-0.26%
8/1/2024,116.74,117.72,117.99,116.06,5.14M,-0.64%
7/31/2024,117.49,117.5,118.22,116.46,6.78M,0.52%
7/30/2024,116.88,115.2,117.03,114.56,6.07M,2.13%
7/29/2024,114.44,114,114.63,113.3,4.14M,0.43%
7/26/2024,113.95,113.96,115.23,113.5,7.53M,0.42%
7/25/2024,113.47,110.23,115.82,109.45,15.00M,8.24%
7/24/2024,104.83,105.05,105.86,104.02,7.18M,-0.13%
7/23/2024,104.97,103.77,105.57,103.62,7.60M,1.16%
7/22/2024,103.77,102.68,103.82,102.62,6.21M,0.93%
7/19/2024,102.81,104.5,104.5,102.64,7.23M,-0.99%
7/18/2024,103.84,105,105.46,103.78,4.45M,-1.10%
7/17/2024,104.99,103.82,105.28,103.82,5.43M,1.26%
7/16/2024,103.68,101.87,103.69,101.75,4.34M,2.03%
7/15/2024,101.62,102.29,102.65,101.52,3.78M,0.34%
7/12/2024,101.28,102,102.85,101.02,6.00M,-0.43%
7/11/2024,101.72,100.52,102.65,100.22,7.60M,1.03%
7/10/2024,100.68,100.9,101.18,99.42,6.48M,-0.43%
7/9/2024,101.11,100.24,101.68,100.02,5.65M,1.01%
7/8/2024,100.1,100.65,101.21,99.98,8.74M,-0.27%
7/5/2024,100.37,100.49,100.57,99.56,6.15M,-0.37%
7/3/2024,100.74,100.9,101.04,100.38,2.15M,0.33%
7/2/2024,100.41,99.29,100.63,99.07,8.30M,0.86%
7/1/2024,99.55,100.88,101.68,99.31,4.48M,-0.84%
6/28/2024,100.39,100.9,100.9,100.06,13.85M,-0.23%
6/27/2024,100.62,101.47,101.78,100.43,6.96M,-0.63%
6/26/2024,101.26,100.93,101.39,100.15,6.95M,-0.31%
6/25/2024,101.57,101.39,102.7,100.03,10.31M,-0.38%
6/24/2024,101.96,105.74,107.47,100.94,13.70M,-3.46%
6/21/2024,105.61,105.19,106.19,104.68,13.31M,0.51%
6/20/2024,105.07,104.63,105.73,104.55,7.00M,0.29%
6/18/2024,104.77,104.57,105.31,104.38,3.99M,0.29%
6/17/2024,104.47,104,104.49,103.47,3.94M,0.23%
6/14/2024,104.23,104.59,104.99,103.44,4.92M,-0.76%
6/13/2024,105.03,106.57,106.86,103.84,7.11M,-1.63%
6/12/2024,106.77,107.01,107.72,106.58,3.43M,-0.14%
6/11/2024,106.92,106.39,107.14,106.14,5.77M,-0.16%
6/10/2024,107.09,108,108.1,106.67,5.92M,-0.94%
6/7/2024,108.11,108.1,108.56,107.88,3.53M,-0.06%
6/6/2024,108.18,108.38,108.47,107.75,3.88M,-0.24%
6/5/2024,108.44,108.01,108.51,107.48,3.14M,0.50%
6/4/2024,107.9,107.41,108.39,106.92,8.00M,0.49%
6/3/2024,107.37,107.24,108.65,106.82,5.91M,-0.41%
5/31/2024,107.81,105.82,107.88,105.46,10.41M,1.98%
5/30/2024,105.72,104.9,105.85,104.58,4.40M,1.10%
5/29/2024,104.57,105.02,105.22,104.5,4.80M,-0.90%
5/28/2024,105.52,106.03,106.35,105.28,5.14M,-0.71%
5/24/2024,106.27,105.83,106.57,105.83,3.43M,0.82%
5/23/2024,105.41,106.44,107.32,105.34,5.79M,-0.85%
5/22/2024,106.31,105.63,106.45,105.41,3.63M,0.83%
5/21/2024,105.43,105.2,105.93,105.1,4.75M,0.39%
5/20/2024,105.02,104.41,105.42,104.35,4.41M,0.81%
5/17/2024,104.18,104.69,104.78,103.71,8.50M,-0.06%
5/16/2024,104.24,104.5,105.36,104.15,8.72M,-1.05%
5/15/2024,105.35,105.49,105.98,105.14,5.69M,-0.33%
5/14/2024,105.7,105.8,106.29,105.65,3.73M,-0.09%
5/13/2024,105.8,106.44,107.82,105.68,6.05M,-0.49%
5/10/2024,106.32,106,106.53,105.54,5.63M,0.55%
5/9/2024,105.74,104.11,105.76,104.08,7.21M,1.73%
5/8/2024,103.94,103.24,104.09,102.81,5.18M,0.69%
5/7/2024,103.23,102.27,103.26,102.12,6.93M,1.30%
5/6/2024,101.91,101.79,102.05,101.61,3.41M,0.50%
5/3/2024,101.4,102,102.17,100.67,13.32M,-0.48%
5/2/2024,101.89,101.2,101.91,101.02,6.08M,0.66%
5/1/2024,101.22,101.32,102.03,101.14,9.98M,-0.30%
4/30/2024,101.52,102.34,102.82,101.47,5.42M,-0.90%
4/29/2024,102.44,101.85,102.61,101.65,4.47M,1.02%
4/26/2024,101.41,101.54,101.8,100.29,4.43M,-0.29%
4/25/2024,101.71,100.9,101.88,100.59,6.19M,0.68%
4/24/2024,101.02,101.72,101.89,100.01,7.72M,-0.36%
4/23/2024,101.38,101,103.89,99.88,8.57M,-0.18%
4/22/2024,101.56,102,102.25,101.36,7.59M,0.00%
4/19/2024,101.56,101.53,102.26,101.03,10.33M,0.84%
4/18/2024,100.71,100.52,101.9,100.51,4.24M,-0.04%
4/17/2024,100.75,101.26,101.79,100.15,5.38M,-0.09%
4/16/2024,100.84,100.25,101.32,100.23,7.09M,0.82%
4/15/2024,100.02,101.56,101.82,99.9,9.64M,-0.08%
4/12/2024,100.1,101.71,102.35,99.47,7.33M,-0.67%
4/11/2024,100.78,101.35,101.57,99.79,6.79M,-0.57%
4/10/2024,101.36,100.92,101.76,100.23,5.53M,-0.24%
4/9/2024,101.6,101.07,101.64,100.29,12.90M,-0.27%
4/8/2024,101.88,101.69,102.26,101.27,9.90M,0.19%
4/5/2024,101.69,99.45,101.75,99.45,10.22M,2.40%
4/4/2024,99.31,98.28,99.33,97.9,13.37M,1.80%
4/3/2024,97.55,97.27,98.06,97.03,14.05M,-1.01%
4/2/2024,98.55,97.76,98.7,97.58,6.76M,0.81%
4/1/2024,97.76,97.46,98.17,97.14,9.50M,0.24%
3/28/2024,97.53,97.69,98.08,97.47,10.70M,0.08%
3/27/2024,97.45,96.43,97.5,96.33,7.27M,1.45%
3/26/2024,96.06,95.63,96.54,95.58,5.47M,0.45%
3/25/2024,95.63,95.71,96.24,95.26,5.23M,0.09%
3/22/2024,95.54,94.19,95.82,94.19,6.80M,1.36%
3/21/2024,94.26,95,95.49,94.08,6.48M,-0.62%
3/20/2024,94.85,95,95.51,94.34,7.85M,-0.01%
3/19/2024,94.86,94.45,95.39,94.03,8.00M,1.50%
3/18/2024,93.46,92.84,93.92,92.35,7.08M,0.57%
3/15/2024,92.93,91.05,93.07,91.05,35.74M,1.28%
3/14/2024,91.76,92.06,93,91.48,12.16M,1.33%
3/13/2024,90.56,90.07,90.71,89.82,8.66M,0.68%
3/12/2024,89.95,90.87,91.06,89.44,9.44M,-1.59%
3/11/2024,91.4,90.19,91.83,90.19,7.27M,0.57%
3/8/2024,90.88,90.28,90.91,90.14,5.73M,0.36%
3/7/2024,90.55,90.53,91.24,90.03,6.78M,0.32%
3/6/2024,90.26,89.86,90.75,89.74,5.56M,0.22%
3/5/2024,90.06,89.71,90.86,89.6,6.75M,0.17%
3/4/2024,89.91,90.09,90.14,89.14,6.93M,0.12%
3/1/2024,89.8,89.72,90.04,88.95,13.57M,0.14%
2/29/2024,89.67,90.41,90.56,89.25,5.87M,-0.28%
2/28/2024,89.92,90.41,91.25,89.54,5.63M,-0.55%
2/27/2024,90.42,90.03,90.48,89.45,4.85M,0.44%
2/26/2024,90.02,90.06,90.85,89.93,5.29M,0.01%
2/23/2024,90.01,89.5,90.49,89.29,5.81M,0.54%
2/22/2024,89.53,89.72,89.83,88.9,7.60M,-0.75%
2/21/2024,90.21,90.97,91.45,90,13.19M,-0.85%
2/20/2024,90.98,91.5,92.29,90.58,6.02M,-0.03%
2/16/2024,91.01,91.35,92.09,90.95,4.95M,-0.85%
2/15/2024,91.79,91.41,92.25,91.3,5.27M,0.44%
2/14/2024,91.39,90.96,91.6,90.86,6.68M,0.88%
2/13/2024,90.59,91.2,91.72,89.86,6.04M,-0.60%
2/12/2024,91.14,90.51,91.91,90.23,5.48M,0.70%
2/9/2024,90.51,91.13,91.61,90.33,5.95M,-0.58%
2/8/2024,91.04,91.85,92.39,90.93,6.20M,-0.97%
2/7/2024,91.93,92.58,92.81,91.82,4.63M,-0.38%
2/6/2024,92.28,91.45,92.67,91.19,4.72M,0.04%
2/5/2024,92.24,91.26,92.65,90.89,6.76M,0.28%
2/2/2024,91.98,92.24,92.7,91.44,6.07M,-0.21%
2/1/2024,92.17,91.7,92.18,90.76,13.83M,1.15%
1/31/2024,91.12,90.86,91.86,90.69,5.56M,0.57%
1/30/2024,90.6,90.16,91.09,90.06,9.07M,0.58%
1/29/2024,90.08,90.44,90.68,89.69,8.49M,-0.37%
1/26/2024,90.41,90.69,91.22,90.14,5.99M,-0.58%
1/25/2024,90.94,90.25,91.11,89.58,10.58M,1.62%
1/24/2024,89.49,89.63,90.05,88.7,12.87M,-0.07%
1/23/2024,89.55,88.23,92.38,87.96,19.43M,5.33%
1/22/2024,85.02,85.81,86.18,85.01,14.05M,-0.60%
1/19/2024,85.53,85.59,85.79,84.43,7.51M,0.07%
1/18/2024,85.47,85.05,85.83,84.8,6.59M,0.49%
1/17/2024,85.05,85.43,86.81,84.92,7.67M,-0.53%
1/16/2024,85.5,86.11,86.28,85.04,9.57M,-0.96%
1/12/2024,86.33,86.56,86.73,85.99,5.28M,1.18%
1/11/2024,85.32,85.91,86.01,84.73,5.86M,-0.88%
1/10/2024,86.08,85.8,86.46,85.66,5.71M,0.33%
1/9/2024,85.8,85.76,85.97,84.97,5.40M,-0.05%
1/8/2024,85.84,84.91,86.18,84.72,7.63M,0.54%
1/5/2024,85.38,85.76,85.76,84.86,6.80M,-0.04%
1/4/2024,85.41,85.99,86.59,85.34,6.66M,-0.23%
1/3/2024,85.61,85.48,86.89,85.35,9.96M,0.46%
1/2/2024,85.22,84.05,86.01,83.96,10.46M,1.28%
12/29/2023,84.14,84.21,84.41,83.78,4.62M,-0.04%
12/28/2023,84.17,84.17,84.61,84.09,4.62M,0.00%
12/27/2023,84.17,83.9,84.46,83.69,5.44M,0.14%
12/26/2023,84.05,83.15,84.3,83.08,4.44M,0.99%
12/22/2023,83.23,82.09,83.86,82.04,9.77M,1.49%
12/21/2023,82.01,82.04,82.99,81.37,7.73M,0.45%
12/20/2023,81.64,82.2,82.89,81.56,6.96M,-1.19%
12/19/2023,82.62,80.92,82.66,80.92,9.91M,2.39%
12/18/2023,80.69,80.36,81.49,80.36,7.70M,0.51%
12/15/2023,80.28,81.74,81.99,79.67,19.20M,-1.93%
12/14/2023,81.86,83.87,84.09,81.41,11.12M,-1.63%
12/13/2023,83.22,81.19,83.39,80.52,8.06M,2.69%
12/12/2023,81.04,81.21,81.57,80.91,6.81M,-1.04%
12/11/2023,81.89,81.33,82.29,81.33,5.90M,0.70%
12/8/2023,81.32,81.69,82.1,81.15,5.54M,-0.22%
12/7/2023,81.5,83,83.15,81.43,5.44M,-1.46%
12/6/2023,82.71,82.62,83.43,82.33,6.13M,0.02%
12/5/2023,82.69,82.93,83.35,82.66,5.95M,-0.53%
12/4/2023,83.13,82.07,83.18,81.94,5.53M,0.98%
12/1/2023,82.32,81.48,82.4,81.37,5.49M,1.03%
11/30/2023,81.48,81.14,81.92,81.05,8.37M,0.65%
11/29/2023,80.95,80.22,81.33,80.12,6.85M,0.95%
11/28/2023,80.19,79.99,80.79,79.57,7.09M,0.91%
11/27/2023,79.47,79.76,79.99,79.13,9.38M,-0.64%
11/24/2023,79.98,79.82,80.09,79.43,2.35M,0.20%
11/22/2023,79.82,78.01,79.87,78,7.03M,2.14%
11/21/2023,78.15,78.93,79.1,78.11,7.13M,-1.29%
11/20/2023,79.17,79.56,79.82,78.99,8.36M,-0.64%
11/17/2023,79.68,80.64,80.68,79.42,7.89M,-0.69%
11/16/2023,80.23,80.47,80.83,79.93,7.58M,-0.50%
11/15/2023,80.63,80.51,81.25,79.78,10.76M,-0.07%
11/14/2023,80.69,82.18,82.25,80.61,13.13M,-1.63%
11/13/2023,82.03,82.26,82.81,81.6,7.74M,-0.23%
11/10/2023,82.22,82.76,82.86,81.78,10.35M,-0.25%
11/9/2023,82.43,83.66,83.85,82.14,9.64M,-0.93%
11/8/2023,83.2,82.85,83.28,82.51,9.84M,0.64%
11/7/2023,82.67,82.4,82.69,82.13,6.35M,0.33%
11/6/2023,82.4,82.7,82.95,82.06,5.95M,-0.39%
11/3/2023,82.72,83.17,83.86,82.67,21.27M,-0.07%
11/2/2023,82.78,82.35,83.2,82.23,15.76M,0.77%
11/1/2023,82.15,82,82.8,81.32,20.20M,0.93%
10/31/2023,81.39,78.85,81.55,78.73,18.66M,3.59%
10/30/2023,78.57,79.07,79.8,77.76,23.38M,-0.75%
10/27/2023,79.16,78.53,79.77,78.42,21.95M,0.01%
10/26/2023,79.15,78,79.83,77.91,33.22M,0.94%
10/25/2023,78.41,79.35,79.35,77.77,22.16M,0.04%
10/24/2023,78.38,78.75,78.8,76.96,25.55M,7.18%
10/23/2023,73.13,72.58,74.01,72.52,8.36M,0.80%
10/20/2023,72.55,74.09,74.15,72.48,8.00M,-1.81%
10/19/2023,73.89,73.98,74.85,73.85,7.42M,-0.47%
10/18/2023,74.24,74.01,74.89,73.92,7.79M,0.47%
10/17/2023,73.89,73.75,74.92,73.35,8.04M,-0.12%
10/16/2023,73.98,73.64,74.1,72.59,6.30M,1.00%
10/13/2023,73.25,73.93,74.4,73.1,8.67M,-0.07%
10/12/2023,73.3,73.41,73.55,72.29,6.92M,-0.01%
10/11/2023,73.31,73.33,73.33,72.62,7.35M,-0.05%
10/10/2023,73.35,73.46,73.66,72.65,10.63M,0.49%
10/9/2023,72.99,73.2,73.25,71.82,13.73M,4.62%
10/6/2023,69.77,69.1,70.39,68.56,8.54M,0.56%
10/5/2023,69.38,70.16,70.37,69.26,7.40M,-1.06%
10/4/2023,70.12,70.13,70.21,69.22,10.26M,-0.65%
10/3/2023,70.58,71.41,72.25,70.43,8.18M,-1.07%
10/2/2023,71.34,71.74,71.94,70.9,6.79M,-0.88%
9/29/2023,71.97,72.3,72.52,71.56,6.37M,-0.04%
9/28/2023,72,72.22,73.08,71.95,8.49M,-1.21%
9/27/2023,72.88,72.75,73.33,72.45,9.39M,0.86%
9/26/2023,72.26,71.43,72.42,71.32,10.32M,0.29%
9/25/2023,72.05,71.3,72.1,71.02,10.43M,0.66%
9/22/2023,71.58,72.61,72.69,71.43,9.67M,-1.46%
9/21/2023,72.64,74.28,74.45,72.44,12.46M,-2.40%
9/20/2023,74.43,75.95,76.16,74.38,10.82M,-0.87%
9/19/2023,75.08,74.98,75.43,74.42,11.39M,-0.13%
9/18/2023,75.18,75.91,76.51,75.12,9.85M,-0.82%
9/15/2023,75.8,75.1,76.4,75.08,16.05M,0.40%
9/14/2023,75.5,73.68,75.64,73.62,15.60M,-0.08%
9/13/2023,75.56,75.56,76.66,75.46,11.61M,0.00%
9/12/2023,75.56,74.7,75.71,73.66,17.93M,-1.74%
9/11/2023,76.9,80.2,80.5,75.99,24.52M,-7.88%
9/8/2023,83.48,84.33,84.4,82.94,5.99M,-1.01%
9/7/2023,84.33,83.81,84.41,83.7,6.38M,0.98%
9/6/2023,83.51,84.87,84.97,83.25,7.53M,-1.81%
9/5/2023,85.05,86.25,86.3,85.02,4.97M,-1.43%
9/1/2023,86.28,86.61,86.68,85.89,2.58M,0.28%
8/31/2023,86.04,86.7,87.02,86.03,4.91M,-0.45%
8/30/2023,86.43,85.64,86.73,85.55,4.47M,1.27%
8/29/2023,85.35,85.76,86.14,85.26,5.13M,-0.45%
8/28/2023,85.74,84.84,86.05,84.81,4.83M,1.24%
8/25/2023,84.69,85.51,85.73,84.65,4.74M,-0.54%
8/24/2023,85.15,85.5,86.16,85.15,3.91M,-1.03%
8/23/2023,86.04,85.55,86.15,85.29,4.46M,0.83%
8/22/2023,85.33,85.82,85.82,85.06,3.93M,-0.22%
8/21/2023,85.52,85.62,86.01,85.21,4.49M,-0.33%
8/18/2023,85.8,84.64,86.23,84.62,8.15M,0.76%
8/17/2023,85.15,84.96,85.72,84.53,5.09M,0.01%
8/16/2023,85.14,85.54,85.79,85.09,4.21M,-0.61%
8/15/2023,85.66,86.12,86.23,85.59,4.17M,-0.90%
8/14/2023,86.44,86.84,87.11,86.23,3.52M,-0.46%
8/11/2023,86.84,85.92,86.87,85.9,3.78M,0.72%
8/10/2023,86.22,87.32,88.07,86.1,5.36M,-1.77%
8/9/2023,87.77,86.08,87.9,85.96,8.80M,1.81%
8/8/2023,86.21,85.01,86.43,84.66,7.22M,0.87%
8/7/2023,85.47,84.75,85.76,84.71,6.74M,1.09%
8/4/2023,84.55,85.05,85.2,84.34,5.57M,-0.14%
8/3/2023,84.67,85.53,85.76,84.36,7.95M,-0.92%
8/2/2023,85.46,87.5,87.92,85.27,8.62M,-2.85%
8/1/2023,87.97,87.15,88.21,87.07,6.79M,0.05%
7/31/2023,87.93,87.45,88.69,87.22,10.18M,0.68%
7/28/2023,87.34,85.5,87.55,85.4,11.62M,2.55%
7/27/2023,85.17,85.8,87.22,84.43,14.09M,-1.31%
7/26/2023,86.3,86.82,87.2,84.86,20.12M,-0.92%
7/25/2023,87.1,85.86,87.25,81.35,49.63M,-10.22%
7/24/2023,97.01,96.9,97.18,96.51,4.74M,0.64%
7/21/2023,96.39,97.2,97.44,96.37,3.27M,-0.79%
7/20/2023,97.16,96.2,97.28,95.96,4.31M,1.66%
7/19/2023,95.57,95.84,96.47,95.26,4.13M,-0.20%
7/18/2023,95.76,96.42,97.68,95.49,5.46M,-0.58%
7/17/2023,96.32,96.09,96.88,95.6,3.27M,0.16%
7/14/2023,96.17,97.09,97.15,95.73,3.45M,-1.03%
7/13/2023,97.17,96.59,97.46,96.29,3.36M,0.36%
7/12/2023,96.82,98.64,98.8,96.72,4.94M,-1.23%
7/11/2023,98.03,97.1,98.09,96.54,6.21M,0.56%
7/10/2023,97.48,97.41,98.33,97.27,3.30M,0.06%
7/7/2023,97.42,98.08,98.47,97.37,4.57M,-0.64%
7/6/2023,98.05,97.9,98.74,97.35,3.68M,-0.19%
7/5/2023,98.24,98.02,98.46,97.43,3.25M,-0.15%
7/3/2023,98.39,97.49,98.83,97.32,2.15M,0.44%
6/30/2023,97.96,98.1,98.39,97.28,4.40M,0.16%
6/29/2023,97.8,96,97.89,95.85,4.07M,2.01%
6/28/2023,95.87,96.39,96.4,95.12,4.01M,-0.68%
6/27/2023,96.53,96.35,96.75,95.85,4.05M,-0.02%
6/26/2023,96.55,95.98,96.61,94.75,3.99M,-0.37%
6/23/2023,96.91,96.7,97.29,96.34,6.21M,-0.01%
6/22/2023,96.92,98.6,98.63,96.6,4.53M,-2.17%
6/21/2023,99.07,97.7,99.95,97.39,4.78M,1.40%
6/20/2023,97.7,98.4,98.96,97.54,6.94M,-0.04%
6/16/2023,97.74,98.2,99.01,96.81,9.04M,-0.27%
6/15/2023,98,97.18,98.37,97.04,4.53M,1.18%
6/14/2023,96.86,99.71,99.82,96.55,6.36M,-2.84%
6/13/2023,99.69,100,100.68,99.52,4.05M,0.27%
6/12/2023,99.42,99.39,99.79,99.05,3.53M,0.08%
6/9/2023,99.34,99.43,99.5,98.85,2.52M,0.26%
6/8/2023,99.08,98.43,99.53,98.19,3.27M,0.50%
6/7/2023,98.59,97.54,98.79,96.63,4.28M,1.18%
6/6/2023,97.44,96.14,97.69,95.36,4.95M,1.77%
6/5/2023,95.75,96.61,96.94,95.65,4.09M,-0.34%
6/2/2023,96.08,94.96,96.42,94.6,5.56M,2.12%
6/1/2023,94.09,92.28,94.14,92.25,5.64M,2.12%
5/31/2023,92.14,92.37,92.87,91.95,9.97M,-0.73%
5/30/2023,92.82,93.01,93.56,92.31,4.56M,-0.47%
5/26/2023,93.26,93.72,94.64,93.12,4.06M,0.15%
5/25/2023,93.12,93.51,93.72,92.06,5.34M,-0.58%
5/24/2023,93.66,93.78,94.59,93.15,3.67M,-0.45%
5/23/2023,94.08,94.83,95.26,94.07,4.39M,-1.65%
5/22/2023,95.66,95.9,96.28,95.04,3.98M,-0.49%
5/19/2023,96.13,96.59,96.8,95.5,3.53M,0.00%
5/18/2023,96.13,95.79,96.4,95.08,4.28M,-0.46%
5/17/2023,96.57,95.76,97.36,95.76,4.63M,1.16%
5/16/2023,95.46,96.55,96.55,95.42,2.54M,-1.28%
5/15/2023,96.7,95.97,96.73,95.85,2.56M,0.74%
5/12/2023,95.99,95.97,96.56,95.67,2.76M,0.47%
5/11/2023,95.54,95.66,96.18,94.92,3.33M,-0.79%
5/10/2023,96.3,96.82,97,95.41,3.33M,0.03%
5/9/2023,96.27,95.63,96.78,95.32,2.93M,0.76%
5/8/2023,95.54,96.69,97.44,95.44,4.24M,-1.08%
5/5/2023,96.58,96.33,96.79,95.71,3.26M,0.69%
5/4/2023,95.92,97,97.26,94.86,4.41M,-1.28%
5/3/2023,97.16,98.81,99.16,97.04,3.61M,-1.73%
5/2/2023,98.87,100.16,100.16,98.27,3.38M,-1.46%
5/1/2023,100.33,99.93,101.38,99.83,3.48M,0.43%
4/28/2023,99.9,99.07,99.91,98.79,2.87M,0.51%
4/27/2023,99.39,97.68,99.7,97.44,4.01M,1.75%
4/26/2023,97.68,100.47,100.79,97.18,5.22M,-3.37%
4/25/2023,101.09,101.69,102.62,100.02,4.64M,-1.34%
4/24/2023,102.46,102.37,102.63,101.62,3.96M,0.21%
4/21/2023,102.25,103.01,103.24,101.87,3.32M,-0.57%
4/20/2023,102.84,103.11,103.32,102.31,3.94M,-1.20%
4/19/2023,104.09,104.63,104.91,103.86,5.00M,-0.54%
4/18/2023,104.66,103.38,104.71,103.21,4.95M,1.50%
4/17/2023,103.11,101.91,103.29,101.8,4.01M,1.41%
4/14/2023,101.68,101.19,101.71,100.97,3.02M,0.00%
4/13/2023,101.68,101.15,101.86,100.5,3.93M,0.16%
4/12/2023,101.52,101,102.35,100.83,4.71M,1.81%
4/11/2023,99.72,99.72,100.54,99.41,3.41M,0.10%
4/10/2023,99.62,97.96,99.77,97.65,3.95M,1.44%
4/6/2023,98.21,98.77,99.52,98.06,3.43M,-0.56%
4/5/2023,98.76,99.24,99.59,98.7,3.84M,-0.75%
4/4/2023,99.51,100.58,101.46,99.09,3.24M,-1.06%
4/3/2023,100.58,98.27,100.84,98.1,4.31M,2.71%
3/31/2023,97.93,97.98,98.05,97.49,4.65M,0.58%
3/30/2023,97.37,97.7,97.85,97.19,5.30M,-0.34%
3/29/2023,97.7,97.2,97.78,97.2,3.19M,0.93%
3/28/2023,96.8,96.79,97.12,96.61,2.32M,-0.11%
3/27/2023,96.91,97.41,97.41,96.39,3.59M,0.49%
3/24/2023,96.44,95.41,96.68,94.94,4.71M,0.46%
3/23/2023,96,97.3,97.45,95.65,4.35M,-0.72%
3/22/2023,96.7,98.27,98.56,96.69,4.04M,-1.34%
3/21/2023,98.01,98.97,99.3,97.97,5.14M,0.49%
3/20/2023,97.53,96.41,97.81,96.31,3.97M,1.86%
3/17/2023,95.75,97.76,97.77,95.49,8.16M,-2.38%
3/16/2023,98.08,95.35,98.64,95,4.65M,2.35%
3/15/2023,95.83,96.96,97.26,94.74,5.76M,-2.53%
3/14/2023,98.32,98.27,99.14,97.42,6.41M,0.88%
3/13/2023,97.46,94.89,98.24,94.73,7.76M,1.52%
3/10/2023,96,95.65,97.05,95.21,6.34M,0.07%
3/9/2023,95.93,97.98,97.98,95.52,4.91M,-1.51%
3/8/2023,97.4,98,98.61,96.66,4.30M,-0.79%
3/7/2023,98.18,99.71,99.93,98.17,5.14M,-1.34%
3/6/2023,99.51,99.02,100.09,98.84,5.06M,0.49%
3/3/2023,99.02,99.18,99.32,98.26,5.07M,0.02%
3/2/2023,99,97.5,99.32,97.5,4.13M,0.98%
3/1/2023,98.04,98.04,98.57,97.5,3.74M,-0.05%
2/28/2023,98.09,99.27,99.47,97.82,4.47M,-1.08%
2/27/2023,99.16,99.98,100.03,99.02,2.99M,-0.46%
2/24/2023,99.62,99.3,99.63,98.39,3.92M,-0.02%
2/23/2023,99.64,100.52,100.65,98.8,3.23M,-0.87%
2/22/2023,100.51,100.73,101.12,99.83,4.49M,-0.14%
2/21/2023,100.65,102.2,102.65,100.38,3.85M,-0.85%
2/17/2023,101.51,100.85,101.6,100.31,6.51M,0.53%
2/16/2023,100.97,100.41,101.46,99.93,3.52M,-0.48%
2/15/2023,101.46,101,101.53,100.7,2.55M,0.09%
2/14/2023,101.37,100.26,102.06,100.25,3.70M,0.81%
2/13/2023,100.56,101.12,101.42,100.11,5.24M,-0.05%
2/10/2023,100.61,98.23,100.7,98.2,5.29M,2.82%
2/9/2023,97.85,98.05,98.51,97.29,3.67M,0.20%
2/8/2023,97.65,97.34,98.25,97.25,3.79M,-0.22%
2/7/2023,97.87,97.16,98.2,95.8,3.81M,0.24%
2/6/2023,97.64,96.75,97.99,96.7,5.24M,1.20%
2/3/2023,96.48,96.76,97.79,96.39,3.84M,-0.50%
2/2/2023,96.96,98.29,98.42,96.58,6.04M,-1.48%
2/1/2023,98.42,99.93,99.99,97.6,5.16M,-1.43%
1/31/2023,99.85,98.8,99.98,98.23,4.10M,1.15%
1/30/2023,98.71,99.5,99.8,97.86,4.61M,-0.89%
1/27/2023,99.6,99.85,100.54,99.33,3.37M,-0.65%
1/26/2023,100.25,100.68,100.93,99.13,4.30M,0.24%
1/25/2023,100.01,99.3,100.01,97.58,5.97M,0.54%
1/24/2023,99.47,98.87,99.82,94.02,8.31M,3.35%
1/23/2023,96.25,94.8,96.93,94.51,5.69M,2.00%
1/20/2023,94.36,94.15,94.44,93.34,8.22M,0.13%
1/19/2023,94.24,95.23,95.53,94.16,4.64M,-1.57%
1/18/2023,95.74,98.66,98.66,95.67,5.32M,-2.73%
1/17/2023,98.43,99.25,99.65,98.36,3.96M,-0.25%
1/13/2023,98.68,97.74,99.05,97.51,4.97M,-1.99%
1/12/2023,100.68,99.85,100.74,99.53,4.22M,1.09%
1/11/2023,99.59,100.12,100.33,98.93,4.52M,-0.33%
1/10/2023,99.92,99.42,101.08,99.02,4.70M,0.32%
1/9/2023,99.6,102.73,102.78,98.78,6.38M,-2.79%
1/6/2023,102.46,101.9,103.95,101.3,6.41M,1.57%
1/5/2023,100.88,100.27,101.46,99.66,4.97M,0.04%
1/4/2023,100.84,100.51,102.1,100.41,5.64M,0.03%
1/3/2023,100.81,100.99,101.22,100.1,3.53M,-0.11%
12/30/2022,100.92,100.28,101.01,99.78,2.98M,0.59%
12/29/2022,100.33,99.23,100.6,99.08,2.94M,1.20%
12/28/2022,99.14,99.75,100.34,99.11,2.42M,-0.52%
12/27/2022,99.66,99.6,100.24,99.33,2.60M,0.36%
12/23/2022,99.3,98.51,99.41,98.03,2.12M,0.80%
12/22/2022,98.51,99.46,99.61,96.98,3.17M,-1.25%
12/21/2022,99.76,99.02,99.85,98.7,3.61M,1.61%
12/20/2022,98.18,97.4,98.96,97.29,3.91M,0.66%
12/19/2022,97.54,98.5,99.2,97.12,4.73M,-0.81%
12/16/2022,98.34,97.46,98.63,96.26,7.61M,-0.15%
12/15/2022,98.49,99.75,99.79,97.3,4.84M,-1.46%
12/14/2022,99.95,100.29,100.9,99.42,4.94M,0.06%
12/13/2022,99.89,101.57,101.96,99.66,7.10M,0.33%
12/12/2022,99.56,98.6,99.61,98.5,4.58M,1.31%
12/9/2022,98.27,99.24,100.34,98.23,3.33M,-1.23%
12/8/2022,99.49,99.64,100.28,99.18,2.78M,0.45%
12/7/2022,99.04,98.89,99.63,98.47,3.22M,0.31%
12/6/2022,98.73,101.32,101.49,98.17,3.81M,-1.94%
12/5/2022,100.68,99.74,101.29,99.5,4.53M,-0.33%
12/2/2022,101.01,98.68,101.15,98.68,4.34M,1.52%
12/1/2022,99.5,99.12,99.96,98.47,4.08M,0.79%
11/30/2022,98.72,97.52,98.84,96.04,6.19M,1.32%
11/29/2022,97.43,96.8,97.91,96.61,2.92M,0.55%
11/28/2022,96.9,97.07,98,96.46,4.66M,-0.58%
11/25/2022,97.47,97.35,97.8,97.18,1.31M,0.35%
11/23/2022,97.13,96.84,97.22,96.61,2.17M,0.29%
11/22/2022,96.85,97.06,97.59,96.51,3.03M,0.68%
11/21/2022,96.2,95.26,96.49,94.94,3.27M,0.88%
11/18/2022,95.36,95.7,96.67,95.21,4.07M,0.88%
11/17/2022,94.53,93.01,94.64,92.88,3.26M,0.19%
11/16/2022,94.35,95.57,96.26,94.25,4.81M,-1.50%
11/15/2022,95.79,93.62,95.95,93.34,7.51M,3.06%
11/14/2022,92.95,93.65,94.54,92.92,4.94M,-0.75%
11/11/2022,93.65,97.14,97.2,92.78,6.94M,-4.28%
11/10/2022,97.84,96.9,98.01,95.7,4.76M,2.85%
11/9/2022,95.13,95.84,96.43,95.01,3.48M,-1.18%
11/8/2022,96.27,96.23,96.64,95.06,3.93M,0.10%
11/7/2022,96.17,95.69,96.35,95.35,3.30M,1.00%
11/4/2022,95.22,95.37,95.9,93.38,4.25M,0.44%
11/3/2022,94.8,93.38,95.83,93.03,4.14M,0.69%
11/2/2022,94.15,95.15,96.65,94.03,5.33M,-1.47%
11/1/2022,95.55,95.33,96.07,95.04,5.22M,0.77%
10/31/2022,94.82,94.73,95.11,93.85,4.93M,-0.27%
10/28/2022,95.08,92.5,95.16,92.07,6.36M,3.57%
10/27/2022,91.8,90.94,93.38,90.91,6.42M,1.41%
10/26/2022,90.52,88.6,92.2,88.6,6.67M,2.44%
10/25/2022,88.36,88.49,89,85.85,7.56M,-1.53%
10/24/2022,89.73,89.1,90.45,89,7.73M,1.34%
10/21/2022,88.54,87.26,88.9,86.47,5.42M,1.49%
10/20/2022,87.24,87.81,88.44,86.8,3.66M,-0.45%
10/19/2022,87.63,87.15,88.95,86.85,4.57M,0.31%
10/18/2022,87.36,85.92,88.05,85.42,5.78M,3.42%
10/17/2022,84.47,84.21,85.44,83.83,4.44M,2.28%
10/14/2022,82.59,85.42,85.42,82.15,4.61M,-2.69%
10/13/2022,84.87,81.45,85.14,80.99,5.05M,2.27%
10/12/2022,82.99,84.51,84.63,82.93,5.49M,-1.89%
10/11/2022,84.59,83.74,85.54,83.31,4.55M,0.51%
10/10/2022,84.16,84.83,85.97,83.61,3.65M,0.18%
10/7/2022,84.01,83.76,84.09,82.71,4.42M,-0.32%
10/6/2022,84.28,84.78,85.47,84.02,3.19M,-1.09%
10/5/2022,85.21,84.56,85.98,84.12,3.80M,-0.37%
10/4/2022,85.53,84.25,86.29,84.03,4.43M,2.91%
10/3/2022,83.11,82.91,84.07,82.01,4.30M,1.53%
9/30/2022,81.86,82.44,82.87,81.77,6.40M,-0.58%
9/29/2022,82.34,82.67,82.96,81.42,6.99M,-1.15%
9/28/2022,83.3,81.22,83.88,80.79,6.07M,2.84%
9/27/2022,81,81.57,82.05,80.27,6.12M,-0.11%
9/26/2022,81.09,81.59,82.39,80.73,4.84M,-1.15%
9/23/2022,82.03,82.87,83.03,80.76,6.73M,-1.70%
9/22/2022,83.45,84,84.53,83.2,4.95M,-1.03%
9/21/2022,84.32,87.16,87.99,84.28,7.05M,-0.97%
9/20/2022,85.15,84.57,85.48,83.72,3.86M,0.24%
9/19/2022,84.95,84.45,85.33,84.04,5.59M,-0.29%
9/16/2022,85.2,84.82,86.19,84.5,8.21M,-0.48%
9/15/2022,85.61,86.05,86.95,85.13,5.05M,-0.91%
9/14/2022,86.4,84.3,87.55,83.29,7.74M,3.20%
9/13/2022,83.72,86.15,86.94,83.34,5.87M,-4.65%
9/12/2022,87.8,88.34,88.69,87.51,5.44M,-0.27%
9/9/2022,88.04,87.1,88.36,86.49,4.13M,1.71%
9/8/2022,86.56,86.85,87.09,85.45,5.76M,-1.02%
9/7/2022,87.45,86.32,87.71,85.35,5.33M,0.33%
9/6/2022,87.16,87.71,88.36,86.59,4.56M,-0.49%
9/2/2022,87.59,88.97,89.76,87.29,4.17M,-0.50%
9/1/2022,88.03,89.41,89.55,87.48,6.15M,-1.92%
8/31/2022,89.75,90.99,91.24,89.71,4.67M,-1.19%
8/30/2022,90.83,92.39,92.5,90.33,3.46M,-1.40%
8/29/2022,92.12,92.66,92.99,91.28,3.80M,-1.50%
8/26/2022,93.52,96.62,96.83,93.49,2.81M,-2.72%
8/25/2022,96.13,93.83,96.22,93.76,4.26M,3.02%
8/24/2022,93.31,92.97,93.58,92.8,3.07M,0.95%
8/23/2022,92.43,91.93,92.65,91.76,2.63M,0.71%
8/22/2022,91.78,92.31,92.95,91.65,5.77M,-1.73%
8/19/2022,93.4,94.25,95.01,93.14,5.02M,-1.38%
8/18/2022,94.71,94.85,95.02,94.24,2.69M,-0.29%
8/17/2022,94.99,94.11,95.64,93.81,3.31M,-0.06%
8/16/2022,95.05,95.71,96.25,94.88,5.85M,-1.12%
8/15/2022,96.13,94.34,96.15,93.95,3.38M,1.18%
8/12/2022,95.01,93.28,95.07,93.28,3.65M,2.00%
8/11/2022,93.15,93.74,94.45,93.06,3.49M,-0.29%
8/10/2022,93.42,92.97,93.72,92.45,3.35M,1.61%
8/9/2022,91.94,91.51,92.29,91.06,3.14M,0.81%
8/8/2022,91.2,93.7,93.7,90.96,4.61M,-1.97%
8/5/2022,93.03,92.16,93.1,91.84,3.32M,0.27%
8/4/2022,92.78,94.64,94.86,92.72,4.44M,-1.85%
8/3/2022,94.53,93.75,94.93,92.41,4.49M,0.83%
8/2/2022,93.75,93.74,94.78,92.69,4.07M,0.55%
8/1/2022,93.24,93.59,94.96,93.09,5.62M,0.03%
7/29/2022,93.21,91.98,93.39,91.89,4.85M,0.89%
7/28/2022,92.39,90.25,92.67,90.25,4.49M,2.35%
7/27/2022,90.27,90.83,90.83,89.06,5.56M,0.03%
7/26/2022,90.24,92.51,93.37,90.19,8.25M,-4.58%
7/25/2022,94.57,94.61,95.41,94.03,4.77M,0.38%
7/22/2022,94.21,95.15,95.71,93.96,3.25M,-0.72%
7/21/2022,94.89,94.58,95.04,93.58,3.12M,0.06%
7/20/2022,94.83,93.6,95.14,93.13,3.85M,1.08%
7/19/2022,93.82,89.26,94.01,89.21,5.03M,4.48%
7/18/2022,89.8,92.24,92.32,89.48,5.36M,-1.57%
7/15/2022,91.23,91,91.46,90.3,3.97M,1.28%
7/14/2022,90.08,90.04,90.7,89.05,5.03M,-1.88%
7/13/2022,91.81,92.81,94.33,91.71,5.65M,-2.85%
7/12/2022,94.5,94.16,95.25,93.81,4.67M,-0.22%
7/11/2022,94.71,94.29,95.14,94.05,2.50M,-0.43%
7/8/2022,95.12,94.29,95.72,93.94,2.76M,1.26%
7/7/2022,93.94,94.55,95,93.81,3.21M,0.02%
7/6/2022,93.92,93,94.72,92.24,4.29M,1.08%
7/5/2022,92.92,94.92,95.45,91.41,4.94M,-4.23%
7/1/2022,97.02,96.05,97.32,95.34,4.22M,0.95%
6/30/2022,96.11,92.97,96.27,92.71,6.32M,3.01%
6/29/2022,93.3,94.22,94.3,92.3,2.50M,-0.51%
6/28/2022,93.78,95.43,96.79,93.68,3.36M,-1.09%
6/27/2022,94.81,94.44,95.05,93.84,2.94M,0.65%
6/24/2022,94.2,92.5,94.37,91.88,4.78M,2.66%
6/23/2022,91.76,92.5,93.32,90.77,3.31M,-0.86%
6/22/2022,92.56,91.2,93.82,91.08,4.48M,-0.39%
6/21/2022,92.92,90.85,93.35,90.11,5.83M,4.55%
6/17/2022,88.88,89.46,90,87.61,7.58M,-0.71%
6/16/2022,89.52,91.05,91.18,89.01,4.52M,-2.99%
6/15/2022,92.28,92.1,93.19,90.8,4.14M,1.05%
6/14/2022,91.32,92.43,92.71,90.73,3.98M,-0.69%
6/13/2022,91.95,93.49,93.53,91.38,5.42M,-3.71%
6/10/2022,95.49,95.82,96.69,94.45,5.62M,-1.94%
6/9/2022,97.38,98.33,99.17,97.32,4.57M,-1.86%
6/8/2022,99.23,99.73,100.33,98.96,6.67M,-1.27%
6/7/2022,100.51,97.18,100.68,96.66,5.63M,3.39%
6/6/2022,97.21,96.99,97.49,96.39,3.08M,0.91%
6/3/2022,96.33,95.36,96.62,95.29,2.84M,0.09%
6/2/2022,96.24,95.77,96.31,94.06,3.46M,1.51%
6/1/2022,94.81,96.01,96.28,94.1,4.25M,-0.33%
5/31/2022,95.12,95.36,95.97,94.63,6.48M,-1.64%
5/27/2022,96.71,95.63,96.72,95.2,3.39M,1.80%
5/26/2022,95,94.52,95.86,94.11,5.55M,1.54%
5/25/2022,93.56,93.32,94.1,92.59,3.74M,0.38%
5/24/2022,93.21,91.2,93.42,90.47,5.93M,1.50%
5/23/2022,91.83,90.6,92.02,90,4.70M,1.94%
5/20/2022,90.08,90.84,91.17,88.43,6.59M,-0.19%
5/19/2022,90.25,91.38,92.46,89.54,5.23M,-2.55%
5/18/2022,92.61,94.33,95.2,92.28,5.84M,-2.46%
5/17/2022,94.95,94.33,95.14,93.5,4.45M,2.67%
5/16/2022,92.48,91.85,93.54,91.81,5.16M,0.61%
5/13/2022,91.92,92.05,92.61,91.09,5.47M,0.48%
5/12/2022,91.48,90.85,92.47,89.94,6.36M,0.53%
5/11/2022,91,91.27,94.13,90.81,6.49M,-0.75%
5/10/2022,91.69,92.44,93.86,91.36,7.53M,-0.07%
5/9/2022,91.75,94.53,94.79,91.25,6.07M,-3.73%
5/6/2022,95.3,95.71,96.05,93.72,5.29M,-1.06%
5/5/2022,96.32,97.8,98.2,95.41,5.91M,-1.47%
5/4/2022,97.76,94.99,98.02,94.95,6.16M,2.47%
5/3/2022,95.4,95.18,96.13,94.32,5.61M,1.25%
5/2/2022,94.22,94.51,95.33,92.4,7.87M,-0.73%
4/29/2022,94.91,98.47,98.89,94.61,5.88M,-3.23%
4/28/2022,98.08,99,99.26,96.9,6.55M,-0.77%
4/27/2022,98.84,99.22,99.91,97.6,6.63M,-0.35%
4/26/2022,99.19,96.9,100.95,96.78,7.20M,-0.42%
4/25/2022,99.61,99.85,99.92,97.57,5.61M,-0.88%
4/22/2022,100.49,101.45,102.56,100.37,4.68M,-1.22%
4/21/2022,101.73,105.85,106.02,101.4,5.80M,-3.09%
4/20/2022,104.97,105.68,106.02,104.28,4.23M,0.40%
4/19/2022,104.55,104.44,105.66,104.16,4.57M,0.24%
4/18/2022,104.3,104.26,105.46,103.91,3.87M,0.03%
4/14/2022,104.27,103.89,104.98,103.67,4.03M,0.87%
4/13/2022,103.37,103.32,104.45,102.64,5.35M,0.75%
4/12/2022,102.6,102.18,103.97,102.07,4.84M,0.48%
4/11/2022,102.11,100.64,102.95,100.64,5.71M,1.70%
4/8/2022,100.4,101.98,102.74,100.07,4.81M,-0.57%
4/7/2022,100.98,98.25,101.27,97.9,6.15M,2.56%
4/6/2022,98.46,98.32,99.28,98.13,5.26M,-0.35%
4/5/2022,98.81,99.48,100.51,98.61,4.22M,-0.49%
4/4/2022,99.3,100.12,100.4,98.56,3.81M,-0.87%
4/1/2022,100.17,99.76,100.45,98.98,3.61M,1.11%
3/31/2022,99.07,99.28,100.91,99,5.51M,-1.75%
3/30/2022,100.83,101.63,102.38,99.76,5.17M,-0.25%
3/29/2022,101.08,100.85,101.4,99.37,5.04M,-0.50%
3/28/2022,101.59,101.67,102.16,100.92,4.05M,-0.82%
3/25/2022,102.43,102,102.97,101.92,3.52M,0.71%
3/24/2022,101.71,101.66,102.2,101.13,3.89M,0.47%
3/23/2022,101.23,101.16,102.48,101.11,4.47M,-0.15%
3/22/2022,101.38,99.8,101.63,98.91,6.05M,1.44%
3/21/2022,99.94,97.84,100.82,97.8,6.67M,2.48%
3/18/2022,97.52,98,98.28,96.33,10.44M,-0.24%
3/17/2022,97.75,96.6,97.79,95.83,6.54M,2.04%
3/16/2022,95.8,97.04,97.64,94.07,8.81M,-1.86%
3/15/2022,97.62,97.88,98.1,96.57,5.42M,0.60%
3/14/2022,97.04,97.17,97.66,95.41,5.58M,0.12%
3/11/2022,96.92,98.78,99.75,96.8,4.35M,-1.61%
3/10/2022,98.51,98.17,99.8,97.66,5.12M,-0.01%
3/9/2022,98.52,95.25,99.07,95.25,7.10M,3.87%
3/8/2022,94.85,98.01,98.4,94.69,9.41M,-3.40%
3/7/2022,98.19,101.29,103.1,98.12,12.76M,-1.41%
3/4/2022,99.59,99.95,99.95,98.23,8.72M,-0.24%
3/3/2022,99.83,101.06,101.35,98.63,8.61M,-0.90%
3/2/2022,100.74,102.2,102.51,99.78,12.83M,-1.94%
3/1/2022,102.73,102.77,104.34,102.18,12.34M,0.03%
2/28/2022,102.7,99.02,102.96,98.4,16.73M,4.67%
2/25/2022,98.12,94.39,98.27,94.2,8.69M,4.11%
2/24/2022,94.25,93,94.65,89.31,9.70M,2.18%
2/23/2022,92.24,94.3,94.53,92.05,6.90M,-1.39%
2/22/2022,93.54,93.62,94.74,92.79,5.86M,0.18%
2/18/2022,93.37,94.14,95.01,92.99,6.54M,-1.05%
2/17/2022,94.36,93.97,95.17,93.44,5.75M,-0.41%
2/16/2022,94.75,94.01,95.27,93.92,4.56M,0.75%
2/15/2022,94.04,93.59,94.9,93.57,4.62M,0.50%
2/14/2022,93.57,95.51,95.6,92.89,6.42M,-1.78%
2/11/2022,95.27,95.25,96.05,94.08,6.53M,0.22%
2/10/2022,95.06,95.32,96.96,94.55,6.53M,-0.98%
2/9/2022,96,96.03,96.32,95.48,5.39M,0.98%
2/8/2022,95.07,93.83,95.32,92.87,8.17M,1.11%
2/7/2022,94.03,93.46,94.73,93.01,4.93M,1.10%
2/4/2022,93.01,92.36,93.9,92.11,6.32M,0.22%
2/3/2022,92.81,92.15,92.99,91.62,7.17M,0.29%
2/2/2022,92.54,90.3,92.69,90.25,5.98M,1.99%
2/1/2022,90.73,90.1,90.93,89.27,6.56M,0.60%
1/31/2022,90.19,89.61,90.41,89.01,6.42M,-0.15%
1/28/2022,90.33,88.97,90.37,87.48,5.88M,1.18%
1/27/2022,89.28,89.92,91.48,88.4,7.00M,0.34%
1/26/2022,88.98,89.98,91.52,87.47,9.83M,-1.47%
1/25/2022,90.31,85,91.29,85,10.38M,2.49%
1/24/2022,88.12,85.77,88.3,84.8,8.85M,1.04%
1/21/2022,87.21,88.52,88.81,86.82,5.85M,-1.30%
1/20/2022,88.36,89.96,90.83,88.25,5.35M,-1.49%
1/19/2022,89.7,90.73,91.34,89.58,4.89M,-1.16%
1/18/2022,90.75,91.33,91.9,90.28,6.01M,-1.71%
1/14/2022,92.33,91.05,92.48,90.72,4.99M,0.84%
1/13/2022,91.56,91.38,92.46,90.96,5.03M,0.54%
1/12/2022,91.07,91,91.54,90.84,4.61M,0.39%
1/11/2022,90.72,89.74,90.84,89.27,4.53M,1.10%
1/10/2022,89.73,90.68,90.79,89.24,4.88M,-0.79%
1/7/2022,90.44,90.26,91.36,90.09,4.84M,0.42%
1/6/2022,90.06,90.4,90.93,89.61,5.56M,0.55%
1/5/2022,89.57,90.2,91.53,89.4,6.83M,-0.50%
1/4/2022,90.02,87.87,90.07,87.7,6.04M,3.51%
1/3/2022,86.97,86.08,87.14,86.07,5.17M,1.06%
12/31/2021,86.06,85.73,86.33,85.5,2.67M,0.30%
12/30/2021,85.8,86.04,86.5,85.69,2.46M,-0.10%
12/29/2021,85.89,85.58,86.07,85.22,2.09M,-0.15%
12/28/2021,86.02,85.07,86.35,84.78,3.22M,0.92%
12/27/2021,85.24,84.72,85.39,84.24,2.74M,0.40%
12/23/2021,84.9,84.56,85.2,84.52,2.65M,0.99%
12/22/2021,84.07,83.48,84.75,83.43,3.85M,0.47%
12/21/2021,83.68,81.67,83.92,81.67,7.30M,3.27%
12/20/2021,81.03,81.03,81.35,79.69,5.83M,-1.52%
12/17/2021,82.28,82.7,83.02,81.17,8.91M,-0.51%
12/16/2021,82.7,84.26,84.52,82.46,4.55M,-0.87%
12/15/2021,83.43,83.46,83.72,82.07,5.39M,-0.08%
12/14/2021,83.5,83.63,84.74,83.23,6.14M,-0.98%
12/13/2021,84.33,85.45,85.94,84.04,4.17M,-2.12%
12/10/2021,86.16,86.91,86.98,85.7,3.29M,0.00%
12/9/2021,86.16,86,86.57,85.52,4.24M,-0.39%
12/8/2021,86.5,85.84,87.65,85.8,6.75M,1.75%
12/7/2021,85.01,84.43,85.8,84.05,5.10M,1.49%
12/6/2021,83.76,82.25,84.39,81.67,4.96M,3.27%
12/3/2021,81.11,81.61,82.11,80.12,6.04M,-0.67%
12/2/2021,81.66,80.05,82.23,79.51,6.41M,3.30%
12/1/2021,79.05,82.14,82.14,79,8.50M,-2.31%
11/30/2021,80.92,82.12,82.5,80.28,7.97M,-2.44%
11/29/2021,82.94,84.09,84.45,82.52,5.84M,-0.07%
11/26/2021,83,83.56,83.59,81.42,7.11M,-4.81%
11/24/2021,87.19,86.93,87.48,86.68,3.46M,-0.14%
11/23/2021,87.31,87.32,87.74,86.74,5.95M,0.59%
11/22/2021,86.8,85.81,87.64,85.68,6.82M,1.60%
11/19/2021,85.43,86.25,86.25,85.06,5.48M,-1.70%
11/18/2021,86.91,87.19,87.79,86.34,4.38M,-0.62%
11/17/2021,87.45,88.76,89.05,87.19,3.91M,-1.63%
11/16/2021,88.9,89.27,89.82,88.81,4.75M,-0.50%
11/15/2021,89.35,89.63,89.63,88.84,3.42M,0.55%
11/12/2021,88.86,89.18,89.25,88.62,3.27M,-0.21%
11/11/2021,89.05,90.08,90.42,88.69,4.99M,-1.25%
11/10/2021,90.18,91.02,91.44,90.14,3.50M,-0.89%
11/9/2021,90.99,90.71,91.07,89.97,3.37M,0.31%
11/8/2021,90.71,91.31,91.67,90.31,4.47M,-0.52%
11/5/2021,91.18,89.77,91.23,89.06,4.33M,3.54%
11/4/2021,88.06,88.34,89.09,87.76,3.71M,-0.69%
11/3/2021,88.67,87.02,88.79,86.95,4.15M,0.99%
11/2/2021,87.8,88.53,88.81,87.19,4.55M,-0.85%
11/1/2021,88.55,88.91,89.19,87.96,4.59M,-0.35%
10/29/2021,88.86,89.06,89.75,88.51,5.20M,-0.37%
10/28/2021,89.19,89.36,89.81,88.74,4.18M,0.03%
10/27/2021,89.16,89.14,90.56,88.69,4.27M,0.00%
10/26/2021,89.16,88.29,91.19,87,9.12M,-2.34%
10/25/2021,91.3,91.67,91.98,90.7,5.95M,-0.61%
10/22/2021,91.86,91.67,92.32,91.18,4.16M,0.27%
10/21/2021,91.61,91.33,91.67,90.58,4.28M,-0.08%
10/20/2021,91.68,90.69,91.9,90.08,3.92M,0.49%
10/19/2021,91.23,90.98,91.49,90.45,4.20M,0.47%
10/18/2021,90.8,90.1,91.12,89.32,3.90M,-0.13%
10/15/2021,90.92,89.85,91.29,89.67,4.58M,1.96%
10/14/2021,89.17,90.32,90.47,89.11,4.23M,-0.57%
10/13/2021,89.68,89.81,90,88.32,3.29M,-0.04%
10/12/2021,89.72,89.61,90.56,89.16,3.40M,-0.19%
10/11/2021,89.89,90.71,91.38,89.84,3.05M,-0.81%
10/8/2021,90.62,90.3,90.83,89.74,3.34M,0.52%
10/7/2021,90.15,89.89,90.63,89.75,3.75M,0.99%
10/6/2021,89.27,88.2,89.39,87.45,4.35M,0.62%
10/5/2021,88.72,88,89.49,87.73,4.82M,1.17%
10/4/2021,87.69,87,88,86.43,5.49M,0.24%
10/1/2021,87.48,86.8,87.93,86.14,5.50M,1.77%
9/30/2021,85.96,87.49,87.5,85.86,5.64M,-1.18%
9/29/2021,86.99,87.17,87.82,86.69,3.61M,0.17%
9/28/2021,86.84,87.1,87.73,86.47,5.78M,-0.57%
9/27/2021,87.34,87.73,88.47,87.23,4.16M,0.21%
9/24/2021,87.16,86.57,87.67,86.36,4.67M,0.47%
9/23/2021,86.75,85.58,87,85.51,5.91M,1.74%
9/22/2021,85.27,83.97,85.96,83.61,6.23M,2.60%
9/21/2021,83.11,83.68,84.15,82.67,5.90M,-0.41%
9/20/2021,83.45,81.9,83.6,81.52,8.22M,0.07%
9/17/2021,83.39,83.59,84.01,82.37,23.13M,-0.75%
9/16/2021,84.02,84.94,85.13,83.88,5.91M,-1.00%
9/15/2021,84.87,83.18,85.06,82.83,5.67M,2.57%
9/14/2021,82.74,83.8,83.84,82.26,5.25M,-1.08%
9/13/2021,83.64,83.78,84.23,82.76,4.77M,0.77%
9/10/2021,83,84.18,84.46,82.8,3.89M,-0.79%
9/9/2021,83.66,82.93,84.35,82.73,4.52M,0.95%
9/8/2021,82.87,82.83,83.48,82.2,3.91M,-0.16%
9/7/2021,83,83.36,83.65,82.36,5.70M,-0.78%
9/3/2021,83.65,84.38,84.63,83.5,3.30M,-1.05%
9/2/2021,84.54,84.2,84.95,84.13,3.47M,0.52%
9/1/2021,84.1,85.14,85.14,83.92,4.11M,-0.78%
8/31/2021,84.76,84.65,85.42,84.34,3.97M,-0.05%
8/30/2021,84.8,85.49,85.52,84.7,2.94M,-0.70%
8/27/2021,85.4,85.18,86.14,85.15,3.59M,0.76%
8/26/2021,84.76,85.66,85.8,84.51,2.60M,-1.13%
8/25/2021,85.73,85.62,86.44,85,3.20M,0.35%
8/24/2021,85.43,85.11,86.08,85,4.75M,0.55%
8/23/2021,84.96,84.58,85.57,84.51,3.37M,1.08%
8/20/2021,84.05,83.29,84.48,83,4.50M,0.84%
8/19/2021,83.35,84.33,84.84,82.96,5.71M,-2.49%
8/18/2021,85.48,86.05,86.92,85.41,4.26M,-1.30%
8/17/2021,86.61,86.4,87.17,85.65,4.00M,-0.61%
8/16/2021,87.14,86.72,87.26,85.57,3.90M,-0.13%
8/13/2021,87.25,88.1,88.14,87.14,3.05M,-0.83%
8/12/2021,87.98,88.4,88.65,87.38,2.82M,-0.72%
8/11/2021,88.62,87.81,88.66,87.43,3.72M,1.11%
8/10/2021,87.65,87.19,88.06,87,2.91M,0.65%
8/9/2021,87.08,87.06,87.43,86.53,3.27M,-0.57%
8/6/2021,87.58,87.45,87.98,87.17,3.02M,0.81%
8/5/2021,86.88,86.41,87.43,86.19,3.60M,1.24%
8/4/2021,85.82,86.87,87.39,85.65,5.29M,-2.44%
8/3/2021,87.97,86.69,88,85.33,4.63M,1.57%
8/2/2021,86.61,87.14,88.74,86.51,4.05M,-0.39%
7/30/2021,86.95,87.37,87.76,86.66,4.44M,-0.80%
7/29/2021,87.65,88.63,88.65,87.49,4.14M,0.52%
7/28/2021,87.2,89.12,89.12,86.95,5.52M,-1.16%
7/27/2021,88.22,87.6,89.46,87.41,8.43M,2.64%
7/26/2021,85.95,85.73,86.2,85.42,3.76M,0.16%
7/23/2021,85.81,86.73,86.73,85.61,2.61M,-0.01%
7/22/2021,85.82,86.27,86.5,85.19,4.12M,-0.88%
7/21/2021,86.58,85.26,86.96,85.05,5.40M,2.10%
7/20/2021,84.8,81.3,85.13,81.02,7.94M,4.63%
7/19/2021,81.05,81.8,81.96,79.72,9.22M,-2.97%
7/16/2021,83.53,85.62,85.75,83.3,4.02M,-1.71%
7/15/2021,84.98,84.09,85.53,83.94,3.46M,0.08%
7/14/2021,84.91,85.18,85.89,84.46,3.67M,-0.49%
7/13/2021,85.33,86.17,86.24,85.26,4.59M,-1.03%
7/12/2021,86.22,85.56,86.4,85.02,5.46M,-0.19%
7/9/2021,86.38,86.5,86.75,86.02,4.56M,1.10%
7/8/2021,85.44,84.6,85.78,84.02,4.67M,-0.45%
7/7/2021,85.83,85.17,86.04,84.82,4.13M,0.09%
7/6/2021,85.75,86.15,86.49,84.93,4.14M,-1.10%
7/2/2021,86.7,86.5,87,85.83,4.19M,0.56%
7/1/2021,86.22,85.42,86.25,85.27,3.90M,1.07%
6/30/2021,85.31,84.34,85.67,84.14,4.74M,1.03%
6/29/2021,84.44,85.38,85.87,84.34,6.50M,-0.79%
6/28/2021,85.11,86.39,86.4,84.76,5.74M,-1.86%
6/25/2021,86.72,87.03,87.4,86.68,6.61M,-0.15%
6/24/2021,86.85,87.18,87.18,86.25,5.34M,0.29%
6/23/2021,86.6,87.42,87.61,86.57,3.52M,-0.89%
6/22/2021,87.38,87.68,88.06,86.86,4.15M,-0.70%
6/21/2021,88,86.75,88.14,86.52,5.10M,2.42%
6/18/2021,85.92,85.9,86.73,85.62,10.39M,-1.39%
6/17/2021,87.13,88.48,88.73,86.32,7.48M,-1.47%
6/16/2021,88.43,89.23,89.43,87.95,8.03M,-1.09%
6/15/2021,89.4,88.95,89.79,88.8,5.34M,0.77%
6/14/2021,88.72,88.72,89.19,88.25,5.92M,-0.10%
6/11/2021,88.81,88.7,88.97,88.17,4.08M,0.63%
6/10/2021,88.25,89.8,89.98,88.16,4.83M,-0.68%
6/9/2021,88.85,89.36,89.57,88.82,4.59M,-0.67%
6/8/2021,89.45,89.2,89.78,88.76,4.78M,0.54%
6/7/2021,88.97,88.97,89.15,88.48,5.69M,-0.06%
6/4/2021,89.02,88.65,89.24,88.55,4.08M,0.38%
6/3/2021,88.68,88.11,88.97,87.89,4.08M,0.06%
6/2/2021,88.63,89.25,89.25,88.45,4.43M,-0.40%
6/1/2021,88.99,89.81,89.93,88.84,4.30M,0.32%
5/28/2021,88.71,88.4,88.83,88.04,4.85M,0.11%
5/27/2021,88.61,88.5,88.81,87.71,10.49M,2.44%
5/26/2021,86.5,86.33,86.73,86,4.83M,0.28%
5/25/2021,86.26,86.63,87.28,85.99,7.61M,-0.25%
5/24/2021,86.48,86.49,86.95,86,5.11M,0.78%
5/21/2021,85.81,85.85,87.1,85.55,5.80M,0.68%
5/20/2021,85.23,84.74,85.56,84.09,10.06M,0.02%
5/19/2021,85.21,84.84,85.27,83.58,9.30M,-0.20%
5/18/2021,85.38,86.2,86.96,85.35,7.44M,-1.37%
5/17/2021,86.57,85.06,86.57,85.06,5.06M,0.80%
5/14/2021,85.88,84.45,86.07,84.36,4.99M,2.51%
5/13/2021,83.78,82.3,84.28,82.14,4.71M,1.82%
5/12/2021,82.28,84.23,84.86,82.22,6.09M,-2.43%
5/11/2021,84.33,84.24,85.2,83.35,6.71M,-0.83%
5/10/2021,85.04,86.86,87.04,84.93,9.04M,-0.78%
5/7/2021,85.71,84.81,85.93,84.14,6.06M,1.22%
5/6/2021,84.68,84.81,84.9,83.53,4.90M,0.65%
5/5/2021,84.13,83.63,84.67,83.54,4.66M,0.23%
5/4/2021,83.94,84.12,84.59,83.15,9.31M,-0.24%
5/3/2021,84.14,83.8,84.44,83.28,5.83M,1.08%
4/30/2021,83.24,82.55,83.41,82.35,5.62M,0.45%
4/29/2021,82.87,83.56,83.8,82.5,6.24M,-0.25%
4/28/2021,83.08,81.48,83.12,81.48,7.16M,0.33%
4/27/2021,82.81,82.76,83.69,80.88,11.08M,2.23%
4/26/2021,81,81,82.07,80.79,12.15M,0.57%
4/23/2021,80.54,78.81,80.76,78.81,7.14M,2.29%
4/22/2021,78.74,78.99,79.91,78.55,6.71M,-0.16%
4/21/2021,78.87,76.81,78.94,76.4,5.19M,2.31%
4/20/2021,77.09,77.8,77.91,76.07,8.69M,-1.91%
4/19/2021,78.59,78.12,78.73,77.74,6.27M,0.47%
4/16/2021,78.22,78.59,78.59,77.05,7.63M,0.32%
4/15/2021,77.97,78.16,78.28,76.98,5.11M,0.01%
4/14/2021,77.96,78,78.68,77.77,4.86M,0.33%
4/13/2021,77.7,78,78.08,76.74,5.49M,-1.30%
4/12/2021,78.72,78.25,78.82,78.13,5.49M,0.55%
4/9/2021,78.29,78.54,78.88,77.65,5.42M,1.05%
4/8/2021,77.48,77.13,77.56,76.49,5.04M,-0.15%
4/7/2021,77.6,77.49,78.11,77.05,5.33M,0.12%
4/6/2021,77.51,77.59,78.09,77.2,8.49M,-0.51%
4/5/2021,77.91,77.86,78.45,77.54,5.64M,0.82%
4/1/2021,77.28,77.61,77.8,76.93,6.17M,0.01%
3/31/2021,77.27,77.84,78.22,77.05,6.00M,-0.71%
3/30/2021,77.82,77.62,78.45,77.26,5.54M,0.18%
3/29/2021,77.68,78.31,78.99,77.53,7.14M,-0.63%
3/26/2021,78.17,77.41,78.26,76.57,6.19M,0.83%
3/25/2021,77.53,75.1,77.67,74.63,6.36M,2.62%
3/24/2021,75.55,76.23,77.83,75.55,7.72M,0.49%
3/23/2021,75.18,76.27,77.17,75.01,8.29M,-2.26%
3/22/2021,76.92,78.36,78.54,76.59,7.46M,-1.84%
3/19/2021,78.36,78,78.54,76.12,15.02M,0.54%
3/18/2021,77.94,79.22,79.92,77.88,6.09M,-2.04%
3/17/2021,79.56,78.46,79.84,78.31,6.69M,1.69%
3/16/2021,78.24,79.44,79.67,78,5.94M,-1.67%
3/15/2021,79.57,78.78,80.06,78.35,7.87M,1.34%
3/12/2021,78.52,78,78.87,77.68,6.08M,1.91%
3/11/2021,77.05,76.57,78.08,76.2,6.31M,0.64%
3/10/2021,76.56,75.4,77.15,74.99,6.78M,2.31%
3/9/2021,74.83,76.04,76.7,74.75,6.56M,-1.03%
3/8/2021,75.61,76.11,77.34,75.54,7.23M,0.57%
3/5/2021,75.18,75.23,75.57,73.1,6.66M,1.02%
3/4/2021,74.42,75.02,76.46,72.74,8.28M,-0.87%
3/3/2021,75.07,74.8,76.39,74.65,5.96M,0.54%
3/2/2021,74.67,74.31,75.42,74.2,5.79M,0.42%
3/1/2021,74.36,73.51,75.34,73.1,10.91M,3.29%
2/26/2021,71.99,73.93,73.93,71.99,8.00M,-1.81%
2/25/2021,73.32,76.66,77.12,72.95,9.48M,-5.60%
2/24/2021,77.67,74.19,78.17,73.52,11.16M,4.97%
2/23/2021,73.99,73.41,74.01,72.53,11.69M,1.36%
2/22/2021,73,72.25,74.26,72.22,10.51M,-1.70%
2/19/2021,74.26,73.38,74.31,73.1,6.28M,1.89%
2/18/2021,72.88,72.47,73.05,72.02,4.90M,-0.25%
2/17/2021,73.06,72.29,73.21,72.08,5.19M,0.62%
2/16/2021,72.61,72.84,73.25,72.04,6.11M,0.00%
2/12/2021,72.61,72.09,72.82,71.82,4.21M,0.39%
2/11/2021,72.33,72.47,73.19,71.17,4.54M,-0.19%
2/10/2021,72.47,72.76,73.14,72.14,3.93M,-0.78%
2/9/2021,73.04,72.25,73.34,71.57,6.26M,0.76%
2/8/2021,72.49,72.28,72.68,71.81,4.96M,0.22%
2/5/2021,72.33,73.35,73.88,72,7.95M,-0.48%
2/4/2021,72.68,71.07,72.81,70.73,9.02M,2.98%
2/3/2021,70.58,69.76,70.92,69.37,8.37M,0.63%
2/2/2021,70.14,67.67,70.42,67.55,8.71M,4.75%
2/1/2021,66.96,67.6,67.6,66.13,5.99M,0.34%
1/29/2021,66.73,67.11,67.56,66.11,15.65M,-2.11%
1/28/2021,68.17,66.44,69.29,66.21,8.75M,4.08%
1/27/2021,65.5,66.55,67.76,65.25,12.38M,-2.53%
1/26/2021,67.2,69.2,70.93,67.19,13.32M,1.39%
1/25/2021,66.28,66.04,66.52,65.02,10.51M,-1.92%
1/22/2021,67.58,67.72,68.11,67.12,4.56M,-0.78%
1/21/2021,68.11,68.33,68.7,67.85,7.38M,-1.06%
1/20/2021,68.84,69.47,69.53,68.61,4.66M,-0.75%
1/19/2021,69.36,69.78,70.05,69.15,7.38M,0.23%
1/15/2021,69.2,70.31,70.33,68.95,6.98M,-2.45%
1/14/2021,70.94,71,72.37,70.55,9.71M,0.62%
1/13/2021,70.5,71.3,71.45,69.79,7.03M,-1.43%
1/12/2021,71.52,69.69,71.72,69.57,5.36M,2.46%
1/11/2021,69.8,68.79,69.85,68.52,4.57M,-0.09%
1/8/2021,69.86,69.96,70.08,68.7,5.16M,0.11%
1/7/2021,69.78,70.35,70.87,69.69,8.77M,-0.71%
1/6/2021,70.28,68.5,71.49,68.45,8.75M,1.24%
1/5/2021,69.42,68.76,69.88,68.4,6.44M,1.45%
1/4/2021,68.43,71.38,71.56,68.31,7.66M,-4.31%
12/31/2020,71.51,71.35,71.7,70.94,4.18M,0.21%
12/30/2020,71.36,70.5,71.64,70.34,5.02M,1.45%
12/29/2020,70.34,71,71.1,69.67,3.67M,-0.41%
12/28/2020,70.63,70.7,71.46,70.34,2.94M,0.51%
12/24/2020,70.27,70.95,70.95,69.89,1.76M,-0.64%
12/23/2020,70.72,69.79,71.41,69.59,4.31M,2.12%
12/22/2020,69.25,69.49,70.11,68.97,4.06M,-0.60%
12/21/2020,69.67,68.69,70.24,67.78,8.35M,-0.71%
12/18/2020,70.17,70.57,70.76,69.81,16.81M,-0.67%
12/17/2020,70.64,71.39,71.49,70.51,5.77M,0.10%
12/16/2020,70.57,71.15,71.18,70.45,5.62M,-0.66%
12/15/2020,71.04,71.5,71.8,70.1,8.13M,0.34%
12/14/2020,70.8,73.4,73.83,70.71,10.85M,-2.87%
12/11/2020,72.89,72.66,73.58,72.36,7.19M,-0.12%
12/10/2020,72.98,72.97,73.74,72.45,7.50M,-0.76%
12/9/2020,73.54,74.47,74.82,73.28,5.33M,-1.26%
12/8/2020,74.48,73.19,74.51,72.79,4.36M,1.97%
12/7/2020,73.04,73.38,73.75,72.55,4.91M,-1.18%
12/4/2020,73.91,73.38,74.66,73.38,9.30M,0.85%
12/3/2020,73.29,72.11,74.39,71.91,6.89M,1.88%
12/2/2020,71.94,71.19,72.35,70.69,5.40M,1.00%
12/1/2020,71.23,72.72,72.94,71.21,6.55M,-0.68%
11/30/2020,71.72,73.09,73.55,71.36,10.73M,-2.96%
11/27/2020,73.91,73.77,74.4,73.39,5.10M,0.14%
11/25/2020,73.81,73.55,74.19,72.9,5.37M,-0.74%
11/24/2020,74.36,74.09,75.32,73.8,10.57M,2.37%
11/23/2020,72.64,70.82,72.84,70.34,7.21M,4.13%
11/20/2020,69.76,70.8,71.12,69.65,5.84M,-1.90%
11/19/2020,71.11,68.65,71.23,68.2,8.93M,2.30%
11/18/2020,69.51,69.67,71.32,69.33,13.39M,0.93%
11/17/2020,68.87,67.52,69.62,67.36,11.13M,0.31%
11/16/2020,68.66,67.56,69.04,67.15,12.89M,3.79%
11/13/2020,66.15,64.78,66.4,64.52,6.83M,3.38%
11/12/2020,63.99,63.88,64.64,63.27,8.35M,-2.82%
11/11/2020,65.85,67.65,67.7,65.12,10.12M,-3.00%
11/10/2020,67.89,66.1,68.15,65.75,14.36M,4.46%
11/9/2020,64.99,65.12,66.39,62.49,19.02M,10.98%
11/6/2020,58.56,57.63,58.85,57.24,7.85M,0.48%
11/5/2020,58.28,57.11,58.82,56.87,7.45M,2.57%
11/4/2020,56.82,57.36,58.59,56.14,8.66M,-0.39%
11/3/2020,57.04,56.51,57.51,56.34,7.74M,2.31%
11/2/2020,55.75,55.4,56,53.91,9.75M,2.63%
10/30/2020,54.32,53.12,54.45,52.92,14.57M,2.22%
10/29/2020,53.14,52.5,53.48,51.92,14.99M,1.53%
10/28/2020,52.34,55.2,56.07,52.25,19.79M,-7.41%
10/27/2020,56.53,59.77,59.8,56.44,14.79M,-7.04%
10/26/2020,60.81,61.65,61.75,59.88,7.60M,-2.81%
10/23/2020,62.57,63.07,63.79,62.42,5.86M,-0.37%
10/22/2020,62.8,60.23,62.97,60.22,6.99M,4.06%
10/21/2020,60.35,60.42,61.1,60.19,5.65M,-1.45%
10/20/2020,61.24,61.98,62.31,61.04,5.96M,-0.36%
10/19/2020,61.46,61.6,62.67,61,7.37M,-0.47%
10/16/2020,61.75,61,62.04,60.64,8.29M,2.08%
10/15/2020,60.49,59.37,60.5,58.92,6.17M,0.92%
10/14/2020,59.94,59.28,60.34,59.21,5.97M,0.71%
10/13/2020,59.52,59.75,60.1,58.53,8.84M,-1.67%
10/12/2020,60.53,59.84,60.68,59.56,5.38M,1.03%
10/9/2020,59.91,61.22,61.33,59.89,4.00M,-1.46%
10/8/2020,60.8,59.82,60.85,59.68,4.48M,1.86%
10/7/2020,59.69,59.31,59.94,58.95,4.93M,2.12%
10/6/2020,58.45,59.81,60.58,58.43,7.19M,-1.78%
10/5/2020,59.51,59.85,60.33,59.17,6.08M,0.29%
10/2/2020,59.34,56.52,59.38,56.51,8.38M,3.27%
10/1/2020,57.46,57.82,58.45,57.09,6.53M,-0.14%
9/30/2020,57.54,57.61,58.6,57.1,7.71M,-0.10%
9/29/2020,57.6,58.68,58.79,57.49,6.42M,-2.19%
9/28/2020,58.89,58.09,59.57,58.09,5.46M,2.44%
9/25/2020,57.49,56.87,57.74,56.34,11.96M,0.19%
9/24/2020,57.38,58.05,58.32,56.62,7.74M,-1.63%
9/23/2020,58.33,59.82,60.88,58.3,7.28M,-2.44%
9/22/2020,59.79,59.94,60.78,58.93,5.88M,-0.38%
9/21/2020,60.02,61.58,62.57,59.63,8.85M,-3.74%
9/18/2020,62.35,62.57,63.33,62.1,16.81M,-0.73%
9/17/2020,62.81,62.23,64.01,61.56,6.06M,-0.17%
9/16/2020,62.92,61.24,63.73,60.91,8.90M,2.41%
9/15/2020,61.44,61.74,62.44,60.96,7.07M,-0.86%
9/14/2020,61.97,61.28,62.23,61.08,6.55M,2.18%
9/11/2020,60.65,59.5,60.9,59.4,9.78M,1.90%
9/10/2020,59.52,60.3,61.68,59.38,8.67M,-0.10%
9/9/2020,59.58,59.77,60.31,58.89,7.56M,0.56%
9/8/2020,59.25,60.38,60.59,58.82,10.52M,-3.14%
9/4/2020,61.17,61.49,62.21,59.94,6.79M,0.51%
9/3/2020,60.86,62.19,63.2,60.42,8.52M,-1.84%
9/2/2020,62,61,62.15,60.76,7.51M,2.18%
9/1/2020,60.68,60.69,61.35,60.12,9.31M,-0.52%
8/31/2020,61,62.19,63.57,60.92,10.89M,-1.99%
8/28/2020,62.24,61.12,62.53,60.63,18.55M,2.20%
8/27/2020,60.9,60.76,61.96,60.38,8.75M,0.21%
8/26/2020,60.77,60.64,60.92,59.99,8.66M,-0.30%
8/25/2020,60.95,61.36,61.4,59.64,12.68M,-1.50%
8/24/2020,61.88,60.4,62.04,60.13,6.38M,2.67%
8/21/2020,60.27,60.67,61.28,60.23,7.07M,-1.18%
8/20/2020,60.99,61,61.42,60.33,4.69M,-1.05%
8/19/2020,61.64,62.02,62.91,61.5,5.38M,-0.74%
8/18/2020,62.1,62.72,63.17,62.03,4.73M,-1.07%
8/17/2020,62.77,63.58,63.88,62.67,6.41M,-1.37%
8/14/2020,63.64,62.8,64.24,62.59,5.12M,0.54%
8/13/2020,63.3,63.06,64.04,62.65,9.45M,-1.54%
8/12/2020,64.29,65.13,65.14,63.38,7.33M,0.05%
8/11/2020,64.26,65.19,66.15,64.07,12.12M,0.05%
8/10/2020,64.23,61.5,64.43,61.36,10.04M,4.90%
8/7/2020,61.23,59.87,61.29,59.35,6.26M,2.27%
8/6/2020,59.87,59.5,60.41,59.3,5.79M,-0.27%
8/5/2020,60.03,57.85,60.05,57.7,10.15M,4.38%
8/4/2020,57.51,57.72,57.91,57.12,7.84M,0.00%
8/3/2020,57.51,56.47,57.52,55.73,8.79M,1.46%
7/31/2020,56.68,57.36,57.38,56.11,11.45M,-1.36%
7/30/2020,57.46,58.62,58.65,57.27,12.29M,-3.27%
7/29/2020,59.4,60.7,60.99,59.06,11.16M,-2.62%
7/28/2020,61,61.74,61.82,59.75,13.11M,-0.15%
7/27/2020,61.09,61.65,61.85,60.65,10.19M,-1.58%
7/24/2020,62.07,63.21,63.97,61.78,6.06M,-1.66%
7/23/2020,63.12,63.59,64.33,62.88,6.04M,-0.80%
7/22/2020,63.63,62.6,63.73,62.17,5.76M,0.92%
7/21/2020,63.05,62,63.48,61.83,7.40M,2.67%
7/20/2020,61.41,61.78,62.03,60.82,6.69M,-1.27%
7/17/2020,62.2,62.47,62.61,61.71,10.79M,-0.27%
7/16/2020,62.37,62.3,62.81,61.45,5.68M,-0.91%
7/15/2020,62.94,62.35,63.22,62.05,9.04M,4.08%
7/14/2020,60.47,59,60.56,58.45,7.26M,1.89%
7/13/2020,59.35,60.28,60.8,58.74,7.44M,-0.49%
7/10/2020,59.64,59.1,60.2,58.77,10.46M,2.63%
7/9/2020,58.11,60.66,60.88,58.06,10.78M,-4.75%
7/8/2020,61.01,60.88,61.64,60.2,9.31M,0.00%
7/7/2020,61.01,62.54,62.83,60.94,8.78M,-3.65%
7/6/2020,63.32,63.06,63.83,62.12,6.13M,2.48%
7/2/2020,61.79,62.67,63.46,61.62,8.24M,0.29%
7/1/2020,61.61,61.78,62.9,61.23,6.86M,-0.02%
6/30/2020,61.62,61.05,61.86,60.08,10.75M,-0.48%
6/29/2020,61.92,60.19,61.92,59.8,8.91M,4.77%
6/26/2020,59.1,61.02,61.42,58.94,17.54M,-3.21%
6/25/2020,61.06,60.92,61.38,59.96,12.72M,-1.07%
6/24/2020,61.72,63.99,64.01,61.07,9.88M,-4.37%
6/23/2020,64.54,65.46,65.78,64.16,6.94M,-0.77%
6/22/2020,65.04,64.81,65.42,63.93,7.57M,0.23%
6/19/2020,64.89,68.36,68.36,64.47,19.14M,-2.98%
6/18/2020,66.88,65.83,67.43,65.61,6.43M,-0.03%
6/17/2020,66.9,68,68.2,66.63,9.29M,-1.36%
6/16/2020,67.82,69.62,70.1,66.04,11.53M,1.15%
6/15/2020,67.05,63,67.76,62.44,13.56M,2.57%
6/12/2020,65.37,65.97,66.07,63.36,9.59M,4.01%
6/11/2020,62.85,63.99,65.71,62.82,13.71M,-8.06%
6/10/2020,68.36,70.14,70.29,68.05,9.77M,-3.09%
6/9/2020,70.54,72.65,72.65,70.51,9.96M,-4.88%
6/8/2020,74.16,72.5,74.93,72.5,11.95M,2.90%
6/5/2020,72.07,71.03,73.74,71,14.20M,6.75%
6/4/2020,67.51,67.1,67.83,66.31,10.13M,0.06%
6/3/2020,67.47,64.5,67.73,64.44,15.88M,6.42%
6/2/2020,63.4,63.7,64.2,62.56,14.94M,-1.12%
6/1/2020,64.12,65,66.03,64.07,11.33M,-0.62%
5/29/2020,64.52,65.6,66.6,64.14,13.96M,-4.09%
5/28/2020,67.27,68.78,68.78,66.14,12.69M,0.93%
5/27/2020,66.65,67,67.99,65.17,13.95M,3.38%
5/26/2020,64.47,62.56,65.55,62.36,15.94M,7.45%
5/22/2020,60,60.39,60.77,59.33,6.51M,-0.17%
5/21/2020,60.1,58.3,60.21,58.2,10.31M,3.98%
5/20/2020,57.8,58.71,59.06,57.69,10.34M,-0.24%
5/19/2020,57.94,57.89,60.14,57.4,14.44M,0.07%
5/18/2020,57.9,55.65,58.62,55.52,19.75M,9.80%
5/15/2020,52.73,53.04,53.27,51.66,22.05M,-2.10%
5/14/2020,53.86,52.67,53.91,51.13,16.75M,-0.44%
5/13/2020,54.1,56.09,56.09,53.18,13.95M,-4.62%
5/12/2020,56.72,57.38,58.44,56.72,10.91M,-1.12%
5/11/2020,57.36,57.72,57.93,56.33,10.65M,-2.23%
5/8/2020,58.67,57.72,58.75,57.35,10.18M,2.91%
5/7/2020,57.01,58.63,59.24,56.44,26.90M,-1.57%
5/6/2020,57.92,59.3,59.39,57.75,8.82M,-1.83%
5/5/2020,59,60.26,60.47,58.87,12.78M,0.25%
5/4/2020,58.85,60.02,60.03,57.57,15.62M,-3.70%
5/1/2020,61.11,63.5,63.61,60.22,13.68M,-5.71%
4/30/2020,64.81,67.45,67.45,64.7,12.47M,-4.55%
4/29/2020,67.9,67.35,68.79,66.06,10.33M,3.84%
4/28/2020,65.39,66.52,67.29,64.81,10.48M,0.49%
4/27/2020,65.07,64.43,65.42,63.84,8.31M,2.59%
4/24/2020,63.43,63.98,64.08,62.5,8.56M,0.22%
4/23/2020,63.29,63.89,64.88,63.25,9.32M,-0.25%
4/22/2020,63.45,64.32,64.9,63.1,9.44M,1.28%
4/21/2020,62.65,63.62,64.55,62.15,9.88M,-3.59%
4/20/2020,64.98,64.5,66.93,63.72,10.56M,-1.65%
4/17/2020,66.07,64.75,66.5,64.18,14.11M,5.80%
4/16/2020,62.45,62.46,62.72,61.3,14.11M,0.19%
4/15/2020,62.33,65,65.11,61.23,16.66M,-4.21%
4/14/2020,65.07,63.63,65.34,62.6,16.76M,5.24%
4/13/2020,61.83,64.23,64.4,60.09,15.18M,-4.45%
4/9/2020,64.71,67,68.1,63.51,24.74M,3.34%
4/8/2020,62.62,58.35,63.98,57.9,26.54M,8.41%
4/7/2020,57.76,62.42,64.49,57.22,27.11M,0.35%
4/6/2020,57.56,54.48,58.9,52.64,28.78M,15.28%
4/3/2020,49.93,51,53.3,48.05,18.93M,-1.58%
4/2/2020,50.73,52.87,54.41,50.2,13.20M,-5.86%
4/1/2020,53.89,52.78,54.26,52.1,12.37M,-3.15%
3/31/2020,55.64,57.38,58.51,55.37,7.31M,-4.22%
3/30/2020,58.09,56.67,58.83,55.86,7.56M,1.38%
3/27/2020,57.3,57.8,60,56.93,10.15M,-7.16%
3/26/2020,61.72,57.8,61.92,57.21,14.53M,8.80%
3/25/2020,56.73,51.83,59.08,50.89,12.02M,10.87%
3/24/2020,51.17,47.24,51.58,47.19,12.85M,15.74%
3/23/2020,44.21,47.19,47.24,42.64,12.01M,-9.18%
3/20/2020,48.68,50.05,52.4,43.22,14.43M,-1.46%
3/19/2020,49.4,46.73,50.43,42.57,15.84M,5.49%
3/18/2020,46.83,50.63,50.67,40.71,22.84M,-14.48%
3/17/2020,54.76,53.71,55.12,48.84,16.06M,2.11%
3/16/2020,53.63,56.24,58.47,53.43,12.33M,-13.74%
3/13/2020,62.17,64.32,65.33,58.13,16.77M,2.83%
3/12/2020,60.46,55.51,64.34,54.73,19.29M,-4.65%
3/11/2020,63.41,68.31,68.91,62.98,10.29M,-9.94%
3/10/2020,70.41,70.64,71.07,66.96,9.30M,3.48%
3/9/2020,68.04,68.08,70.22,66.36,8.67M,-8.79%
3/6/2020,74.6,71.76,74.98,70.78,8.57M,0.03%
3/5/2020,74.58,79.68,79.91,73.85,8.56M,-9.06%
3/4/2020,82.01,79.29,82.48,78.29,5.71M,4.91%
3/3/2020,78.17,79,81.5,77.48,9.09M,-1.15%
3/2/2020,79.08,77.56,79.11,75.64,9.08M,2.67%
2/28/2020,77.02,74.99,77.28,74.22,12.34M,-1.21%
2/27/2020,77.96,80.2,81.08,77.93,10.20M,-4.48%
2/26/2020,81.62,82.69,84.45,81.45,8.43M,-0.31%
2/25/2020,81.87,86.65,87.01,81.66,7.61M,-5.31%
2/24/2020,86.46,86.93,87.39,85.84,6.41M,-3.26%
2/21/2020,89.37,88.27,89.42,87.72,4.28M,1.09%
2/20/2020,88.41,88.7,88.91,87.25,3.39M,-0.52%
2/19/2020,88.87,89.39,89.63,88.55,3.36M,-0.40%
2/18/2020,89.23,89.77,89.79,88.68,2.87M,-1.41%
2/14/2020,90.51,90.29,90.86,89.99,3.89M,0.25%
2/13/2020,90.28,90.85,91.21,90.19,3.41M,-1.37%
2/12/2020,91.53,91.51,91.88,90.57,5.77M,-0.04%
2/11/2020,91.57,93.32,93.45,91.34,5.40M,-0.83%
2/10/2020,92.34,92.97,93.18,91.4,4.04M,-0.17%
2/7/2020,92.5,92.01,93.11,91.78,4.96M,0.40%
2/6/2020,92.13,92.23,92.45,91.53,3.78M,0.37%
2/5/2020,91.79,91.24,91.79,90.48,3.60M,1.72%
2/4/2020,90.24,89.33,90.44,89.3,3.83M,2.04%
2/3/2020,88.44,89.1,89.83,88.35,4.69M,-0.17%
1/31/2020,88.59,90.36,90.58,88.25,4.61M,-2.47%
1/30/2020,90.83,89.32,90.96,89.32,4.38M,0.77%
1/29/2020,90.14,90.78,90.8,89.34,3.83M,-0.02%
1/28/2020,90.16,88.78,91.07,87.32,5.72M,1.21%
1/27/2020,89.08,89.06,89.63,88.48,4.34M,-1.41%
1/24/2020,90.35,90.48,91.08,89.88,3.70M,-0.40%
1/23/2020,90.71,90.6,90.97,90,4.01M,0.00%
1/22/2020,90.71,91.06,91.46,90.44,3.49M,-0.44%
1/21/2020,91.11,90.75,91.72,90.11,4.91M,0.04%
1/17/2020,91.07,91.01,91.73,90.64,4.64M,0.55%
1/16/2020,90.57,90.01,90.84,90.01,3.57M,1.05%
1/15/2020,89.63,89.44,90.28,89.15,3.11M,0.28%
1/14/2020,89.38,89.28,89.89,89.13,3.14M,-0.33%
1/13/2020,89.68,89.66,89.95,89.32,3.09M,0.12%
1/10/2020,89.57,90.84,90.84,89.32,2.90M,-1.17%
1/9/2020,90.63,90.71,90.94,90.31,2.94M,0.15%
1/8/2020,90.49,90.31,91.16,90.08,2.37M,0.15%
1/7/2020,90.35,89.59,90.61,89.59,2.74M,-0.32%
1/6/2020,90.64,90.51,90.74,89.95,2.61M,0.21%
1/3/2020,90.45,89.02,91.21,88.77,3.13M,0.14%
1/2/2020,90.32,88.32,90.37,88.32,2.80M,2.25%
12/31/2019,88.33,88.35,88.6,87.94,2.03M,-0.08%
12/30/2019,88.4,88.73,88.94,88.22,1.68M,-0.27%
12/27/2019,88.64,89.06,89.1,88.5,1.84M,-0.28%
12/26/2019,88.89,88.44,88.92,88.32,1.40M,0.76%
12/24/2019,88.22,88.51,88.66,88.14,1.00M,-0.17%
12/23/2019,88.37,88.45,88.8,88.21,2.75M,0.23%
12/20/2019,88.17,89,89,88,4.56M,0.52%
12/19/2019,87.71,87.48,87.98,86.82,2.99M,0.68%
12/18/2019,87.12,87.35,87.65,86.81,3.80M,-0.62%
12/17/2019,87.66,88,88.11,87.26,3.62M,-0.56%
12/16/2019,88.15,88.31,88.87,87.95,3.25M,0.26%
12/13/2019,87.92,87.45,88.56,87.45,2.37M,-0.23%
12/12/2019,88.12,87.23,88.26,86.81,2.72M,1.45%
12/11/2019,86.86,86.46,86.92,86.11,2.27M,1.31%
12/10/2019,85.74,85.98,86.11,85.73,2.67M,-0.58%
12/9/2019,86.24,86.64,86.91,86.2,1.60M,-0.53%
12/6/2019,86.7,86.79,86.93,86.24,2.61M,1.19%
12/5/2019,85.68,85.81,85.86,85.18,2.34M,0.52%
12/4/2019,85.24,85.49,86.04,85.11,3.04M,0.55%
12/3/2019,84.77,84.89,85.05,84.21,3.87M,-0.88%
12/2/2019,85.52,87.52,87.65,85.45,3.86M,-2.25%
11/29/2019,87.49,87.61,87.65,87,991.51K,-0.33%
11/27/2019,87.78,87.52,87.91,87.11,1.51M,0.48%
11/26/2019,87.36,87.12,87.66,86.94,3.60M,0.40%
11/25/2019,87.01,87.62,87.73,86.82,2.40M,-0.13%
11/22/2019,87.12,87.44,87.61,86.81,2.38M,0.28%
11/21/2019,86.88,86.49,87.26,86.29,2.35M,0.44%
11/20/2019,86.5,87.3,87.63,86.17,2.65M,-1.15%
11/19/2019,87.51,88.25,88.27,87.5,2.83M,-0.50%
11/18/2019,87.95,87.95,88.05,87.55,1.86M,-0.16%
11/15/2019,88.09,87.46,88.36,87.44,1.99M,0.84%
11/14/2019,87.36,86.97,87.55,86.97,1.74M,-0.14%
11/13/2019,87.48,87.22,87.59,86.96,1.85M,-0.05%
11/12/2019,87.52,87.53,87.91,87.29,1.61M,0.11%
11/11/2019,87.42,87.29,87.66,87.01,1.47M,-0.44%
11/8/2019,87.81,86.98,87.89,86.9,1.70M,0.10%
11/7/2019,87.72,87.78,88.09,87.56,2.77M,0.27%
11/6/2019,87.48,87.19,87.52,86.78,3.16M,0.32%
11/5/2019,87.2,87.09,87.63,86.53,4.06M,0.23%
11/4/2019,87,86.99,87.29,86.35,4.33M,0.57%
11/1/2019,86.51,85.16,86.58,85.13,4.06M,2.15%
10/31/2019,84.69,84.6,84.84,84.15,3.05M,-0.18%
10/30/2019,84.84,83.9,85.09,83.75,2.54M,1.30%
10/29/2019,83.75,84.02,84.64,83.59,3.55M,-0.73%
10/28/2019,84.37,84.5,85.3,83.94,2.37M,0.06%
10/25/2019,84.32,84.55,85.05,84.23,3.19M,-0.33%
10/24/2019,84.6,82.87,84.84,82.59,4.57M,2.52%
10/23/2019,82.52,83.06,83.42,82.11,3.36M,-1.07%
10/22/2019,83.41,83.06,83.9,81.94,6.66M,2.22%
10/21/2019,81.6,81.49,81.98,81.24,3.77M,1.13%
10/18/2019,80.69,81.53,81.65,80.52,3.41M,-0.98%
10/17/2019,81.49,80.98,81.83,80.9,2.67M,1.07%
10/16/2019,80.63,80.18,80.93,80.02,2.10M,0.41%
10/15/2019,80.3,80.37,81.23,80.3,2.50M,0.16%
10/14/2019,80.17,80.21,80.48,79.82,1.69M,-0.16%
10/11/2019,80.3,79.67,80.92,79.62,3.05M,1.66%
10/10/2019,78.99,77.8,79.07,77.44,2.41M,1.49%
10/9/2019,77.83,77.68,78.23,77.34,2.44M,0.89%
10/8/2019,77.14,77.46,78.09,76.88,2.65M,-1.43%
10/7/2019,78.26,78.32,79.01,77.93,1.71M,-0.39%
10/4/2019,78.57,77.44,78.63,77.24,1.91M,1.52%
10/3/2019,77.39,77.12,77.46,75.87,2.98M,0.57%
10/2/2019,76.95,78.35,78.45,76.57,3.28M,-2.48%
10/1/2019,78.91,80.77,81.21,78.57,3.51M,-2.00%
9/30/2019,80.52,80.89,80.92,80.32,2.65M,0.10%
9/27/2019,80.44,81.41,81.54,80.33,2.14M,-0.84%
9/26/2019,81.12,80.66,81.57,80.52,2.71M,0.52%
9/25/2019,80.7,80.18,80.89,79.71,2.13M,0.99%
9/24/2019,79.91,80.24,80.33,79.42,2.85M,-0.14%
9/23/2019,80.02,79.28,80.29,79.09,2.65M,0.08%
9/20/2019,79.96,81.16,81.67,79.96,5.34M,-1.43%
9/19/2019,81.12,81.36,81.41,80.69,2.19M,-0.09%
9/18/2019,81.19,80.76,81.27,80.19,1.76M,0.32%
9/17/2019,80.93,81.03,81.24,80.59,2.13M,-0.63%
9/16/2019,81.44,82,82,81,2.11M,0.01%
9/13/2019,81.43,81.39,82.22,81.07,3.03M,0.43%
9/12/2019,81.08,80.49,81.39,80.33,3.02M,1.11%
9/11/2019,80.19,78.74,80.21,78.49,2.87M,1.53%
9/10/2019,78.98,79.09,79.46,78.35,2.86M,-0.15%
9/9/2019,79.1,79.42,79.86,78.95,2.31M,0.32%
9/6/2019,78.85,78.92,79.18,78.53,2.12M,0.50%
9/5/2019,78.46,78.49,78.86,78.15,2.66M,1.50%
9/4/2019,77.3,77.08,77.7,76.84,2.26M,1.62%
9/3/2019,76.07,75.89,76.19,75.28,2.54M,-0.98%
8/30/2019,76.82,76.82,77.38,76.78,2.33M,0.56%
8/29/2019,76.39,75.5,76.84,75.5,4.58M,2.08%
8/28/2019,74.83,73.34,74.88,73.02,2.05M,1.85%
8/27/2019,73.47,73.99,74.32,73.13,2.18M,-0.74%
8/26/2019,74.02,73.72,74.12,72.92,2.09M,1.69%
8/23/2019,72.79,74.72,75.38,72.44,3.48M,-3.55%
8/22/2019,75.47,75.5,75.73,74.51,1.63M,0.49%
8/21/2019,75.1,75.44,75.63,74.78,1.72M,0.51%
8/20/2019,74.72,74.3,75.07,73.97,1.99M,0.04%
8/19/2019,74.69,74.75,75.09,74.31,1.82M,1.26%
8/16/2019,73.76,73.72,74.13,73.15,2.53M,1.07%
8/15/2019,72.98,73.14,73.38,72.22,3.96M,-0.45%
8/14/2019,73.31,74.97,75.06,73,3.36M,-3.62%
8/13/2019,76.06,75.41,77.09,75.32,2.40M,0.73%
8/12/2019,75.51,76.59,76.81,75.22,2.60M,-2.45%
8/9/2019,77.41,77.5,77.87,76.4,2.37M,-0.18%
8/8/2019,77.55,76.43,77.67,76.43,2.68M,1.92%
8/7/2019,76.09,74.98,76.75,73.81,4.30M,0.16%
8/6/2019,75.97,74.02,76.12,74.02,3.80M,2.43%
8/5/2019,74.17,75.99,76.04,73.57,3.98M,-3.86%
8/2/2019,77.15,77.52,77.78,76.33,2.17M,-0.78%
8/1/2019,77.76,78.63,79.93,77.65,2.92M,-1.32%
7/31/2019,78.8,79.77,80.23,78.45,3.37M,-1.25%
7/30/2019,79.8,79.85,80.05,79.29,2.26M,-0.31%
7/29/2019,80.05,79.96,80.43,79.85,2.05M,0.06%
7/26/2019,80,80.1,80.62,79.8,2.22M,-0.53%
7/25/2019,80.43,79.58,81.58,79.56,3.99M,1.58%
7/24/2019,79.18,79.26,80.72,79.02,3.58M,-0.52%
7/23/2019,79.59,80.4,80.51,77.86,8.09M,1.49%
7/22/2019,78.42,78.03,78.56,77.59,3.40M,0.42%
7/19/2019,78.09,77.64,78.37,77.22,3.23M,0.84%
7/18/2019,77.44,76.61,77.47,76.54,2.92M,0.93%
7/17/2019,76.73,78.48,78.59,76.72,2.74M,-2.33%
7/16/2019,78.56,78.65,78.85,78.27,3.20M,-0.03%
7/15/2019,78.58,78.6,78.93,78.37,2.38M,-0.37%
7/12/2019,78.87,77.8,78.92,77.68,3.20M,1.81%
7/11/2019,77.47,76.94,77.73,76.72,2.44M,0.69%
7/10/2019,76.94,77.27,78.01,76.79,2.34M,0.04%
7/9/2019,76.91,76.73,76.99,76.05,3.02M,-0.36%
7/8/2019,77.19,77.78,77.9,76.84,3.20M,-1.25%
7/5/2019,78.17,78.3,78.3,77.17,3.55M,-0.36%
7/3/2019,78.45,78.12,78.49,77.68,2.04M,0.80%
7/2/2019,77.83,77.64,78.03,77.41,3.40M,0.46%
7/1/2019,77.47,77.37,77.9,77.17,3.93M,0.89%
6/28/2019,76.79,76.12,77.03,75.58,5.44M,0.95%
6/27/2019,76.07,75.62,76.2,75.35,2.01M,0.96%
6/26/2019,75.35,76.11,76.47,75.33,2.92M,-0.99%
6/25/2019,76.1,76.79,77.18,75.91,2.79M,-0.89%
6/24/2019,76.78,76.75,77.26,76.38,3.68M,1.11%
6/21/2019,75.94,76.56,77.18,75.84,5.72M,-0.98%
6/20/2019,76.69,75.67,76.81,75.42,4.35M,2.58%
6/19/2019,74.76,74.97,75.14,74.51,3.26M,0.11%
6/18/2019,74.68,73.76,74.89,73.76,4.54M,1.92%
6/17/2019,73.27,74.15,74.3,72.61,3.35M,-0.85%
6/14/2019,73.9,74.38,74.61,73.68,3.07M,0.39%
6/13/2019,73.61,73.57,73.71,72.5,4.60M,0.59%
6/12/2019,73.18,73.17,73.97,72.91,9.98M,0.92%
6/11/2019,72.51,75.63,75.67,72.06,10.97M,-3.96%
6/10/2019,75.5,79.92,80.06,75.48,13.78M,-3.13%
6/7/2019,77.94,77.92,78.43,77.76,1.84M,0.36%
6/6/2019,77.66,77.54,77.96,76.96,2.01M,0.23%
6/5/2019,77.48,76.96,77.5,76.41,2.37M,1.55%
6/4/2019,76.3,75.68,76.49,75.21,2.40M,1.98%
6/3/2019,74.82,74.58,75.62,74.28,2.71M,0.44%
5/31/2019,74.49,75.07,75.15,74.04,3.55M,-1.64%
5/30/2019,75.73,76.4,76.87,75.51,2.75M,-0.83%
5/29/2019,76.36,76.2,76.55,75.68,2.80M,-0.35%
5/28/2019,76.63,77.64,78.49,76.61,4.04M,-1.12%
5/24/2019,77.5,77.05,77.78,76.68,3.12M,0.73%
5/23/2019,76.94,78.16,78.93,76.32,5.65M,-3.67%
5/22/2019,79.87,79.84,80.4,79.59,1.94M,-0.45%
5/21/2019,80.23,79.57,80.32,79.19,2.19M,1.91%
5/20/2019,78.73,78.55,78.89,78.23,1.95M,-0.20%
5/17/2019,78.89,79.11,79.9,78.77,1.61M,-1.10%
5/16/2019,79.77,79.06,80.26,78.7,2.81M,0.95%
5/15/2019,79.02,78.33,79.52,77.65,2.43M,0.00%
5/14/2019,79.02,77.86,79.63,77.86,2.71M,1.53%
5/13/2019,77.83,79.05,79.43,76.91,4.12M,-3.79%
5/10/2019,80.9,79.76,81.01,78.78,2.65M,0.22%
5/9/2019,80.72,79.9,80.88,79.05,2.56M,-0.16%
5/8/2019,80.85,79.92,81.48,79.83,2.40M,1.21%
5/7/2019,79.88,81.59,81.79,79.44,4.91M,-3.40%
5/6/2019,82.69,81.86,82.97,81.34,2.38M,-1.02%
5/3/2019,83.54,83.2,83.57,82.55,2.84M,1.31%
5/2/2019,82.46,83.03,83.44,81.86,2.76M,-1.26%
5/1/2019,83.51,84.34,85.17,83.47,2.19M,-0.71%
4/30/2019,84.11,84.01,84.3,83.54,3.29M,0.35%
4/29/2019,83.82,83.16,84.05,83.08,3.41M,0.95%
4/26/2019,83.03,82.57,83.06,82.33,2.06M,0.75%
4/25/2019,82.41,81.83,82.72,81.41,2.34M,0.10%
4/24/2019,82.33,82.38,82.67,81.35,2.73M,-0.31%
4/23/2019,82.59,82.51,83.97,81.91,5.68M,2.28%
4/22/2019,80.75,80.42,81.08,80.03,2.95M,-0.06%
4/18/2019,80.8,80.22,81.25,80.22,2.50M,0.89%
4/17/2019,80.09,79.97,80.39,79.47,2.78M,0.33%
4/16/2019,79.83,79.54,79.84,79.28,2.00M,0.59%
4/15/2019,79.36,79.62,79.78,79.08,1.87M,-0.55%
4/12/2019,79.8,78.93,79.81,78.83,2.87M,1.86%
4/11/2019,78.34,77.72,78.45,77.55,1.74M,0.89%
4/10/2019,77.65,78.03,78.05,76.83,2.72M,-0.45%
4/9/2019,78,78.24,78.39,77.38,2.09M,-0.99%
4/8/2019,78.78,78.05,78.82,77.38,2.72M,-0.11%
4/5/2019,78.87,78.54,78.92,78.19,2.50M,0.77%
4/4/2019,78.27,77.56,78.6,77.18,2.23M,1.06%
4/3/2019,77.45,78.22,78.28,77.04,2.84M,-0.45%
4/2/2019,77.8,78.49,78.66,77.59,2.91M,-0.97%
4/1/2019,78.56,76.67,78.7,76.67,5.30M,3.34%
3/29/2019,76.02,75.65,76.14,75.19,3.05M,1.27%
3/28/2019,75.07,74.74,75.14,74.43,1.87M,0.78%
3/27/2019,74.49,74.39,74.99,74.1,2.73M,0.12%
3/26/2019,74.4,74.42,74.88,73.76,3.20M,0.59%
3/25/2019,73.96,73.7,74.22,73.49,2.27M,0.19%
3/22/2019,73.82,74.32,74.51,72.81,3.87M,-1.36%
3/21/2019,74.84,73.46,75.01,73.33,2.60M,1.26%
3/20/2019,73.91,74.58,74.61,73.45,2.95M,-0.95%
3/19/2019,74.62,75.27,75.6,74.26,2.96M,-0.31%
3/18/2019,74.85,74.38,74.91,74.04,3.89M,0.78%
3/15/2019,74.27,75.01,75.16,74.26,9.69M,-0.76%
3/14/2019,74.84,74.69,74.87,74.15,3.93M,0.20%
3/13/2019,74.69,73.71,75.07,73.71,4.85M,1.58%
3/12/2019,73.53,74.15,74.85,73.44,3.84M,-1.06%
3/11/2019,74.32,71.71,74.43,71.65,4.66M,1.60%
3/8/2019,73.15,73.05,73.22,72.13,3.09M,-0.35%
3/7/2019,73.41,73.73,73.78,72.5,4.16M,-0.74%
3/6/2019,73.96,74.42,74.82,73.95,3.52M,-0.43%
3/5/2019,74.28,74.1,74.81,74.1,3.24M,0.16%
3/4/2019,74.16,74.49,75.14,73.78,3.48M,-0.03%
3/1/2019,74.18,74.89,75.11,73.87,3.82M,0.08%
2/28/2019,74.12,74.72,75.1,74.06,4.42M,-0.98%
2/27/2019,74.85,74.95,75.11,74.38,2.50M,-0.23%
2/26/2019,75.02,75.37,75.76,74.77,3.40M,-0.85%
2/25/2019,75.66,75.91,76.16,75.59,2.67M,0.40%
2/22/2019,75.36,75.53,75.7,74.79,3.16M,1.14%
2/21/2019,74.51,75.58,75.84,74.22,3.26M,-1.64%
2/20/2019,75.75,75.91,76.46,75.4,6.30M,-0.16%
2/19/2019,75.87,75.13,76.17,74.82,6.09M,0.69%
2/15/2019,75.35,74.08,75.44,73.74,6.83M,2.92%
2/14/2019,73.21,72.64,73.36,72.38,3.75M,-0.23%
2/13/2019,73.38,73.34,73.66,73.27,2.46M,0.34%
2/12/2019,73.13,72.76,73.34,72.38,3.54M,1.04%
2/11/2019,72.38,72.49,72.61,71.67,3.92M,0.18%
2/8/2019,72.25,70.95,72.26,70.91,3.94M,1.47%
2/7/2019,71.2,70.99,71.36,70.18,4.65M,-0.53%
2/6/2019,71.58,71.28,71.8,70.98,3.50M,0.49%
2/5/2019,71.23,70.67,71.24,70.24,4.53M,1.37%
2/4/2019,70.27,70.18,70.34,69.53,4.94M,0.13%
2/1/2019,70.18,70.54,70.8,69.66,4.14M,0.78%
1/31/2019,69.64,70.52,70.52,69.38,6.08M,-0.88%
1/30/2019,70.26,69.95,70.93,69.16,7.32M,1.09%
1/29/2019,69.5,68.16,69.73,68.12,10.83M,2.39%
1/28/2019,67.88,67.95,67.98,67.1,8.91M,-0.63%
1/25/2019,68.31,68.62,68.95,67.88,4.64M,0.22%
1/24/2019,68.16,69.45,70.39,67.56,9.04M,-1.26%
1/23/2019,69.03,69.19,70.39,67.45,12.56M,5.39%
1/22/2019,65.5,66.65,66.74,65.26,5.69M,-2.50%
1/18/2019,67.18,67.41,67.65,66.59,4.64M,1.01%
1/17/2019,66.51,65.1,66.94,65.06,3.20M,1.71%
1/16/2019,65.39,65.52,65.82,65.15,3.89M,-0.17%
1/15/2019,65.5,65.32,65.6,64.61,2.80M,0.18%
1/14/2019,65.38,64.41,65.75,64.17,3.18M,0.82%
1/11/2019,64.85,64.62,64.87,64.07,3.62M,-0.41%
1/10/2019,65.12,64.15,65.2,64.13,3.38M,0.99%
1/9/2019,64.48,64.62,64.67,64.02,4.23M,0.39%
1/8/2019,64.23,64.2,64.56,63.32,3.75M,1.81%
1/7/2019,63.09,63.15,63.35,62.25,5.23M,-0.05%
1/4/2019,63.12,61.41,63.23,61.05,6.35M,3.42%
1/3/2019,61.03,63.43,63.7,60.89,5.59M,-4.46%
1/2/2019,63.88,62.02,63.91,61.48,5.89M,1.72%
12/31/2018,62.8,62.28,62.8,62.07,4.44M,1.08%
12/28/2018,62.13,62.7,63.22,61.89,5.62M,-0.40%
12/27/2018,62.38,60.51,62.38,59.96,6.55M,-0.24%
12/26/2018,62.53,60.72,62.77,59.26,7.11M,3.87%
12/24/2018,60.2,62.15,62.37,60.13,4.28M,-3.88%
12/21/2018,62.63,64.68,65.59,62.56,12.47M,-3.14%
12/20/2018,64.66,67.06,67.13,64.22,14.29M,-3.67%
12/19/2018,67.12,68.16,69.23,66.69,10.45M,-1.71%
12/18/2018,68.29,68.48,69.27,67.94,3.78M,0.41%
12/17/2018,68.01,70.03,70.11,67.68,5.07M,-2.94%
12/14/2018,70.07,69.57,70.45,69.11,4.01M,-0.38%
12/13/2018,70.34,70.88,71.01,70.11,5.72M,-0.34%
12/12/2018,70.58,70.76,71.62,70.52,3.09M,0.61%
12/11/2018,70.15,72.02,72.03,69.98,4.33M,-0.40%
12/10/2018,70.43,70.2,71.16,68.95,5.32M,-0.03%
12/7/2018,70.45,71.47,72.07,70.26,7.50M,-1.65%
12/6/2018,71.63,70.49,71.68,69.86,9.33M,0.48%
12/4/2018,71.29,72.68,72.8,70.36,7.69M,-2.21%
12/3/2018,72.9,73.01,74.31,72.71,6.88M,1.45%
11/30/2018,71.86,71.23,72.15,70.8,9.64M,0.52%
11/29/2018,71.49,72.42,72.51,70.82,6.16M,-1.24%
11/28/2018,72.39,72.69,72.84,70.82,8.53M,0.04%
11/27/2018,72.36,72.94,73.81,70.32,16.87M,-4.13%
11/26/2018,75.48,76.55,78.09,75.33,10.61M,-0.83%
11/23/2018,76.11,73.72,76.84,73.6,9.73M,2.64%
11/21/2018,74.15,74.49,75.17,74.13,2.73M,-0.23%
11/20/2018,74.32,75.04,75.04,73.53,4.39M,-1.45%
11/19/2018,75.41,76.68,76.68,75.12,4.99M,-1.75%
11/16/2018,76.75,76.09,77.22,75.96,5.18M,0.30%
11/15/2018,76.52,75.03,77.03,74.7,4.60M,0.66%
11/14/2018,76.02,76.71,77.08,75.84,5.75M,-0.18%
11/13/2018,76.16,75.99,77.1,75.63,3.43M,0.65%
11/12/2018,75.67,77.23,77.28,75.55,4.20M,-1.84%
11/9/2018,77.09,77.5,77.51,76.49,5.01M,-0.49%
11/8/2018,77.47,77.21,77.83,76.89,4.75M,0.61%
11/7/2018,77,76.08,77.21,75.52,5.40M,2.04%
11/6/2018,75.46,75.08,75.57,74.71,3.25M,0.55%
11/5/2018,75.05,75.19,75.42,74.58,5.48M,-0.15%
11/2/2018,75.16,76,76.46,74.45,6.19M,-0.12%
11/1/2018,75.25,74.14,75.46,73.77,5.59M,2.72%
10/31/2018,73.26,73.18,73.99,72.8,6.15M,1.30%
10/30/2018,72.32,71.41,72.43,71.01,4.86M,1.26%
10/29/2018,71.42,73.64,74,70.3,4.94M,-1.73%
10/26/2018,72.68,72.54,73.76,71.71,4.69M,-0.94%
10/25/2018,73.37,72.78,74.01,72.22,4.72M,1.90%
10/24/2018,72,76.81,77.44,71.81,8.46M,-6.12%
10/23/2018,76.69,74.17,77.29,73.67,7.03M,2.87%
10/22/2018,74.55,75.9,76.08,74.14,5.48M,-1.78%
10/19/2018,75.9,75.79,76.59,75.25,4.57M,-0.20%
10/18/2018,76.05,76.44,77.13,75.55,3.41M,-0.87%
10/17/2018,76.72,77.94,78.23,76.4,3.73M,-1.84%
10/16/2018,78.16,77.19,78.21,76.45,3.51M,1.68%
10/15/2018,76.87,76.58,77.57,76.19,3.26M,0.54%
10/12/2018,76.46,77.38,77.91,75.27,5.13M,0.21%
10/11/2018,76.3,77.19,78.17,75.8,8.13M,-1.34%
10/10/2018,77.34,79.75,79.83,77.29,5.73M,-3.49%
10/9/2018,80.14,82.14,82.54,80.03,4.77M,-2.66%
10/8/2018,82.33,82,82.36,81.06,3.17M,0.38%
10/5/2018,82.02,82.8,83.08,81.75,2.88M,-0.94%
10/4/2018,82.8,83.22,83.72,82.17,3.40M,-0.46%
10/3/2018,83.18,83.74,83.81,83.05,3.44M,-0.30%
10/2/2018,83.43,83.13,83.98,82.92,3.70M,0.37%
10/1/2018,83.12,83.25,83.46,82.72,3.32M,0.80%
9/28/2018,82.46,82.37,82.59,82.06,2.48M,0.08%
9/27/2018,82.39,82.58,82.97,81.8,1.84M,0.10%
9/26/2018,82.31,82.34,82.95,81.91,2.37M,-0.11%
9/25/2018,82.4,82.69,83.01,82.22,3.27M,-0.45%
9/24/2018,82.77,83.64,84.34,82.49,2.53M,-1.23%
9/21/2018,83.8,84.74,85.02,83.63,7.33M,0.16%
9/20/2018,83.67,83.46,84.11,83.1,3.88M,0.97%
9/19/2018,82.87,82.08,83.09,82.07,3.99M,0.66%
9/18/2018,82.33,81.38,82.77,81.08,4.31M,1.33%
9/17/2018,81.25,81.29,81.87,81.06,4.76M,-0.04%
9/14/2018,81.28,80.03,81.38,80.03,5.49M,1.69%
9/13/2018,79.93,79.2,79.95,79.02,2.80M,1.22%
9/12/2018,78.97,78.66,79.33,78.55,3.49M,0.20%
9/11/2018,78.81,78.82,79.04,77.95,2.05M,-0.03%
9/10/2018,78.83,78.37,79.18,78.37,4.20M,1.25%
9/7/2018,77.86,78.52,78.6,77.24,3.18M,-1.13%
9/6/2018,78.75,78.6,79.38,78.31,3.60M,0.55%
9/5/2018,78.32,77.56,78.41,77.31,2.63M,0.67%
9/4/2018,77.8,77.83,77.83,76.99,2.93M,0.15%
8/31/2018,77.68,77.93,78.19,77.26,2.76M,-0.66%
8/30/2018,78.2,78.63,78.74,77.98,2.90M,-0.77%
8/29/2018,78.81,79.7,79.7,78.73,3.80M,-0.66%
8/28/2018,79.33,80.21,80.42,79.22,2.25M,-0.64%
8/27/2018,79.84,79.19,80.04,79.11,3.03M,1.50%
8/24/2018,78.66,78.22,78.72,78.22,2.88M,0.56%
8/23/2018,78.22,78.75,78.75,77.97,3.53M,-0.47%
8/22/2018,78.59,79.66,79.68,78.58,3.75M,-2.01%
8/21/2018,80.2,79.86,80.49,79.86,2.24M,0.61%
8/20/2018,79.71,79.6,79.88,79.31,5.34M,0.53%
8/17/2018,79.29,78.87,79.51,78.62,4.26M,0.84%
8/16/2018,78.63,78.09,78.79,78.09,4.26M,1.18%
8/15/2018,77.71,77.86,77.88,76.45,4.56M,-0.50%
8/14/2018,78.1,78.26,78.45,77.84,3.19M,0.18%
8/13/2018,77.96,78.47,78.75,77.62,2.53M,-0.69%
8/10/2018,78.5,78.76,78.89,78.03,2.41M,-0.86%
8/9/2018,79.18,79.82,80.56,79.06,3.27M,-0.34%
8/8/2018,79.45,79.34,79.58,79.09,1.83M,0.16%
8/7/2018,79.32,79.09,79.55,78.85,2.20M,0.41%
8/6/2018,79,78.85,79.11,78.36,1.95M,0.04%
8/3/2018,78.97,79.46,79.46,78.57,1.95M,-0.18%
8/2/2018,79.11,79.02,79.44,78.66,2.23M,-0.58%
8/1/2018,79.57,79.29,80.42,79.29,3.77M,-0.61%
7/31/2018,80.06,79.08,80.18,79.04,5.11M,1.99%
7/30/2018,78.5,79.53,79.65,78.45,3.70M,-1.07%
7/27/2018,79.35,80.51,80.51,79.24,3.80M,-0.96%
7/26/2018,80.12,79.58,80.6,79.12,6.14M,0.81%
7/25/2018,79.48,78.78,79.61,78.15,5.54M,0.38%
7/24/2018,79.18,76.17,79.23,75.67,8.12M,3.77%
7/23/2018,76.3,76.61,76.75,76.01,3.86M,-0.69%
7/20/2018,76.83,76.66,77.25,76.6,3.22M,-0.08%
7/19/2018,76.89,77.47,77.59,76.84,2.57M,-1.00%
7/18/2018,77.67,77.27,78.24,77.22,3.76M,0.75%
7/17/2018,77.09,76.19,77.27,76.19,4.71M,1.34%
7/16/2018,76.07,76.4,76.85,75.96,4.06M,-0.42%
7/13/2018,76.39,75.23,76.58,75.08,4.64M,1.70%
7/12/2018,75.11,74.29,75.2,73.74,4.61M,1.97%
7/11/2018,73.66,74.21,74.21,73.27,3.65M,-1.71%
7/10/2018,74.94,74.81,75.6,74.64,3.20M,0.29%
7/9/2018,74.72,74.32,74.9,74.2,3.40M,1.03%
7/6/2018,73.96,73.64,74.23,73.2,2.31M,0.35%
7/5/2018,73.7,74.27,74.27,72.92,3.43M,0.03%
7/3/2018,73.68,74.24,74.89,73.59,2.47M,-0.08%
7/2/2018,73.74,73.06,73.75,72.61,4.22M,0.00%
6/29/2018,73.74,73.64,74.58,73.62,3.81M,0.34%
6/28/2018,73.49,73.15,73.73,72.83,3.28M,0.19%
6/27/2018,73.35,74.55,75.12,73.34,5.20M,-1.01%
6/26/2018,74.1,73.72,74.51,73.24,5.58M,0.82%
6/25/2018,73.5,73.02,73.6,72.8,6.31M,-0.20%
6/22/2018,73.65,73.44,73.81,73.2,3.97M,1.13%
6/21/2018,72.83,73.83,73.83,72.65,4.60M,-1.50%
6/20/2018,73.94,74.02,74.15,73.53,3.94M,0.24%
6/19/2018,73.76,74.93,74.93,73.57,5.82M,-1.91%
6/18/2018,75.2,74.64,75.25,74.36,3.89M,0.47%
6/15/2018,74.85,74.89,75.12,74.02,7.46M,-0.03%
6/14/2018,74.87,75.11,75.34,74.49,3.94M,0.00%
6/13/2018,74.87,75.46,75.59,74.81,2.81M,-0.72%
6/12/2018,75.41,75.86,75.94,75.11,2.51M,-0.25%
6/11/2018,75.6,75.23,75.86,75.22,3.87M,0.44%
6/8/2018,75.27,74.87,75.31,74.76,2.76M,0.03%
6/7/2018,75.25,74.81,75.3,74.8,2.51M,0.60%
6/6/2018,74.8,74.65,74.8,74.23,2.94M,0.69%
6/5/2018,74.29,74.33,74.81,73.81,2.17M,-0.27%
6/4/2018,74.49,74.55,75.04,74.32,3.22M,0.39%
6/1/2018,74.2,74.28,74.64,73.89,2.68M,0.79%
5/31/2018,73.62,74.19,74.27,73.27,3.42M,-1.09%
5/30/2018,74.43,73.97,74.7,73.88,2.78M,0.87%
5/29/2018,73.79,74.42,74.66,73.49,2.78M,-1.51%
5/25/2018,74.92,75.17,75.31,74.63,1.73M,-0.29%
5/24/2018,75.14,75.08,75.41,74.67,1.84M,-0.15%
5/23/2018,75.25,74.81,75.34,74.37,4.01M,-0.23%
5/22/2018,75.42,75.65,76.1,75.28,3.96M,-0.15%
5/21/2018,75.53,74.3,75.69,74.3,4.70M,2.29%
5/18/2018,73.84,73.49,73.97,73.24,2.31M,0.46%
5/17/2018,73.5,73.43,73.74,73.02,3.33M,-0.14%
5/16/2018,73.6,73.74,73.77,73.2,3.69M,0.19%
5/15/2018,73.46,73.32,73.58,72.82,3.38M,-0.35%
5/14/2018,73.72,73.37,74.1,73.31,4.42M,0.41%
5/11/2018,73.42,73.1,73.67,72.86,2.72M,0.30%
5/10/2018,73.2,72.82,73.31,72.55,2.34M,0.81%
5/9/2018,72.61,72.23,72.67,71.85,3.55M,1.09%
5/8/2018,71.83,71.37,71.86,71.18,3.06M,0.74%
5/7/2018,71.3,70.64,71.64,70.58,2.89M,1.15%
5/4/2018,70.49,69.26,70.87,68.81,6.54M,1.54%
5/3/2018,69.42,69.32,69.92,68.06,5.07M,-0.67%
5/2/2018,69.89,70.16,70.66,69.7,3.06M,-0.38%
5/1/2018,70.16,70.78,70.93,69.03,4.15M,-1.00%
4/30/2018,70.87,72.27,72.42,70.87,4.44M,-1.88%
4/27/2018,72.23,72.13,72.4,71.37,2.90M,-0.29%
4/26/2018,72.44,71.66,73.28,71.26,3.59M,1.13%
4/25/2018,71.63,72.1,72.55,70.41,4.72M,-0.54%
4/24/2018,72.02,74.61,75.09,71.25,8.15M,-1.10%
4/23/2018,72.82,72.62,72.85,72.25,3.28M,0.32%
4/20/2018,72.59,73.65,73.65,72.25,5.38M,-0.63%
4/19/2018,73.05,73.56,74.06,72.64,4.82M,-0.76%
4/18/2018,73.61,73.97,73.98,73.24,4.13M,0.22%
4/17/2018,73.45,73.56,74.29,73.23,4.20M,0.59%
4/16/2018,73.02,73.08,73.15,72.45,3.51M,0.88%
4/13/2018,72.38,73.01,73.14,71.87,3.47M,-0.43%
4/12/2018,72.69,72.57,73.05,72.42,3.23M,0.65%
4/11/2018,72.22,72.12,72.72,71.89,2.62M,-0.41%
4/10/2018,72.52,73.16,73.33,72.15,4.26M,0.60%
4/9/2018,72.09,73.05,73.37,72.02,3.56M,-0.44%
4/6/2018,72.41,73.48,74.16,72.08,4.45M,-2.39%
4/5/2018,74.18,74.58,74.67,73.7,4.08M,0.00%
4/4/2018,74.18,71.44,74.25,71.17,7.26M,0.69%
4/3/2018,73.67,72.9,73.75,72.35,3.80M,1.15%
4/2/2018,72.83,74.11,74.32,71.49,6.60M,-1.86%
3/29/2018,74.21,73.67,74.7,73.37,2.84M,1.10%
3/28/2018,73.4,74.27,74.34,73.13,3.12M,-0.66%
3/27/2018,73.89,74.82,75.6,73.35,9.01M,-1.07%
3/26/2018,74.69,73.1,74.83,72.81,11.53M,3.53%
3/23/2018,72.14,73.25,73.8,72.04,3.86M,-1.42%
3/22/2018,73.18,74.35,74.87,73.09,4.98M,-2.31%
3/21/2018,74.91,74.98,75.79,74.53,3.49M,-0.12%
3/20/2018,75,75.05,75.89,74.8,2.81M,-0.03%
3/19/2018,75.02,75.5,76.05,74.39,3.82M,-0.89%
3/16/2018,75.69,76.22,76.58,75.37,7.24M,-0.71%
3/15/2018,76.23,76.77,77.01,75.42,3.01M,-0.26%
3/14/2018,76.43,76.97,77.26,75.58,3.24M,-0.43%
3/13/2018,76.76,78.14,78.16,76.39,3.86M,-1.03%
3/12/2018,77.56,79.45,79.45,77.32,3.64M,-1.92%
3/9/2018,79.08,77.74,79.15,77.57,4.17M,2.14%
3/8/2018,77.42,77.71,77.91,76.46,3.95M,0.26%
3/7/2018,77.22,76.59,77.42,76.5,2.97M,-0.53%
3/6/2018,77.63,77.97,78.07,76.86,3.04M,-0.06%
3/5/2018,77.68,76.27,78.09,75.51,4.76M,1.36%
3/2/2018,76.64,76.22,76.85,75.67,5.83M,-0.27%
3/1/2018,76.85,79.74,80.04,76.55,6.33M,-3.30%
2/28/2018,79.47,79.11,81.69,79.04,9.23M,0.62%
2/27/2018,78.98,80,80.36,78.96,4.31M,-1.15%
2/26/2018,79.9,78.93,80,78.89,4.75M,1.74%
2/23/2018,78.53,79.38,79.58,77.49,4.60M,-0.33%
2/22/2018,78.79,77.15,79.38,77.15,8.07M,3.34%
2/21/2018,76.24,74.75,77.39,74.6,7.77M,2.21%
2/20/2018,74.59,75.94,76.25,74.25,4.63M,-2.16%
2/16/2018,76.24,76.64,77.27,76.04,4.78M,-0.57%
2/15/2018,76.68,75.49,76.7,75.37,4.56M,2.61%
2/14/2018,74.73,73.72,74.79,73.11,6.95M,0.74%
2/13/2018,74.18,74.53,74.88,73.71,5.07M,-1.26%
2/12/2018,75.13,72.59,75.8,72.55,9.55M,1.89%
2/9/2018,73.74,76.17,76.7,72.08,12.12M,-1.93%
2/8/2018,75.19,77.77,78.07,75.12,7.36M,-3.40%
2/7/2018,77.84,76.32,78.65,76.12,7.91M,1.67%
2/6/2018,76.56,73.23,76.56,72.69,8.67M,2.01%
2/5/2018,75.05,78.73,79.12,74.26,6.91M,-5.47%
2/2/2018,79.39,81.06,81.36,79.27,4.68M,-2.68%
2/1/2018,81.58,80.8,81.98,80.52,4.20M,0.22%
1/31/2018,81.4,80.88,81.58,80.54,5.91M,1.11%
1/30/2018,80.51,80.21,80.83,79.81,3.57M,-0.12%
1/29/2018,80.61,81.42,82.13,80.52,3.48M,-0.95%
1/26/2018,81.38,81.49,81.69,80.62,3.20M,0.16%
1/25/2018,81.25,80.7,81.57,80.22,4.54M,1.52%
1/24/2018,80.03,79.64,81.62,79.05,5.54M,-0.25%
1/23/2018,80.23,80.11,80.5,79.33,5.73M,0.60%
1/22/2018,79.75,79.61,79.9,78.8,4.10M,-0.51%
1/19/2018,80.16,79.66,80.16,79.32,3.24M,0.97%
1/18/2018,79.39,79.36,80.01,79.25,3.21M,0.14%
1/17/2018,79.28,79.42,79.6,78.42,3.91M,0.33%
1/16/2018,79.02,81.24,81.24,78.96,5.22M,-1.91%
1/12/2018,80.56,79.98,80.56,79.76,5.21M,1.18%
1/11/2018,79.62,79.48,80.37,79.48,4.80M,0.06%
1/10/2018,79.57,79.11,79.91,78.89,3.28M,0.48%
1/9/2018,79.19,78.63,79.31,78.46,4.23M,1.09%
1/8/2018,78.34,79.74,80.09,77.97,6.62M,0.95%
1/5/2018,77.6,77.32,78.07,76.95,3.67M,0.86%
1/4/2018,76.94,77.16,77.19,76.79,3.66M,0.31%
1/3/2018,76.7,76.38,76.79,76.27,5.01M,1.47%
1/2/2018,75.59,75.44,76.02,75.01,3.10M,0.47%
12/29/2017,75.24,75.69,75.79,75.24,1.81M,-0.44%
12/28/2017,75.57,75.34,75.6,75.08,1.41M,0.43%
12/27/2017,75.25,75.18,75.27,74.86,1.81M,0.35%
12/26/2017,74.99,75.17,75.46,74.9,1.05M,-0.07%
12/22/2017,75.04,75.21,75.26,74.88,1.60M,-0.07%
12/21/2017,75.09,75.05,75.24,74.82,3.02M,0.24%
12/20/2017,74.91,75.12,75.43,74.49,3.27M,0.17%
12/19/2017,74.78,75.03,75.03,74.1,3.64M,0.05%
12/18/2017,74.74,74.75,75.22,74.48,4.23M,0.43%
12/15/2017,74.42,73.61,74.58,73.23,6.19M,1.95%
12/14/2017,73,73.44,73.65,72.78,3.03M,-0.42%
12/13/2017,73.31,72.84,73.55,72.71,5.21M,0.66%
12/12/2017,72.83,72.86,73.23,72.53,3.53M,0.15%
12/11/2017,72.72,72.51,72.86,72.25,3.14M,0.39%
12/8/2017,72.44,72.19,72.6,72.11,3.00M,0.35%
12/7/2017,72.19,71.56,72.45,71.4,3.61M,0.98%
12/6/2017,71.49,71.18,71.6,71,2.61M,0.76%
12/5/2017,70.95,71.95,72.27,70.9,3.15M,0.21%
12/4/2017,70.8,71.47,71.92,70.79,2.76M,-0.07%
12/1/2017,70.85,71.76,71.93,70.06,3.88M,-1.09%
11/30/2017,71.63,70.15,71.81,69.96,5.37M,2.78%
11/29/2017,69.69,69.5,69.87,69.4,2.77M,0.37%
11/28/2017,69.43,69.27,69.61,68.95,2.73M,0.51%
11/27/2017,69.08,68.9,69.14,68.68,2.57M,0.17%
11/24/2017,68.96,69.01,69.1,68.62,1.49M,0.16%
11/22/2017,68.85,69.01,69.12,68.74,2.86M,-0.26%
11/21/2017,69.03,68.7,69.38,68.7,2.49M,0.57%
11/20/2017,68.64,68.91,69.11,68.6,2.91M,-0.13%
11/17/2017,68.73,69.3,69.38,68.7,2.81M,-1.15%
11/16/2017,69.53,69.19,69.72,69.07,2.12M,0.27%
11/15/2017,69.34,69.76,69.82,68.76,2.63M,-1.04%
11/14/2017,70.07,69.05,70.2,69.01,2.86M,1.48%
11/13/2017,69.05,69.57,69.6,68.96,2.22M,-0.88%
11/10/2017,69.66,69.6,69.88,69.6,3.12M,-0.23%
11/9/2017,69.82,70.94,70.98,69.65,2.82M,-1.58%
11/8/2017,70.94,71.08,71.36,70.78,2.01M,-0.39%
11/7/2017,71.22,71.17,71.64,71,1.85M,0.30%
11/6/2017,71.01,71.52,71.64,71,2.42M,-0.56%
11/3/2017,71.41,71.81,71.81,71,2.41M,-0.32%
11/2/2017,71.64,70.83,71.67,70.61,1.96M,1.12%
11/1/2017,70.85,71.1,71.37,70.74,2.69M,0.30%
10/31/2017,70.64,70.8,70.92,70.48,3.44M,-0.06%
10/30/2017,70.68,70.43,71.09,70.1,4.43M,0.64%
10/27/2017,70.23,70.55,70.75,70.16,2.85M,-0.72%
10/26/2017,70.74,70.45,70.82,70.19,3.38M,0.80%
10/25/2017,70.18,70.61,70.95,70.11,3.69M,-0.62%
10/24/2017,70.62,70.75,72.71,70.16,5.43M,-0.95%
10/23/2017,71.3,71.23,71.47,71.05,2.58M,-0.04%
10/20/2017,71.33,70.75,71.33,70.64,2.51M,1.21%
10/19/2017,70.48,70.25,70.5,69.73,1.63M,0.27%
10/18/2017,70.29,70.48,70.48,69.95,1.86M,-0.16%
10/17/2017,70.4,69.97,70.41,69.7,2.03M,0.30%
10/16/2017,70.19,70.09,70.48,69.83,2.16M,0.24%
10/13/2017,70.02,70.23,70.75,70.02,3.47M,-0.09%
10/12/2017,70.08,69.4,70.14,69.38,2.38M,0.91%
10/11/2017,69.45,69.78,69.95,69.26,3.09M,-0.32%
10/10/2017,69.67,69.96,70.08,69.45,2.66M,-0.43%
10/9/2017,69.97,69.77,70.12,69.65,1.75M,0.34%
10/6/2017,69.73,69.54,69.76,69.36,1.79M,0.04%
10/5/2017,69.7,69.38,69.79,69.27,2.68M,0.46%
10/4/2017,69.38,69.52,69.73,69.32,2.80M,-0.07%
10/3/2017,69.43,69.6,69.6,69.17,2.21M,0.12%
10/2/2017,69.35,68.5,69.39,68.38,2.33M,1.29%
9/29/2017,68.47,68.02,68.5,67.53,3.27M,0.22%
9/28/2017,68.32,69,69.03,68.05,6.03M,-1.14%
9/27/2017,69.11,67.75,69.28,67.73,5.58M,2.14%
9/26/2017,67.66,67.58,67.83,67.37,4.02M,0.37%
9/25/2017,67.41,67.78,67.83,67.07,3.70M,-0.62%
9/22/2017,67.83,67.49,67.9,67.32,2.83M,0.44%
9/21/2017,67.53,67.35,67.73,66.99,2.57M,0.34%
9/20/2017,67.3,66.78,67.37,66.78,3.44M,0.40%
9/19/2017,67.03,66.65,67.03,66.51,3.33M,0.78%
9/18/2017,66.51,66.88,67.03,66.44,4.04M,-0.28%
9/15/2017,66.7,67.08,67.19,66.49,6.53M,-0.04%
9/14/2017,66.73,65.04,66.81,64.94,7.03M,2.60%
9/13/2017,65.04,64.97,65.16,64.77,3.82M,0.37%
9/12/2017,64.8,64.92,65.06,64.7,3.97M,0.20%
9/11/2017,64.67,64.89,65.31,64.45,5.62M,0.09%
9/8/2017,64.61,64.94,65.08,64.5,4.40M,-0.40%
9/7/2017,64.87,64.74,64.92,64.35,5.15M,0.34%
9/6/2017,64.65,65.47,65.52,64.35,9.19M,-1.43%
9/5/2017,65.59,68.18,68.36,65.55,14.22M,-5.69%
9/1/2017,69.55,70.62,70.87,69.49,2.64M,-1.50%
8/31/2017,70.61,70.56,70.89,70.08,3.98M,0.10%
8/30/2017,70.54,70.16,70.7,69.78,5.21M,0.76%
8/29/2017,70.01,67.86,70.03,67.5,5.57M,2.93%
8/28/2017,68.02,68,68.29,67.94,3.48M,0.22%
8/25/2017,67.87,68.29,68.47,67.84,2.25M,-0.21%
8/24/2017,68.01,69.13,69.13,67.8,4.33M,-1.48%
8/23/2017,69.03,68.07,70.11,67.79,6.20M,1.16%
8/22/2017,68.24,68.17,68.32,67.85,2.41M,0.37%
8/21/2017,67.99,68.19,68.24,67.64,1.91M,-0.18%
8/18/2017,68.11,68.44,68.58,68.04,2.76M,-0.54%
8/17/2017,68.48,69.47,69.47,68.47,2.72M,-1.61%
8/16/2017,69.6,68.37,69.66,68.31,3.45M,1.77%
8/15/2017,68.39,69.08,69.08,68.25,2.29M,-1.03%
8/14/2017,69.1,69.19,69.33,68.97,1.86M,0.23%
8/11/2017,68.94,69.01,69.46,68.62,2.09M,0.10%
8/10/2017,68.87,68.94,69.18,68.47,3.16M,-0.38%
8/9/2017,69.13,69.93,70.04,69.03,3.18M,-0.83%
8/8/2017,69.71,69.86,70.18,69.6,2.77M,-0.27%
8/7/2017,69.9,70.37,70.63,69.52,4.98M,-2.46%
8/4/2017,71.66,71.5,71.76,71.16,1.80M,0.32%
8/3/2017,71.43,71,71.43,70.7,2.03M,0.63%
8/2/2017,70.98,70.07,71.01,69.99,2.34M,1.23%
8/1/2017,70.12,70.19,70.34,69.81,1.55M,0.27%
7/31/2017,69.93,70.28,70.39,69.86,2.17M,-0.26%
7/28/2017,70.11,70.06,70.45,69.77,2.15M,0.14%
7/27/2017,70.01,70.41,70.44,69.51,4.26M,-0.71%
7/26/2017,70.51,71.03,71.11,70.36,2.99M,-0.73%
7/25/2017,71.03,71.9,71.96,70.77,4.80M,-2.19%
7/24/2017,72.62,72.84,72.99,72.45,3.68M,-0.30%
7/21/2017,72.84,72.13,72.84,71.87,2.47M,0.86%
7/20/2017,72.22,72.46,72.72,72.14,1.83M,-0.51%
7/19/2017,72.59,72.58,72.68,72.28,1.71M,0.36%
7/18/2017,72.33,72.44,72.52,71.92,1.88M,-0.39%
7/17/2017,72.61,72.98,72.98,72.54,1.84M,-0.25%
7/14/2017,72.79,72.81,72.92,72.42,1.78M,0.28%
7/13/2017,72.59,72.94,72.98,72.45,2.69M,-0.52%
7/12/2017,72.97,73.15,73.6,72.94,2.38M,0.14%
7/11/2017,72.87,72.64,72.95,72.17,1.95M,0.40%
7/10/2017,72.58,72.39,72.98,72.16,2.05M,0.36%
7/7/2017,72.32,72.12,72.49,71.98,1.76M,0.60%
7/6/2017,71.89,72.29,72.55,71.89,3.06M,-0.73%
7/5/2017,72.42,72.18,72.55,72.06,1.74M,0.58%
7/3/2017,72,72.32,72.64,71.99,1.16M,-0.03%
6/30/2017,72.02,71.96,72.33,71.73,2.41M,0.38%
6/29/2017,71.75,72.21,72.23,71.14,2.36M,-0.69%
6/28/2017,72.25,72,72.31,71.77,1.80M,0.74%
6/27/2017,71.72,71.91,72.04,71.67,1.70M,-0.22%
6/26/2017,71.88,72.2,72.6,71.85,1.64M,-0.29%
6/23/2017,72.09,71.96,72.22,71.66,3.85M,0.04%
6/22/2017,72.06,71.86,72.52,71.85,3.02M,0.35%
6/21/2017,71.81,71.94,72.08,71.66,2.73M,0.20%
6/20/2017,71.67,71.7,72.26,71.64,2.68M,-0.28%
6/19/2017,71.87,71.5,72.11,71.37,3.39M,1.18%
6/16/2017,71.03,71.43,71.79,70.93,4.54M,-0.27%
6/15/2017,71.22,70.68,71.32,70.65,1.95M,0.62%
6/14/2017,70.78,70.81,71.02,70.54,1.77M,-0.04%
6/13/2017,70.81,70.74,70.87,70.54,2.36M,0.14%
6/12/2017,70.71,70.93,71.1,70.39,3.06M,-0.63%
6/9/2017,71.16,70.88,71.26,70.67,2.13M,0.59%
6/8/2017,70.74,70.36,71.08,70.24,3.55M,0.13%
6/7/2017,70.65,71.15,71.18,70.41,1.80M,-0.28%
6/6/2017,70.85,71,71.27,70.58,2.99M,-0.71%
6/5/2017,71.36,72.12,72.16,71.33,3.20M,-0.93%
6/2/2017,72.03,72,72.46,71.79,2.40M,0.28%
6/1/2017,71.83,71.49,72.05,71.41,3.21M,0.42%
5/31/2017,71.53,71.7,71.71,71.37,4.12M,0.00%
5/30/2017,71.53,71.84,71.92,71.45,2.67M,-0.47%
5/26/2017,71.87,72.14,72.22,71.71,2.13M,-0.32%
5/25/2017,72.1,72.21,72.31,71.98,2.74M,0.14%
5/24/2017,72,72.02,72.45,71.87,2.42M,0.00%
5/23/2017,72,71.76,72.24,71.74,3.40M,0.33%
5/22/2017,71.76,71.7,71.99,71.63,2.18M,0.42%
5/19/2017,71.46,70.63,71.57,70.42,3.21M,1.49%
5/18/2017,70.41,70.48,70.77,69.57,2.59M,-0.17%
5/17/2017,70.53,70.64,70.95,70.44,3.36M,-1.49%
5/16/2017,71.6,71.42,71.65,71.24,2.02M,0.39%
5/15/2017,71.32,71.25,71.54,71.17,2.18M,0.07%
5/12/2017,71.27,71.37,71.48,71.16,2.46M,-0.36%
5/11/2017,71.53,70.98,71.59,70.64,2.75M,0.21%
5/10/2017,71.38,71.47,71.56,70.85,2.13M,-0.36%
5/9/2017,71.64,71.64,71.93,71.43,1.95M,0.32%
5/8/2017,71.41,71.59,71.69,71.3,2.71M,-0.22%
5/5/2017,71.57,70.9,71.63,70.85,2.44M,0.28%
5/4/2017,71.37,71.15,71.37,70.87,3.18M,0.59%
5/3/2017,70.95,70.36,71.05,70.19,3.63M,0.81%
5/2/2017,70.38,70.16,70.49,70.04,3.00M,0.34%
5/1/2017,70.14,70.21,70.6,69.99,2.56M,-0.06%
4/28/2017,70.18,70.3,70.55,69.95,4.48M,0.17%
4/27/2017,70.06,69.81,70.32,69.66,3.40M,0.49%
4/26/2017,69.72,69.21,70.34,68.72,5.10M,1.15%
4/25/2017,68.93,68.87,69.19,68.66,3.32M,0.47%
4/24/2017,68.61,68.41,68.77,68.26,3.16M,1.16%
4/21/2017,67.82,67.24,67.99,67.24,5.66M,0.92%
4/20/2017,67.2,66.63,67.42,66.54,2.47M,0.90%
4/19/2017,66.6,67.21,67.39,66.48,2.57M,-0.57%
4/18/2017,66.98,66.62,67.05,66.54,2.72M,0.25%
4/17/2017,66.81,66.37,66.81,66.23,3.50M,1.06%
4/13/2017,66.11,66.09,66.47,65.95,2.26M,-0.14%
4/12/2017,66.2,66.52,66.54,66.14,2.61M,-0.79%
4/11/2017,66.73,66.35,66.75,66.21,2.39M,0.23%
4/10/2017,66.58,66.64,67.09,66.46,2.10M,-0.09%
4/7/2017,66.64,66.43,66.77,66.19,2.06M,0.51%
4/6/2017,66.3,66.4,66.61,66.17,2.19M,-0.08%
4/5/2017,66.35,66.73,67.46,66.32,3.01M,-0.44%
4/4/2017,66.64,66.22,66.8,66.2,2.97M,0.94%
4/3/2017,66.02,66.22,66.34,65.61,2.12M,-0.24%
3/31/2017,66.18,66.35,66.43,65.97,2.48M,-0.21%
3/30/2017,66.32,66.04,66.45,65.97,1.48M,0.35%
3/29/2017,66.09,66.38,66.38,66.01,2.00M,-0.62%
3/28/2017,66.5,65.71,66.74,65.66,3.26M,0.82%
3/27/2017,65.96,65.52,66.02,65.15,2.49M,0.03%
3/24/2017,65.94,66.05,66.22,65.66,2.25M,-0.03%
3/23/2017,65.96,66.02,66.32,65.8,2.29M,-0.09%
3/22/2017,66.02,66.28,66.31,65.72,2.13M,-0.20%
3/21/2017,66.15,67.04,67.33,66.05,3.57M,-1.19%
3/20/2017,66.95,66.88,67.29,66.55,3.06M,0.06%
3/17/2017,66.91,66.46,67.21,66.22,7.44M,0.98%
3/16/2017,66.26,66.51,66.78,66.03,2.93M,-0.66%
3/15/2017,66.7,66.13,66.83,65.98,3.17M,1.12%
3/14/2017,65.96,65.99,66.16,65.79,2.20M,-0.42%
3/13/2017,66.24,66.39,66.49,66.04,2.98M,0.15%
3/10/2017,66.14,66.29,66.4,65.64,3.22M,0.18%
3/9/2017,66.02,65.98,66.26,63.14,2.92M,0.17%
3/8/2017,65.91,66.34,66.45,65.85,2.59M,-0.47%
3/7/2017,66.22,65.98,66.3,65.76,2.46M,0.55%
3/6/2017,65.86,65.96,66.24,65.79,3.77M,-0.60%
3/3/2017,66.26,66.55,66.9,66.16,3.11M,-0.32%
3/2/2017,66.47,67.14,67.26,66.43,2.88M,-0.87%
3/1/2017,67.05,67.03,67.5,66.92,5.09M,1.01%
2/28/2017,66.38,66.63,66.76,66.26,2.94M,-0.24%
2/27/2017,66.54,66.41,66.63,66.08,2.73M,0.32%
2/24/2017,66.33,65.95,66.47,65.91,2.92M,0.33%
2/23/2017,66.11,66.47,66.58,66.04,3.47M,-0.51%
2/22/2017,66.45,66.27,66.48,65.89,2.21M,0.15%
2/21/2017,66.35,66.17,66.53,66.08,2.14M,0.30%
2/17/2017,66.15,66.02,66.25,65.83,2.53M,0.08%
2/16/2017,66.1,66.14,66.25,65.95,2.80M,0.14%
2/15/2017,66.01,65.55,66.11,65.5,2.62M,0.30%
2/14/2017,65.81,66.05,66.25,65.73,2.77M,-0.39%
2/13/2017,66.07,65.83,66.12,65.72,2.83M,0.87%
2/10/2017,65.5,65.03,65.62,64.93,2.68M,0.88%
2/9/2017,64.93,65.04,65.3,64.88,2.65M,-0.29%
2/8/2017,65.12,65.52,65.52,65.09,2.07M,-0.76%
2/7/2017,65.62,65.69,65.9,65.45,2.77M,0.52%
2/6/2017,65.28,64.77,65.62,64.69,4.23M,0.94%
2/3/2017,64.67,64.01,64.75,63.99,3.41M,1.19%
2/2/2017,63.91,63.75,64.1,63.02,4.71M,0.16%
2/1/2017,63.81,64.66,64.82,63.64,4.67M,-1.35%
1/31/2017,64.68,64.31,64.77,63.93,3.95M,0.45%
1/30/2017,64.39,64.47,64.64,63.85,2.91M,-0.48%
1/27/2017,64.7,64.97,65.41,64.65,2.83M,-0.60%
1/26/2017,65.09,65.35,65.76,64.6,4.00M,-0.55%
1/25/2017,65.45,65.98,66.36,64.16,5.05M,-0.58%
1/24/2017,65.83,65.28,65.88,65.08,3.24M,1.15%
1/23/2017,65.08,65.38,65.65,64.87,2.30M,-0.41%
1/20/2017,65.35,65.44,65.53,64.9,3.13M,0.06%
1/19/2017,65.31,65.49,65.82,64.89,2.83M,0.28%
1/18/2017,65.13,65,65.4,64.77,2.60M,0.42%
1/17/2017,64.86,64.75,65.04,64.53,2.24M,-0.23%
1/13/2017,65.01,65.43,65.62,64.79,2.88M,-0.54%
1/12/2017,65.36,65.55,65.55,64.71,2.64M,-0.17%
1/11/2017,65.47,65.84,65.84,65.22,2.75M,-0.23%
1/10/2017,65.62,65.91,65.96,65.5,1.80M,-0.21%
1/9/2017,65.76,66.47,66.47,65.63,2.43M,-0.93%
1/6/2017,66.38,65.72,66.55,65.5,2.62M,1.07%
1/5/2017,65.68,65.57,66.02,65.21,3.34M,0.41%
1/4/2017,65.41,65.74,65.88,65.22,3.09M,0.06%
1/3/2017,65.37,65.11,65.45,64.88,2.74M,1.10%
12/30/2016,64.66,65.23,65.35,64.51,2.20M,-0.83%
12/29/2016,65.2,65.04,65.36,64.9,2.90M,0.32%
12/28/2016,64.99,65.47,65.52,64.94,1.89M,-0.72%
12/27/2016,65.46,65.49,65.55,65.17,1.07M,0.31%
12/23/2016,65.26,65.09,65.37,64.9,1.30M,0.17%
12/22/2016,65.15,65.22,65.33,64.7,2.09M,-0.03%
12/21/2016,65.17,65.43,65.55,65.16,2.08M,-0.14%
12/20/2016,65.26,65.43,65.47,64.97,2.26M,-0.15%
12/19/2016,65.36,64.63,65.51,64.22,3.84M,2.11%
12/16/2016,64.01,63.94,64.44,63.75,7.99M,0.36%
12/15/2016,63.78,64.31,64.54,63.77,3.61M,-1.04%
12/14/2016,64.45,65.09,65.14,64.34,2.76M,-0.94%
12/13/2016,65.06,65.4,65.87,65.03,3.81M,-0.08%
12/12/2016,65.11,64.54,65.17,64.17,4.48M,0.54%
12/9/2016,64.76,64.02,64.87,63.74,3.43M,1.27%
12/8/2016,63.95,64.68,64.69,63.78,3.17M,-1.14%
12/7/2016,64.69,63.41,64.79,63.16,4.26M,2.10%
12/6/2016,63.36,63.29,63.52,63.16,2.18M,0.00%
12/5/2016,63.36,64.12,64.17,63.32,3.08M,-0.74%
12/2/2016,63.83,63.72,64.04,63.39,3.12M,0.69%
12/1/2016,63.39,63.7,63.8,63.15,4.06M,-0.22%
11/30/2016,63.53,64.31,64.88,63.53,4.11M,-1.04%
11/29/2016,64.2,64.1,64.55,64.08,3.13M,0.36%
11/28/2016,63.97,63.99,64.28,63.87,2.45M,-0.30%
11/25/2016,64.16,64.07,64.41,63.87,1.01M,0.63%
11/23/2016,63.76,63.33,63.87,63.33,2.38M,1.09%
11/22/2016,63.07,63.23,63.3,63.03,2.64M,0.08%
11/21/2016,63.02,63.02,63.15,62.64,2.18M,0.32%
11/18/2016,62.82,62.91,63.09,62.74,2.68M,-0.17%
11/17/2016,62.93,63.13,63.37,62.88,2.23M,-0.25%
11/16/2016,63.09,62.89,63.33,62.73,2.71M,-0.66%
11/15/2016,63.51,63.61,63.71,62.91,3.80M,-0.17%
11/14/2016,63.62,64.54,64.54,63.54,4.14M,-0.92%
11/11/2016,64.21,63.64,64.24,63.11,4.15M,0.42%
11/10/2016,63.94,62.15,63.97,62.13,6.11M,3.43%
11/9/2016,61.82,59.62,62.1,59.62,5.00M,1.39%
11/8/2016,60.97,60.89,61.29,60.53,2.52M,0.31%
11/7/2016,60.78,60.73,60.95,60.46,4.23M,1.69%
11/4/2016,59.77,59.71,60.03,59.42,2.61M,0.29%
11/3/2016,59.6,60.04,60.11,59.41,2.44M,-0.48%
11/2/2016,59.89,60.07,60.49,59.67,4.12M,-0.47%
11/1/2016,60.17,60.4,60.7,59.75,4.04M,-0.18%
10/31/2016,60.28,60.17,60.51,60.1,4.01M,0.35%
10/28/2016,60.07,59.29,60.24,59.29,4.45M,1.78%
10/27/2016,59.02,59.85,59.94,58.98,3.55M,-0.94%
10/26/2016,59.58,59.57,60.05,59.42,3.73M,-0.33%
10/25/2016,59.78,59.64,60.22,59.25,6.75M,1.84%
10/24/2016,58.7,58.59,58.9,58.44,4.29M,0.86%
10/21/2016,58.2,58.03,58.26,57.58,4.09M,-0.61%
10/20/2016,58.56,58.83,59.09,58.55,3.88M,-0.48%
10/19/2016,58.84,59.13,59.24,58.83,4.01M,-0.24%
10/18/2016,58.98,59.27,59.32,58.79,3.04M,0.29%
10/17/2016,58.81,59.06,59.24,58.78,2.45M,-0.46%
10/14/2016,59.08,59.23,59.45,59.02,3.17M,0.32%
10/13/2016,58.89,58.04,59.03,57.89,3.77M,0.93%
10/12/2016,58.35,58.28,58.54,58.12,3.82M,0.15%
10/11/2016,58.26,58.72,58.9,58.07,4.31M,-1.20%
10/10/2016,58.97,59.08,59.59,58.77,4.52M,-0.59%
10/7/2016,59.32,59.55,59.58,58.87,3.94M,-1.48%
10/6/2016,60.21,60.23,60.29,59.78,3.65M,-0.17%
10/5/2016,60.31,59.98,60.36,59.82,2.74M,0.82%
10/4/2016,59.82,60.5,60.64,59.75,3.20M,-0.98%
10/3/2016,60.41,59.93,60.56,59.74,3.97M,0.80%
9/30/2016,59.93,59.82,60.18,59.61,5.05M,0.54%
9/29/2016,59.61,60.62,60.62,59.5,3.72M,-1.26%
9/28/2016,60.37,60.56,60.67,59.97,5.01M,0.00%
9/27/2016,60.37,60.21,60.59,60.03,4.30M,0.12%
9/26/2016,60.3,60.26,60.73,60.03,3.35M,-0.31%
9/23/2016,60.49,60.22,60.75,60.11,2.65M,-0.43%
9/22/2016,60.75,60.59,61.03,60.53,3.57M,1.01%
9/21/2016,60.14,59.36,60.21,59.26,3.14M,1.73%
9/20/2016,59.12,59.44,59.87,59.12,3.11M,-0.20%
9/19/2016,59.24,59.28,59.68,59.12,3.32M,0.34%
9/16/2016,59.04,60.5,60.5,58.89,7.72M,-2.54%
9/15/2016,60.58,59.83,60.7,59.72,3.16M,1.03%
9/14/2016,59.96,60.27,60.67,59.83,4.09M,-0.65%
9/13/2016,60.35,60.79,60.96,60.19,3.54M,-1.65%
9/12/2016,61.36,60.28,61.55,60.1,3.85M,1.32%
9/9/2016,60.56,61.93,61.99,60.56,4.26M,-2.90%
9/8/2016,62.37,62.29,62.61,62.24,2.81M,-0.10%
9/7/2016,62.43,62.36,62.69,62.1,2.52M,-0.16%
9/6/2016,62.53,63.11,63.4,62.21,3.67M,-0.86%
9/2/2016,63.07,63.22,63.53,62.8,3.07M,0.19%
9/1/2016,62.95,62.96,63.09,62.34,3.23M,0.29%
8/31/2016,62.77,63.1,63.22,62.73,3.35M,-0.87%
8/30/2016,63.32,63.62,63.77,63.22,2.39M,-0.57%
8/29/2016,63.68,63.45,63.79,63.36,1.79M,0.62%
8/26/2016,63.29,63.66,63.87,63.07,2.51M,-0.38%
8/25/2016,63.53,63.55,63.78,63.35,1.79M,-0.24%
8/24/2016,63.68,63.71,63.89,63.46,2.44M,-0.03%
8/23/2016,63.7,64.29,64.5,63.7,3.06M,-0.45%
8/22/2016,63.99,64.01,64.28,63.78,2.45M,-0.59%
8/19/2016,64.37,64.3,64.54,64.23,2.39M,-0.17%
8/18/2016,64.48,64.32,64.54,64.2,1.96M,0.36%
8/17/2016,64.25,64.02,64.3,63.82,2.21M,-0.20%
8/16/2016,64.38,64.41,64.66,64.29,2.41M,-0.49%
8/15/2016,64.7,64.39,64.78,64.39,2.04M,0.76%
8/12/2016,64.21,64.3,64.4,64.02,1.81M,-0.30%
8/11/2016,64.4,63.99,64.46,63.97,2.01M,0.99%
8/10/2016,63.77,63.97,63.99,63.57,1.66M,-0.20%
8/9/2016,63.9,63.71,63.94,63.62,2.21M,0.50%
8/8/2016,63.58,63.55,63.9,63.4,3.02M,0.05%
8/5/2016,63.55,63.02,63.55,62.92,2.68M,1.31%
8/4/2016,62.73,62.84,63.15,62.71,1.86M,0.06%
8/3/2016,62.69,62.68,62.83,62.53,2.99M,0.02%
8/2/2016,62.68,62.81,62.95,62.46,2.38M,-0.62%
8/1/2016,63.07,63.38,63.49,62.82,3.06M,-0.66%
7/29/2016,63.49,63.41,63.75,63.22,3.23M,0.06%
7/28/2016,63.45,63.52,63.69,63.17,2.81M,-0.11%
7/27/2016,63.52,63.74,63.99,63.39,4.00M,-0.19%
7/26/2016,63.64,63.13,63.68,62.82,4.41M,3.11%
7/25/2016,61.72,61.96,62.05,61.59,3.46M,-0.47%
7/22/2016,62.01,61.79,62.05,61.64,3.51M,-0.67%
7/21/2016,62.43,62.74,62.96,62.29,3.83M,-0.18%
7/20/2016,62.54,62.34,62.69,62.26,2.99M,0.39%
7/19/2016,62.3,61.92,62.48,61.87,3.49M,0.13%
7/18/2016,62.22,62.21,62.48,61.86,2.19M,-0.02%
7/15/2016,62.23,62.14,62.31,61.85,2.84M,0.35%
7/14/2016,62.01,62.51,62.51,61.9,3.31M,0.05%
7/13/2016,61.98,61.97,62.05,61.69,2.95M,0.55%
7/12/2016,61.64,61.48,61.97,61.39,3.75M,0.52%
7/11/2016,61.32,61.14,61.63,61.1,3.32M,0.29%
7/8/2016,61.14,60.7,61.19,60.5,3.50M,1.66%
7/7/2016,60.14,59.88,60.24,59.79,3.05M,0.57%
7/6/2016,59.8,59.31,59.86,58.57,5.23M,0.76%
7/5/2016,59.35,60.22,60.36,59.11,4.31M,-2.05%
7/1/2016,60.59,60.44,61.45,60.36,6.58M,0.17%
6/30/2016,60.49,59.49,60.5,59.31,5.84M,2.08%
6/29/2016,59.26,58.97,59.39,58.66,4.74M,1.46%
6/28/2016,58.41,57.89,58.46,57.76,5.58M,1.87%
6/27/2016,57.34,57.8,57.93,57.15,6.25M,-1.70%
6/24/2016,58.33,58.64,59.22,58.25,7.45M,-3.36%
6/23/2016,60.36,60.46,60.46,60,3.07M,0.97%
6/22/2016,59.78,60.03,60.14,59.63,2.63M,-0.22%
6/21/2016,59.91,60.16,60.22,59.81,3.32M,-0.12%
6/20/2016,59.98,60.17,60.67,59.96,4.45M,0.49%
6/17/2016,59.69,59.48,59.98,59.18,5.69M,0.08%
6/16/2016,59.64,59.15,59.89,58.6,4.55M,0.57%
6/15/2016,59.3,59.87,60.01,59.3,4.48M,-0.64%
6/14/2016,59.68,59.7,60.11,59.28,3.71M,-0.03%
6/13/2016,59.7,60.15,60.4,59.68,4.49M,-0.76%
6/10/2016,60.16,59.9,60.39,59.7,3.60M,-0.31%
6/9/2016,60.35,59.91,60.37,59.86,3.61M,0.25%
6/8/2016,60.2,59.84,60.23,59.8,2.57M,0.60%
6/7/2016,59.84,60.03,60.4,59.84,2.54M,0.10%
6/6/2016,59.78,59.42,59.91,59.28,3.77M,0.91%
6/3/2016,59.24,59.42,59.44,58.92,2.25M,-0.35%
6/2/2016,59.45,59.13,59.46,59.02,2.47M,0.44%
6/1/2016,59.19,59.03,59.28,58.24,2.81M,-0.22%
5/31/2016,59.32,59.44,59.69,59.19,5.27M,-0.19%
5/27/2016,59.43,59.27,59.44,59.03,2.67M,0.35%
5/26/2016,59.22,59.24,59.57,59.15,2.50M,0.08%
5/25/2016,59.17,59.15,59.54,59.15,2.35M,0.41%
5/24/2016,58.93,58.68,59.19,58.64,2.95M,1.03%
5/23/2016,58.33,58.36,58.43,57.96,2.66M,-0.21%
5/20/2016,58.45,58.48,58.92,58.2,4.31M,0.60%
5/19/2016,58.1,58.2,58.36,57.77,3.14M,-0.79%
5/18/2016,58.56,58.66,59.28,58.27,3.34M,-0.78%
5/17/2016,59.02,59.96,60.13,58.83,4.19M,-1.72%
5/16/2016,60.05,59.01,60.21,59.01,3.47M,1.54%
5/13/2016,59.14,59.71,60,58.96,3.28M,-1.17%
5/12/2016,59.84,60.03,60.33,59.66,2.87M,-0.15%
5/11/2016,59.93,60.49,60.56,59.83,2.80M,-0.55%
5/10/2016,60.26,59.16,60.41,59.1,3.67M,2.08%
5/9/2016,59.03,59.18,59.79,58.97,3.83M,-1.02%
5/6/2016,59.64,59.13,59.74,58.87,3.75M,0.83%
5/5/2016,59.15,59.64,59.71,58.93,3.53M,-0.39%
5/4/2016,59.38,59.8,60.03,59.12,5.63M,-1.43%
5/3/2016,60.24,61.02,61.26,60.08,4.79M,-2.14%
5/2/2016,61.56,61.28,61.87,61.07,4.22M,0.00%
4/29/2016,61.56,61.06,61.9,61.06,3.05M,0.13%
4/28/2016,61.48,62.02,62.28,61.16,4.67M,-1.57%
4/27/2016,62.46,62.71,63.15,61.86,6.34M,1.05%
4/26/2016,61.81,62.2,62.38,61.12,5.51M,-0.39%
4/25/2016,62.05,62.04,62.05,61.5,2.77M,-0.47%
4/22/2016,62.34,62.36,62.7,61.89,3.06M,0.26%
4/21/2016,62.18,62.26,62.5,62.08,2.63M,-0.10%
4/20/2016,62.24,62.18,62.59,62.05,3.82M,0.50%
4/19/2016,61.93,62.28,62.69,61.64,3.85M,-0.13%
4/18/2016,62.01,61.71,62.13,61.36,2.81M,0.54%
4/15/2016,61.68,61.62,62.02,61.46,3.76M,-0.10%
4/14/2016,61.74,61.93,62.18,60.1,5.22M,0.06%
4/13/2016,61.7,61.12,61.78,61.11,3.66M,1.48%
4/12/2016,60.8,60.33,61.03,60.33,3.19M,0.93%
4/11/2016,60.24,59.91,60.71,59.64,4.58M,0.80%
4/8/2016,59.76,59.83,60.37,59.55,2.76M,0.42%
4/7/2016,59.51,58.92,59.81,58.79,3.84M,0.52%
4/6/2016,59.2,58.74,59.3,58.05,5.07M,0.51%
4/5/2016,58.9,58.83,59.19,58.59,3.12M,-0.41%
4/4/2016,59.14,59.16,59.68,58.86,3.71M,0.31%
4/1/2016,58.96,58.62,59.25,58.29,4.04M,-0.14%
3/31/2016,59.04,59.03,59.23,58.39,3.83M,-0.15%
3/30/2016,59.13,59.47,59.57,58.92,3.01M,0.14%
3/29/2016,59.05,58.04,59.17,57.85,3.77M,1.22%
3/28/2016,58.34,58.37,58.56,58.19,2.28M,-0.15%
3/24/2016,58.43,57.89,58.44,57.8,2.85M,-0.05%
3/23/2016,58.46,58.26,58.67,57.97,3.24M,0.46%
3/22/2016,58.19,58.2,58.55,57.98,3.51M,-0.51%
3/21/2016,58.49,58.44,58.75,58.27,4.00M,0.12%
3/18/2016,58.42,58.52,59.15,58.29,9.51M,0.21%
3/17/2016,58.3,57.7,58.55,57.44,4.17M,1.39%
3/16/2016,57.5,56.74,57.8,56.62,4.60M,1.25%
3/15/2016,56.79,56.66,57.04,56.55,2.75M,-0.56%
3/14/2016,57.11,56.8,57.43,56.79,3.97M,0.09%
3/11/2016,57.06,57.32,57.6,56.9,4.03M,0.58%
3/10/2016,56.73,56.98,57.28,56.06,4.81M,-0.44%
3/9/2016,56.98,57.4,57.5,56.86,4.16M,-0.30%
3/8/2016,57.15,56.7,57.5,56.7,5.35M,-0.02%
3/7/2016,57.16,56.95,57.48,56.65,6.31M,-0.09%
3/4/2016,57.21,56.72,57.39,56.49,4.67M,0.92%
3/3/2016,56.69,56.15,56.71,56.07,4.60M,0.62%
3/2/2016,56.34,55.89,56.62,55.68,5.45M,0.50%
3/1/2016,56.06,54.39,56.06,54.3,12.35M,-1.63%
2/29/2016,56.99,57.47,58.31,56.92,8.85M,-1.09%
2/26/2016,57.62,59.11,59.31,56.92,14.65M,-0.38%
2/25/2016,57.84,55.39,58.23,55.25,16.86M,4.76%
2/24/2016,55.21,53.74,55.53,53.74,16.99M,2.18%
2/23/2016,54.03,54.4,54.52,53.37,11.57M,-0.83%
2/22/2016,54.48,52.61,55.98,52.42,21.83M,4.69%
2/19/2016,52.04,52.11,52.49,51.56,11.82M,-0.15%
2/18/2016,52.12,52.23,52.52,52,5.00M,0.29%
2/17/2016,51.97,51.14,52.19,51.1,5.14M,1.88%
2/16/2016,51.01,51.51,51.61,50.46,6.96M,0.63%
2/12/2016,50.69,50.13,50.8,50.08,5.89M,1.52%
2/11/2016,49.93,50.36,51.05,49.45,7.71M,-2.65%
2/10/2016,51.29,51.53,52.17,51.16,3.62M,-0.33%
2/9/2016,51.46,50.88,51.77,50.68,7.36M,0.55%
2/8/2016,51.18,51.51,51.55,50.62,6.86M,-1.22%
2/5/2016,51.81,51.93,52.2,51.57,5.22M,-0.31%
2/4/2016,51.97,50.78,52.32,50.74,5.92M,2.50%
2/3/2016,50.7,50.72,50.94,49.72,8.31M,0.64%
2/2/2016,50.38,50.82,51.15,50.18,7.40M,-2.44%
2/1/2016,51.64,51.35,51.81,50.99,5.04M,-0.15%
1/29/2016,51.72,51.24,51.72,51.17,7.89M,1.43%
1/28/2016,50.99,50.9,51.43,50.68,5.76M,0.75%
1/27/2016,50.61,50.55,51.65,49.99,8.08M,0.18%
1/26/2016,50.52,50.31,51,50.26,7.39M,0.88%
1/25/2016,50.08,50.71,50.81,49.95,10.44M,-1.67%
1/22/2016,50.93,51.28,51.54,50.65,4.65M,0.91%
1/21/2016,50.47,50.03,51.19,49.86,5.74M,0.88%
1/20/2016,50.03,49.8,50.48,49.18,9.60M,-0.50%
1/19/2016,50.28,50.93,50.93,49.82,7.47M,-0.46%
1/15/2016,50.51,51.31,51.94,50.41,10.49M,-3.79%
1/14/2016,52.5,52.54,52.84,51.82,7.40M,0.21%
1/13/2016,52.39,53.48,53.48,52.15,8.59M,-1.85%
1/12/2016,53.38,53.67,53.76,52.89,7.70M,0.00%
1/11/2016,53.38,53.73,53.91,53.04,7.19M,0.11%
1/8/2016,53.32,54.01,54.19,53.21,7.50M,-1.62%
1/7/2016,54.2,53.95,55.06,53.93,6.98M,-1.31%
1/6/2016,54.92,55.38,55.82,54.58,8.30M,-2.73%
1/5/2016,56.46,56.11,56.62,55.91,4.25M,0.16%
1/4/2016,56.37,55.71,56.41,55.42,5.38M,-0.51%
12/31/2015,56.66,56.86,57.02,56.45,2.95M,-0.86%
12/30/2015,57.15,57.16,57.51,56.93,3.16M,-0.38%
12/29/2015,57.37,57.02,57.67,56.83,3.29M,1.22%
12/28/2015,56.68,56.61,56.81,56.45,3.61M,-0.21%
12/24/2015,56.8,56.56,56.93,56.55,1.38M,0.00%
12/23/2015,56.8,56.33,56.98,56.29,4.68M,1.50%
12/22/2015,55.96,55.63,56.27,55.44,4.64M,1.36%
12/21/2015,55.21,54.86,55.38,54.67,8.71M,1.38%
12/18/2015,54.46,55.04,55.64,54.46,8.67M,-1.64%
12/17/2015,55.37,56.11,56.46,55.35,4.80M,-1.32%
12/16/2015,56.11,55.42,56.29,55.11,9.87M,2.00%
12/15/2015,55.01,55.25,55.83,54.99,6.62M,0.26%
12/14/2015,54.87,55.03,55.19,54.38,6.75M,-0.29%
12/11/2015,55.03,54.86,55.81,54.81,9.94M,-0.61%
12/10/2015,55.37,55.48,55.84,54.04,5.81M,-0.31%
12/9/2015,55.54,55.19,56.37,54.98,6.91M,-0.07%
12/8/2015,55.58,56.02,56.22,55.38,7.01M,-1.75%
12/7/2015,56.57,56.4,56.77,56.25,4.68M,0.19%
12/4/2015,56.46,56.03,56.99,55.91,9.23M,1.07%
12/3/2015,55.86,56.21,56.5,55.68,6.08M,-0.57%
12/2/2015,56.18,56.89,57.11,56.11,3.89M,-1.51%
12/1/2015,57.04,56.65,57.48,56.63,4.60M,0.69%
11/30/2015,56.65,57.25,57.36,56.59,5.56M,-0.77%
11/27/2015,57.09,57.22,57.31,56.94,1.92M,-0.49%
11/25/2015,57.37,57.45,57.83,57.36,4.34M,-0.09%
11/24/2015,57.42,57.55,57.73,56.89,5.34M,-0.74%
11/23/2015,57.85,57.91,58.14,57.74,4.18M,-0.14%
11/20/2015,57.93,58.18,58.72,57.88,4.90M,-0.09%
11/19/2015,57.98,57.78,58.33,57.7,4.37M,0.61%
11/18/2015,57.63,57.58,57.72,57.12,4.20M,0.16%
11/17/2015,57.54,57.9,57.98,57.45,4.53M,-0.28%
11/16/2015,57.7,56.95,57.72,56.85,5.10M,1.39%
11/13/2015,56.91,58.23,58.77,56.85,6.22M,-2.75%
11/12/2015,58.52,57.37,58.82,57.14,8.81M,0.97%
11/11/2015,57.96,58.42,58.63,57.84,2.17M,-0.41%
11/10/2015,58.2,58.29,58.64,57.77,2.74M,-0.99%
11/9/2015,58.78,59.34,59.48,58.52,3.16M,-1.13%
11/6/2015,59.45,59.01,59.45,58.56,2.74M,0.00%
11/5/2015,59.45,59.24,59.57,58.82,2.83M,0.46%
11/4/2015,59.18,59.23,59.59,58.98,3.12M,0.34%
11/3/2015,58.98,58.62,59.18,58.27,3.09M,0.61%
11/2/2015,58.62,58.29,58.73,58.01,3.07M,1.00%
10/30/2015,58.04,58.41,58.5,57.96,4.01M,-0.65%
10/29/2015,58.42,58.53,58.75,57.94,3.29M,-0.27%
10/28/2015,58.58,58.61,58.7,57.9,3.83M,0.45%
10/27/2015,58.32,58.86,58.96,58.22,3.40M,-1.35%
10/26/2015,59.12,59.35,59.56,58.98,2.70M,-0.39%
10/23/2015,59.35,59.25,59.51,59.09,5.03M,0.83%
10/22/2015,58.86,57.97,59.12,57.86,5.72M,1.87%
10/21/2015,57.78,56.76,58.2,56.63,10.66M,2.45%
10/20/2015,56.4,55.64,57.62,54.9,9.01M,3.89%
10/19/2015,54.29,54.56,54.76,53.8,5.51M,-1.02%
10/16/2015,54.85,55.44,55.53,54.63,3.15M,-0.20%
10/15/2015,54.96,54.68,54.99,54.35,3.83M,1.10%
10/14/2015,54.36,55.6,55.95,54.12,5.61M,-2.25%
10/13/2015,55.61,55.54,55.88,55.23,4.08M,-1.21%
10/12/2015,56.29,56,56.31,55.8,3.19M,0.07%
10/9/2015,56.25,55.84,56.59,55.74,4.10M,1.10%
10/8/2015,55.64,54.77,55.67,54.76,4.05M,0.89%
10/7/2015,55.15,55.44,55.54,54.6,3.78M,1.03%
10/6/2015,54.59,54.35,54.76,54.27,3.39M,0.31%
10/5/2015,54.42,53.34,54.54,53.21,4.91M,2.78%
10/2/2015,52.95,51.6,53.02,51.21,4.62M,1.59%
10/1/2015,52.12,52.43,52.75,51.63,3.67M,-0.70%
9/30/2015,52.49,52.28,52.83,51.95,5.07M,1.16%
9/29/2015,51.89,51.07,51.95,51,4.12M,1.33%
9/28/2015,51.21,51.08,51.59,50.9,5.34M,-0.54%
9/25/2015,51.49,51.69,52,51.15,7.45M,0.55%
9/24/2015,51.21,50.58,51.31,50.43,7.13M,-0.16%
9/23/2015,51.29,51.99,52.13,50.67,7.32M,-1.40%
9/22/2015,52.02,52.48,52.91,51.7,7.91M,-3.67%
9/21/2015,54,53.87,54.36,53.67,2.98M,0.54%
9/18/2015,53.71,54.5,54.61,53.4,10.47M,-2.42%
9/17/2015,55.04,55.38,55.99,54.94,5.21M,-0.67%
9/16/2015,55.41,54.69,55.51,54.66,3.50M,1.37%
9/15/2015,54.66,54.63,54.92,54.31,4.11M,0.92%
9/14/2015,54.16,54.44,54.52,53.9,3.28M,-0.55%
9/11/2015,54.46,53.79,54.46,53.67,4.49M,1.02%
9/10/2015,53.91,54.29,54.32,53.61,6.12M,-0.48%
9/9/2015,54.17,55.24,55.35,54.11,4.78M,-1.06%
9/8/2015,54.75,54.35,54.83,54.23,4.81M,2.37%
9/4/2015,53.48,53.57,53.76,53.3,4.56M,-1.35%
9/3/2015,54.21,54.26,54.61,54.05,4.53M,0.74%
9/2/2015,53.81,53.64,53.83,53.07,5.64M,1.68%
9/1/2015,52.92,52.78,53.48,52.66,6.79M,-2.05%
8/31/2015,54.03,53.8,54.63,53.4,7.07M,-1.75%
8/28/2015,54.99,54.76,55.18,54.66,5.23M,-0.04%
8/27/2015,55.01,54.57,55.14,54,7.47M,1.87%
8/26/2015,54,53.49,54.08,52.38,7.38M,3.09%
8/25/2015,52.38,55.07,55.3,52.31,8.28M,-2.28%
8/24/2015,53.6,52.3,54.96,51.41,10.99M,-2.30%
8/21/2015,54.86,56.01,56.16,54.81,7.62M,-2.94%
8/20/2015,56.52,57.51,57.89,56.52,6.08M,-2.43%
8/19/2015,57.93,58.21,58.61,57.73,3.62M,-1.19%
8/18/2015,58.63,58.37,58.99,58.37,4.73M,0.05%
8/17/2015,58.6,57.88,58.64,57.57,4.23M,0.67%
8/14/2015,58.21,57.87,58.32,57.8,4.41M,0.31%
8/13/2015,58.03,58.12,58.39,57.84,4.69M,-0.31%
8/12/2015,58.21,57.36,58.3,57.01,4.64M,0.09%
8/11/2015,58.16,58.2,58.33,57.8,7.67M,-0.95%
8/10/2015,58.72,58.3,58.86,58.3,6.07M,1.29%
8/7/2015,57.97,58.23,58.39,57.8,2.90M,-0.70%
8/6/2015,58.38,58.39,58.52,58.01,4.20M,0.12%
8/5/2015,58.31,58.96,59.06,58.23,3.90M,-0.17%
8/4/2015,58.41,59,59.05,58.34,5.56M,-0.39%
8/3/2015,58.64,59.16,59.16,57.91,7.12M,-0.88%
7/31/2015,59.16,59.52,59.86,59.13,7.22M,-0.42%
7/30/2015,59.41,58.62,59.74,58.39,6.74M,1.38%
7/29/2015,58.6,58.44,58.73,57.56,11.94M,0.39%
7/28/2015,58.37,58.41,58.56,57.81,5.58M,0.10%
7/27/2015,58.31,58.26,58.71,58.03,7.56M,-0.44%
7/24/2015,58.57,59.57,59.68,58.54,6.59M,-1.81%
7/23/2015,59.65,60.27,60.27,59.42,5.93M,-0.42%
7/22/2015,59.9,60.31,60.46,59.51,9.43M,-1.12%
7/21/2015,60.58,61.55,61.9,60.03,19.54M,-7.03%
7/20/2015,65.16,65.45,65.48,64.59,7.49M,-0.24%
7/17/2015,65.32,65.62,65.75,65.23,3.47M,-0.46%
7/16/2015,65.62,66.25,66.27,65.49,3.06M,0.00%
7/15/2015,65.62,65.76,65.96,65.36,2.84M,-0.23%
7/14/2015,65.77,65.76,65.85,65.48,2.99M,-0.06%
7/13/2015,65.81,65.58,66.05,65.32,3.89M,1.26%
7/10/2015,64.99,65.1,65.63,64.59,4.31M,1.17%
7/9/2015,64.24,64.88,65.14,64.24,2.55M,0.22%
7/8/2015,64.1,64.15,64.71,63.85,3.81M,-1.28%
7/7/2015,64.93,64.61,65.01,63.73,4.73M,0.67%
7/6/2015,64.5,63.91,64.77,63.67,4.20M,-0.19%
7/2/2015,64.62,65.66,65.82,64.42,5.16M,-1.13%
7/1/2015,65.36,66.08,66.16,64.96,4.13M,-0.11%
6/30/2015,65.43,66.2,66.34,65.25,5.91M,-0.53%
6/29/2015,65.78,66.5,66.67,65.73,4.16M,-1.76%
6/26/2015,66.96,66.93,67.23,66.68,3.67M,0.19%
6/25/2015,66.83,67.38,67.62,66.83,3.79M,-0.58%
6/24/2015,67.22,67.65,67.73,67.13,4.27M,-1.09%
6/23/2015,67.96,67.93,68.13,67.78,3.63M,-0.04%
6/22/2015,67.99,68.06,68.29,67.81,2.97M,0.34%
6/19/2015,67.76,68.18,68.51,67.76,4.21M,-0.88%
6/18/2015,68.36,67.41,68.75,67.41,3.75M,0.72%
6/17/2015,67.87,67.99,68.11,67.23,3.80M,0.12%
6/16/2015,67.79,67.54,68.05,67.43,4.94M,0.28%
6/15/2015,67.6,67.95,68.14,67.47,5.97M,-2.54%
6/12/2015,69.36,69.28,69.62,69.02,2.35M,-0.62%
6/11/2015,69.79,69.59,69.83,69.26,2.71M,0.71%
6/10/2015,69.3,69.3,69.6,68.96,3.15M,1.02%
6/9/2015,68.6,68.72,69.16,68.43,2.50M,0.12%
6/8/2015,68.52,68.74,69.22,68.48,3.24M,-0.71%
6/5/2015,69.01,68.77,69.23,68.52,2.67M,-0.12%
6/4/2015,69.09,69.5,69.85,68.88,3.58M,-1.16%
6/3/2015,69.9,69.62,70.26,69.24,3.13M,1.00%
6/2/2015,69.21,68.85,69.63,68.56,3.50M,0.29%
6/1/2015,69.01,69.14,69.38,68.69,2.34M,-0.14%
5/29/2015,69.11,69.31,69.37,68.67,5.06M,-0.45%
5/28/2015,69.42,69.17,69.6,69.17,2.90M,0.04%
5/27/2015,69.39,69.24,69.53,68.82,3.37M,0.67%
5/26/2015,68.93,69.92,69.96,68.66,3.43M,-1.47%
5/22/2015,69.96,70.19,70.58,69.92,2.39M,-0.43%
5/21/2015,70.26,70.08,70.58,70.01,2.12M,0.21%
5/20/2015,70.11,70.58,70.58,69.95,2.43M,-0.17%
5/19/2015,70.23,69.95,70.45,69.9,2.81M,0.47%
5/18/2015,69.9,69.91,70.26,69.83,2.44M,0.01%
5/15/2015,69.89,70.24,70.42,69.55,2.96M,-0.54%
5/14/2015,70.27,69.49,70.41,69.49,2.73M,1.50%
5/13/2015,69.23,68.99,69.6,68.93,3.04M,0.01%
5/12/2015,69.22,69.04,69.5,68.43,2.80M,-0.29%
5/11/2015,69.42,69.27,69.89,69.27,3.02M,-0.62%
5/8/2015,69.85,69.43,70.1,69.19,3.71M,2.06%
5/7/2015,68.44,67.91,68.75,67.59,3.16M,0.82%
5/6/2015,67.88,68.75,68.75,67.4,3.69M,0.01%
5/5/2015,67.87,68.42,68.94,67.66,3.03M,-1.18%
5/4/2015,68.68,68.29,69.09,68.24,3.93M,0.87%
5/1/2015,68.09,67.59,68.25,67.54,2.78M,1.49%
4/30/2015,67.09,67.79,68.2,66.82,3.90M,-1.41%
4/29/2015,68.05,68.17,68.55,67.93,2.89M,-0.61%
4/28/2015,68.47,67.95,68.56,67.8,2.75M,0.29%
4/27/2015,68.27,68.81,68.93,68.24,3.92M,-0.35%
4/24/2015,68.51,69.27,69.42,68.45,3.52M,-0.94%
4/23/2015,69.16,68.67,69.55,68.44,2.63M,0.26%
4/22/2015,68.98,69,69.26,68.26,2.79M,0.00%
4/21/2015,68.98,70.03,70.19,68.48,4.58M,0.38%
4/20/2015,68.72,68.43,69.11,68.35,4.01M,1.22%
4/17/2015,67.89,68.6,68.73,67.75,4.32M,-2.02%
4/16/2015,69.29,69.21,69.78,68.96,2.91M,-0.33%
4/15/2015,69.52,69.65,70.06,69.32,2.77M,0.14%
4/14/2015,69.42,69.04,69.66,68.76,2.61M,0.25%
4/13/2015,69.25,69.58,69.96,69.15,3.03M,-0.89%
4/10/2015,69.87,69.68,70.15,69.26,2.25M,0.49%
4/9/2015,69.53,69.42,70.03,69.11,2.09M,0.04%
4/8/2015,69.5,69.43,69.98,69.04,2.48M,0.29%
4/7/2015,69.3,69.46,69.92,69.27,2.27M,-0.32%
4/6/2015,69.52,68.38,70.02,68.38,2.86M,0.64%
4/2/2015,69.08,68.77,69.41,68.41,4.23M,1.04%
4/1/2015,68.37,69.23,69.29,68.04,3.43M,-1.10%
3/31/2015,69.13,69.4,69.69,69.1,3.53M,-1.37%
3/30/2015,70.09,69.41,70.32,69.24,3.00M,1.65%
3/27/2015,68.95,68.5,69.13,68.45,2.80M,0.75%
3/26/2015,68.44,68.39,68.78,67.84,4.39M,-0.36%
3/25/2015,68.69,70.31,70.39,68.65,4.46M,-2.07%
3/24/2015,70.14,70.21,70.88,69.75,4.03M,0.20%
3/23/2015,70,70.46,70.59,69.71,4.54M,-0.65%
3/20/2015,70.46,70.67,71.01,70.46,8.21M,0.07%
3/19/2015,70.41,70.8,70.96,70.21,2.88M,-0.78%
3/18/2015,70.96,70.35,71.13,69.16,5.28M,0.37%
3/17/2015,70.7,70.49,70.85,70.04,3.82M,-0.17%
3/16/2015,70.82,70.34,70.87,70.21,4.67M,1.13%
3/13/2015,70.03,71.23,71.72,69.42,7.36M,-2.07%
3/12/2015,71.51,70.98,71.64,70.94,4.91M,2.45%
3/11/2015,69.8,69.47,70.13,69.23,3.75M,0.81%
3/10/2015,69.24,71.1,71.36,69.21,5.58M,-3.58%
3/9/2015,71.81,70.36,72.07,70.36,4.13M,1.94%
3/6/2015,70.44,70.42,70.99,70.12,3.66M,-1.12%
3/5/2015,71.24,71.54,71.66,70.98,1.93M,-0.21%
3/4/2015,71.39,71.52,71.59,71.08,2.12M,-0.54%
3/3/2015,71.78,71.95,72.48,71.43,3.19M,-1.21%
3/2/2015,72.66,71.86,72.84,71.69,2.33M,1.06%
2/27/2015,71.9,72.28,72.46,71.83,3.09M,-0.62%
2/26/2015,72.35,72.74,72.87,72.05,2.50M,-0.58%
2/25/2015,72.77,73.05,73.33,72.52,2.87M,-0.33%
2/24/2015,73.01,72.79,73.22,72.54,2.46M,0.05%
2/23/2015,72.97,72.92,73.23,72.59,2.74M,-0.31%
2/20/2015,73.2,72.54,73.4,71.96,4.06M,0.98%
2/19/2015,72.49,71.71,72.55,71.71,3.41M,0.75%
2/18/2015,71.95,71.56,72.35,71.37,3.48M,0.54%
2/17/2015,71.56,71.37,71.9,71.11,3.24M,0.06%
2/13/2015,71.52,70.39,71.59,70.39,3.80M,1.39%
2/12/2015,70.54,70.29,70.75,70.08,2.90M,0.76%
2/11/2015,70.01,69.9,70.22,69.58,2.71M,-0.58%
2/10/2015,70.42,70.71,70.91,70.14,2.56M,0.06%
2/9/2015,70.38,70.45,70.74,70.13,2.56M,-0.41%
2/6/2015,70.67,70.78,71.38,70.41,2.83M,-0.24%
2/5/2015,70.84,69.75,70.99,69.55,4.69M,1.97%
2/4/2015,69.47,70.04,70.19,69.27,3.21M,-0.93%
2/3/2015,70.12,69.35,70.49,68.67,4.49M,1.98%
2/2/2015,68.76,67.93,68.83,67.27,3.52M,1.57%
1/30/2015,67.7,67.84,68.55,67.61,4.62M,-1.43%
1/29/2015,68.68,68.94,69.03,67.52,6.33M,-0.41%
1/28/2015,68.96,70.41,70.41,68.88,4.34M,-1.88%
1/27/2015,70.28,68.71,70.99,67.83,7.33M,0.34%
1/26/2015,70.04,70.68,70.73,69.76,5.69M,-1.03%
1/23/2015,70.77,71,71.34,70.74,4.30M,-0.38%
1/22/2015,71.04,70.64,71.18,70.05,6.56M,1.18%
1/21/2015,70.21,69.22,70.36,69.13,7.18M,1.28%
1/20/2015,69.32,68.76,69.44,68.36,5.47M,1.18%
1/16/2015,68.51,66.76,68.62,66.74,5.77M,2.31%
1/15/2015,66.96,67.34,67.65,66.68,3.17M,0.00%
1/14/2015,66.96,66.75,67.34,66.42,3.51M,-0.71%
1/13/2015,67.44,68.14,68.91,66.94,4.20M,-0.09%
1/12/2015,67.5,67.51,67.68,66.66,5.02M,0.37%
1/9/2015,67.25,67.79,67.91,66.87,3.83M,-0.55%
1/8/2015,67.62,67.19,67.83,66.83,3.90M,1.70%
1/7/2015,66.49,66.27,66.85,66.07,3.10M,1.08%
1/6/2015,65.78,66.22,66.67,65.02,5.77M,-1.41%
1/5/2015,66.72,67.56,68.1,66.55,4.77M,-1.67%
1/2/2015,67.85,67.91,68.21,67.12,3.14M,0.03%
12/31/2014,67.83,68.77,68.95,67.81,2.36M,-1.04%
12/30/2014,68.54,68.94,68.94,68.38,2.18M,-0.57%
12/29/2014,68.93,68.62,69.21,68.62,2.49M,-0.32%
12/26/2014,69.15,69.32,69.48,69.07,1.60M,0.28%
12/24/2014,68.96,69.4,69.56,68.93,1.02M,-0.25%
12/23/2014,69.13,69.3,69.61,68.96,2.72M,0.06%
12/22/2014,69.09,67.99,69.13,67.99,3.06M,1.33%
12/19/2014,68.18,68.58,69.12,68.05,7.87M,-1.16%
12/18/2014,68.98,67.92,68.98,67.53,4.74M,2.68%
12/17/2014,67.18,66.95,67.44,65.95,5.03M,0.60%
12/16/2014,66.78,66.19,67.65,65.66,5.15M,1.17%
12/15/2014,66.01,66.45,66.91,65.84,4.61M,-0.21%
12/12/2014,66.15,65.2,67.04,64.94,5.87M,-1.65%
12/11/2014,67.26,67.3,67.74,66.8,5.29M,0.48%
12/10/2014,66.94,67.53,67.85,66.86,7.86M,-1.30%
12/9/2014,67.82,66.19,67.83,65.8,5.89M,1.71%
12/8/2014,66.68,66.21,67.56,65.78,6.36M,1.58%
12/5/2014,65.64,65.75,65.85,65.14,3.02M,0.08%
12/4/2014,65.59,65.16,65.6,64.85,4.65M,0.20%
12/3/2014,65.46,64.82,65.72,64.63,3.41M,1.19%
12/2/2014,64.69,64.78,65.31,64.58,2.75M,-0.02%
12/1/2014,64.7,64.33,65.04,64.11,3.46M,-0.35%
11/28/2014,64.93,65.26,65.35,64.83,2.12M,-0.06%
11/26/2014,64.97,65.94,66.05,64.79,5.27M,-1.40%
11/25/2014,65.89,64.93,66.21,64.7,8.10M,2.68%
11/24/2014,64.17,64.27,65.88,63.94,9.71M,-1.37%
11/21/2014,65.06,64.98,65.24,64.86,3.57M,1.37%
11/20/2014,64.18,63.7,64.21,63.62,2.20M,0.14%
11/19/2014,64.09,64.02,64.18,63.82,2.27M,-0.12%
11/18/2014,64.17,63.52,64.34,63.28,2.68M,1.33%
11/17/2014,63.33,63.23,63.54,63.2,2.39M,-0.08%
11/14/2014,63.38,63.65,63.95,63.34,2.94M,-0.63%
11/13/2014,63.78,63.89,64.27,63.68,4.21M,0.00%
11/12/2014,63.78,63.51,63.85,63.32,3.18M,-0.11%
11/11/2014,63.85,64.29,64.38,63.72,2.95M,-0.68%
11/10/2014,64.29,64.32,64.43,64.1,3.52M,-0.08%
11/7/2014,64.34,63.99,64.34,63.67,3.25M,0.47%
11/6/2014,64.04,63.64,64.19,63.57,3.58M,0.60%
11/5/2014,63.66,63.43,63.96,63.16,6.70M,0.98%
11/4/2014,63.04,63.11,63.28,62.71,3.99M,0.54%
11/3/2014,62.7,63.36,63.41,62.54,4.59M,-0.65%
10/31/2014,63.11,63.6,63.67,63.1,4.46M,0.62%
10/30/2014,62.72,62.05,62.87,61.75,2.89M,0.46%
10/29/2014,62.43,62.95,63.27,62.18,4.06M,-0.40%
10/28/2014,62.68,61.91,62.83,61.85,4.17M,2.00%
10/27/2014,61.45,61.22,61.52,61.04,2.96M,0.36%
10/24/2014,61.23,60.85,61.26,60.63,3.66M,0.61%
10/23/2014,60.86,60.67,61.31,60.43,5.69M,1.98%
10/22/2014,59.68,60.82,60.82,59.61,6.19M,-0.78%
10/21/2014,60.15,61.41,61.43,59.38,12.55M,0.50%
10/20/2014,59.85,59.82,60.03,59.55,6.40M,-0.05%
10/17/2014,59.88,59.16,60.15,59.12,7.28M,2.31%
10/16/2014,58.53,57.9,59.03,57.77,6.10M,0.07%
10/15/2014,58.49,58.43,58.74,57.39,7.11M,-0.95%
10/14/2014,59.05,58.81,59.64,58.73,4.57M,0.82%
10/13/2014,58.57,59.01,59.54,58.52,5.11M,-0.64%
10/10/2014,58.95,58.98,59.44,58.54,6.68M,0.00%
10/9/2014,58.95,60.31,60.58,58.88,6.74M,-2.61%
10/8/2014,60.53,59.98,60.57,59.39,6.25M,1.19%
10/7/2014,59.82,61.25,61.33,59.8,5.99M,-2.68%
10/6/2014,61.47,61.97,62.25,61.19,2.98M,-0.19%
10/3/2014,61.59,61.29,61.68,61.1,3.04M,1.15%
10/2/2014,60.89,61.17,61.32,60.43,4.03M,-0.59%
10/1/2014,61.25,62.05,62.08,61.01,5.87M,-1.65%
9/30/2014,62.28,62.25,62.64,61.97,5.01M,0.48%
9/29/2014,61.98,61.58,62.22,61.5,2.90M,-0.14%
9/26/2014,62.07,61.49,62.15,61.49,4.08M,0.71%
9/25/2014,61.63,62.52,62.56,61.52,3.94M,-1.49%
9/24/2014,62.56,62.3,62.67,62.01,3.83M,0.61%
9/23/2014,62.18,62.8,62.8,61.95,3.84M,-0.99%
9/22/2014,62.8,63.72,63.97,62.74,4.14M,-1.83%
9/19/2014,63.97,64.35,64.41,63.79,5.95M,-0.06%
9/18/2014,64.01,63.35,64.09,63.35,3.44M,0.46%
9/17/2014,63.72,64.09,64.26,63.48,4.11M,-0.47%
9/16/2014,64.02,63.6,64.21,63.28,3.09M,0.20%
9/15/2014,63.89,63.87,63.98,63.55,2.52M,-0.03%
9/12/2014,63.91,63.82,64.08,63.67,2.92M,-0.14%
9/11/2014,64,63.87,64.13,63.73,2.27M,0.02%
9/10/2014,63.99,64.1,64.42,63.75,2.36M,-0.17%
9/9/2014,64.1,64.15,64.28,63.94,2.11M,0.08%
9/8/2014,64.05,64.23,64.25,63.98,3.79M,-0.09%
9/5/2014,64.11,64.59,64.59,63.92,2.79M,-0.48%
9/4/2014,64.42,64.58,64.67,64.33,2.86M,0.02%
9/3/2014,64.41,64.87,64.88,64.18,2.63M,0.16%
9/2/2014,64.31,63.85,64.33,63.53,4.14M,0.97%
8/29/2014,63.69,64.35,64.5,63.53,4.72M,-1.03%
8/28/2014,64.35,64.17,64.43,63.87,2.13M,0.02%
8/27/2014,64.34,65,65.08,64.21,2.55M,-0.54%
8/26/2014,64.69,64.82,64.98,64.67,2.02M,-0.12%
8/25/2014,64.77,64.69,64.97,64.69,1.73M,0.39%
8/22/2014,64.52,64.76,64.84,64.43,2.37M,-0.60%
8/21/2014,64.91,64.88,65.01,64.58,2.85M,0.31%
8/20/2014,64.71,64.05,64.8,64.03,4.50M,1.06%
8/19/2014,64.03,63.81,64.04,63.52,3.96M,0.44%
8/18/2014,63.75,62.91,63.77,62.8,5.04M,2.33%
8/15/2014,62.3,62.7,62.73,61.9,3.11M,-0.13%
8/14/2014,62.38,62.25,62.55,62.23,2.33M,0.19%
8/13/2014,62.26,61.8,62.38,61.8,3.49M,0.61%
8/12/2014,61.88,62.14,62.4,61.79,4.35M,-0.77%
8/11/2014,62.36,62.86,63.02,62.33,3.26M,-0.22%
8/8/2014,62.5,61.74,62.51,61.41,4.48M,1.68%
8/7/2014,61.47,61.57,61.68,61.19,4.16M,0.41%
8/6/2014,61.22,61.49,61.67,60.83,5.41M,-1.16%
8/5/2014,61.94,61.82,62.36,61.62,5.58M,-0.03%
8/4/2014,61.96,61.95,62.13,61.57,3.99M,0.29%
8/1/2014,61.78,61.88,62.41,61.49,4.73M,-0.39%
7/31/2014,62.02,62.34,62.86,61.99,6.53M,-1.15%
7/30/2014,62.74,63.59,63.79,62.56,5.98M,-0.88%
7/29/2014,63.3,64.18,64.44,63.23,5.48M,-1.52%
7/28/2014,64.28,64.3,64.39,63.75,5.39M,0.09%
7/25/2014,64.22,64.08,64.41,63.95,4.35M,-0.06%
7/24/2014,64.26,64.88,64.99,64.17,6.81M,-0.71%
7/23/2014,64.72,65.26,65.42,64.61,6.99M,-1.02%
7/22/2014,65.39,67.16,67.24,64.35,10.53M,-1.88%
7/21/2014,66.64,66.9,66.94,66.4,5.19M,-0.52%
7/18/2014,66.99,66.65,67.04,66.53,4.24M,0.72%
7/17/2014,66.51,67.2,67.3,66.48,4.88M,-1.39%
7/16/2014,67.45,67.99,67.99,67.37,3.50M,-0.41%
7/15/2014,67.73,67.92,68.57,67.62,4.49M,-0.04%
7/14/2014,67.76,67.82,68.04,67.63,3.02M,0.65%
7/11/2014,67.32,67.12,67.56,66.97,3.70M,0.55%
7/10/2014,66.95,66.53,67.19,66.32,3.65M,-0.28%
7/9/2014,67.14,67.45,67.53,66.87,3.36M,-0.21%
7/8/2014,67.28,67.68,67.89,67.21,2.86M,-0.90%
7/7/2014,67.89,68.19,68.3,67.66,3.79M,-0.37%
7/3/2014,68.14,68.14,68.42,68.06,1.75M,0.34%
7/2/2014,67.91,68.41,68.41,67.65,3.82M,-0.69%
7/1/2014,68.38,68.4,68.7,68.12,3.25M,0.43%
6/30/2014,68.09,68.65,68.65,67.95,3.38M,-0.97%
6/27/2014,68.76,68.26,68.76,68.11,9.12M,0.72%
6/26/2014,68.27,68.45,68.55,67.86,2.91M,-0.32%
6/25/2014,68.49,68.21,68.62,68.04,2.47M,0.38%
6/24/2014,68.23,68.83,69,68.21,2.77M,-1.23%
6/23/2014,69.08,69.47,69.56,68.84,2.10M,-0.73%
6/20/2014,69.59,69.66,69.76,69.27,5.25M,0.35%
6/19/2014,69.35,69.29,69.44,68.8,2.26M,0.30%
6/18/2014,69.14,69.06,69.29,68.38,2.90M,0.19%
6/17/2014,69.01,68.64,69.22,68.54,2.24M,0.12%
6/16/2014,68.93,68.73,69.13,68.54,1.81M,0.07%
6/13/2014,68.88,68.96,69.17,68.59,1.92M,-0.06%
6/12/2014,68.92,69.51,69.74,68.75,2.54M,-1.23%
6/11/2014,69.78,69.95,70.01,69.52,2.17M,-0.68%
6/10/2014,70.26,70.59,70.68,69.93,2.62M,-0.80%
6/9/2014,70.83,70.19,70.89,69.88,3.18M,1.00%
6/6/2014,70.13,69.85,70.13,69.76,1.96M,0.62%
6/5/2014,69.7,69.17,69.83,68.97,2.80M,0.88%
6/4/2014,69.09,69.54,69.59,68.9,2.78M,-0.58%
6/3/2014,69.49,69.6,69.73,69.34,5.36M,0.36%
6/2/2014,69.24,68.66,69.33,68.54,2.69M,1.01%
5/30/2014,68.55,68.59,68.88,68.29,3.66M,-0.10%
5/29/2014,68.62,68.55,68.8,68.29,2.28M,0.34%
5/28/2014,68.39,68.38,68.74,68.32,1.98M,0.09%
5/27/2014,68.33,68.47,68.61,68.21,1.99M,0.26%
5/23/2014,68.15,67.86,68.22,67.79,1.51M,0.44%
5/22/2014,67.85,67.52,68.13,67.4,2.18M,0.18%
5/21/2014,67.73,67,67.81,67,3.33M,1.53%
5/20/2014,66.71,67.73,67.91,66.41,3.75M,-1.67%
5/19/2014,67.84,67.28,68.16,67.19,3.21M,0.38%
5/16/2014,67.58,68.34,68.55,67.52,4.49M,-0.97%
5/15/2014,68.24,69.04,69.16,68.03,2.86M,-1.39%
5/14/2014,69.2,69.93,69.93,69.1,1.77M,-1.19%
5/13/2014,70.03,70.2,70.3,70,2.08M,0.09%
5/12/2014,69.97,69.27,70.04,69.24,2.80M,1.41%
5/9/2014,69,68.9,69.17,68.51,2.19M,-0.03%
5/8/2014,69.02,68.93,69.65,68.88,2.52M,0.09%
5/7/2014,68.96,68.58,69.05,68.2,2.61M,0.79%
5/6/2014,68.42,68.61,68.78,68.37,1.96M,-0.70%
5/5/2014,68.9,68.44,69.1,68.13,2.83M,0.25%
5/2/2014,68.73,68.44,69.26,68.33,5.80M,-0.23%
5/1/2014,68.89,69.62,69.9,68.78,4.12M,-1.29%
4/30/2014,69.79,69.37,70.09,69.29,2.84M,0.65%
4/29/2014,69.34,69.55,69.8,69.04,2.98M,-0.12%
4/28/2014,69.42,69.49,69.82,68.65,3.38M,0.42%
4/25/2014,69.13,69.87,70.1,68.94,3.44M,-1.50%
4/24/2014,70.18,70.82,70.82,69.92,2.15M,-0.55%
4/23/2014,70.57,70.24,70.74,70.15,2.68M,0.38%
4/22/2014,70.3,70.35,71.17,70.19,4.19M,0.75%
4/21/2014,69.78,70,70.22,69.71,2.68M,-0.21%
4/17/2014,69.93,69.89,70.36,69.66,3.31M,0.42%
4/16/2014,69.64,69.01,69.65,68.37,2.93M,1.93%
4/15/2014,68.32,68.01,68.47,67.2,2.79M,0.78%
4/14/2014,67.79,67.66,68.01,67.21,2.28M,0.88%
4/11/2014,67.2,67.33,67.95,66.97,3.11M,-0.55%
4/10/2014,67.57,69.01,69.25,67.53,3.08M,-2.12%
4/9/2014,69.03,68.46,69.05,68.18,2.55M,1.10%
4/8/2014,68.28,68.31,68.62,67.79,2.45M,-0.35%
4/7/2014,68.52,69.13,69.99,68.48,3.49M,-1.69%
4/4/2014,69.7,70.92,71.07,69.59,3.70M,-1.33%
4/3/2014,70.64,70.77,70.78,70.26,3.78M,-0.08%
4/2/2014,70.7,70.55,70.85,70.04,7.47M,1.65%
4/1/2014,69.55,69.06,69.6,68.88,3.30M,0.93%
3/31/2014,68.91,68.11,68.98,67.99,3.61M,1.76%
3/28/2014,67.72,67.36,68.09,67.31,2.46M,0.89%
3/27/2014,67.12,67.41,67.65,66.83,2.41M,-0.68%
3/26/2014,67.58,68.33,68.59,67.58,3.46M,-0.54%
3/25/2014,67.95,67.46,67.97,67.12,3.45M,1.28%
3/24/2014,67.09,67.81,67.95,66.61,3.13M,-0.73%
3/21/2014,67.58,68.73,69.36,67.48,10.34M,0.72%
3/20/2014,67.1,67.26,67.53,66.65,2.90M,-0.21%
3/19/2014,67.24,67.62,67.89,66.55,2.97M,-0.59%
3/18/2014,67.64,67.66,68,67.44,2.55M,0.24%
3/17/2014,67.48,66.75,67.76,66.68,3.99M,1.61%
3/14/2014,66.41,66.67,67.45,66.31,4.21M,-0.26%
3/13/2014,66.58,68.43,68.71,66.25,5.93M,-2.53%
3/12/2014,68.31,68.07,68.32,67.54,3.18M,0.15%
3/11/2014,68.21,69.47,69.49,68.12,3.35M,-1.80%
3/10/2014,69.46,69.72,69.83,68.95,2.47M,-0.46%
3/7/2014,69.78,69.74,69.83,69.36,2.91M,0.46%
3/6/2014,69.46,69.65,69.72,69.16,1.79M,0.30%
3/5/2014,69.25,69.69,69.85,69.2,2.49M,-0.16%
3/4/2014,69.36,69.48,69.7,69.1,3.22M,0.71%
3/3/2014,68.87,68.18,69.07,68.09,3.13M,-0.22%
2/28/2014,69.02,68.96,69.54,68.54,3.27M,0.35%
2/27/2014,68.78,68.5,68.79,68.21,2.15M,0.44%
2/26/2014,68.48,68.35,68.88,68.19,2.95M,0.19%
2/25/2014,68.35,68.45,68.81,68.16,2.57M,-0.52%
2/24/2014,68.71,68.28,69.35,68.01,3.34M,0.97%
2/21/2014,68.05,68,68.47,67.66,3.66M,0.28%
2/20/2014,67.86,67.45,68.06,66.93,3.10M,0.89%
2/19/2014,67.26,66.91,67.99,66.89,4.20M,0.25%
2/18/2014,67.09,67.24,67.3,66.63,2.39M,-0.10%
2/14/2014,67.16,66.8,67.32,66.28,3.48M,0.49%
2/13/2014,66.83,66.17,66.99,65.88,2.52M,0.47%
2/12/2014,66.52,66.37,66.57,66.04,3.01M,-0.17%
2/11/2014,66.63,65.91,66.77,65.7,3.36M,1.23%
2/10/2014,65.82,65.23,65.87,65.07,4.10M,0.78%
2/7/2014,65.31,64.9,65.57,64.87,3.99M,1.16%
2/6/2014,64.56,63.76,64.58,63.76,3.72M,1.43%
2/5/2014,63.65,63.88,64.22,63.11,6.87M,-1.09%
2/4/2014,64.35,63.92,64.89,63.41,9.76M,-0.95%
2/3/2014,64.97,67.3,67.68,64.94,5.26M,-3.39%
1/31/2014,67.25,66.64,67.79,66.28,3.48M,-0.58%
1/30/2014,67.64,67.23,67.99,67.03,3.21M,1.24%
1/29/2014,66.81,66.68,67.27,66.31,3.88M,-0.52%
1/28/2014,67.16,67,67.2,66.64,3.66M,0.06%
1/27/2014,67.12,65.99,67.72,65.81,7.67M,1.79%
1/24/2014,65.94,67.25,67.45,65.92,5.13M,-2.64%
1/23/2014,67.73,67.88,68.37,67.53,4.09M,-1.11%
1/22/2014,68.49,69.3,69.72,68.09,5.04M,0.99%
1/21/2014,67.82,67.73,68.41,67.51,4.74M,0.68%
1/17/2014,67.36,67.06,67.52,67.03,4.28M,-0.01%
1/16/2014,67.37,67.17,67.47,67,2.65M,0.13%
1/15/2014,67.28,66.4,67.4,66.38,2.27M,1.28%
1/14/2014,66.43,66.45,66.89,66.13,3.43M,-0.15%
1/13/2014,66.53,66.8,67.45,66.42,3.26M,-0.91%
1/10/2014,67.14,67.39,67.66,66.65,2.25M,0.10%
1/9/2014,67.07,67.28,67.37,66.68,2.12M,0.06%
1/8/2014,67.03,66.61,67.2,66.39,3.14M,0.12%
1/7/2014,66.95,66.72,67.22,66.59,2.50M,0.63%
1/6/2014,66.53,66.87,67.14,66.15,2.96M,-0.09%
1/3/2014,66.59,66.62,66.95,66.49,2.31M,0.36%
1/2/2014,66.35,66.59,66.77,66.24,2.65M,-1.15%
12/31/2013,67.12,66.74,67.2,66.7,2.10M,0.95%
12/30/2013,66.49,66.59,66.59,66.12,1.61M,-0.06%
12/27/2013,66.53,66.56,66.67,66.32,1.59M,0.09%
12/26/2013,66.47,65.83,66.51,65.8,2.45M,1.10%
12/24/2013,65.75,65.35,65.82,65.28,747.90K,0.60%
12/23/2013,65.36,65.72,65.75,65.22,1.97M,0.14%
12/20/2013,65.27,64.42,65.55,64.33,4.62M,1.07%
12/19/2013,64.58,64.66,64.87,64.4,2.93M,-0.29%
12/18/2013,64.77,63.7,64.79,63.08,3.72M,2.03%
12/17/2013,63.48,64.28,64.37,63.33,3.46M,-0.83%
12/16/2013,64.01,63.59,64.36,63.41,3.28M,1.09%
12/13/2013,63.32,62.61,63.64,62.46,4.52M,-0.67%
12/12/2013,63.75,63.99,64.25,63.32,3.65M,-0.53%
12/11/2013,64.09,65.52,65.59,64.08,3.46M,-2.09%
12/10/2013,65.46,65.27,65.83,64.93,2.81M,-0.18%
12/9/2013,65.58,65.5,65.79,65.3,2.80M,0.06%
12/6/2013,65.54,65.02,65.59,64.92,2.46M,1.90%
12/5/2013,64.32,63.75,64.63,63.75,2.02M,0.11%
12/4/2013,64.25,64.49,64.62,63.69,2.51M,-0.70%
12/3/2013,64.7,64.83,65.19,64.44,3.29M,-0.55%
12/2/2013,65.06,65.57,65.71,64.94,2.09M,-0.50%
11/29/2013,65.39,65.65,65.83,65.29,1.30M,-0.58%
11/27/2013,65.77,65.61,66,65.52,1.77M,0.52%
11/26/2013,65.43,65.12,65.76,65.03,2.83M,0.57%
11/25/2013,65.06,65.44,65.46,64.93,2.16M,0.09%
11/22/2013,65,64.73,65.07,64.43,2.47M,0.40%
11/21/2013,64.74,64.36,64.79,64.28,1.96M,0.86%
11/20/2013,64.19,64.47,64.68,64.05,2.24M,-0.25%
11/19/2013,64.35,64.24,64.58,64.17,1.88M,-0.03%
11/18/2013,64.37,64.05,64.83,64.05,2.42M,0.50%
11/15/2013,64.05,64.18,64.29,63.81,2.97M,-0.09%
11/14/2013,64.11,63.99,64.27,63.39,2.56M,1.15%
11/13/2013,63.38,62.84,63.43,62.53,2.80M,0.00%
11/12/2013,63.38,63.64,63.68,63.2,3.00M,-0.58%
11/11/2013,63.75,64.02,64.05,63.57,2.41M,-0.42%
11/8/2013,64.02,63.12,64.05,62.99,2.95M,1.19%
11/7/2013,63.27,64.16,64.45,63.16,2.54M,-1.29%
11/6/2013,64.1,63.84,64.28,63.76,3.16M,0.93%
11/5/2013,63.51,63.46,63.85,62.94,2.30M,-0.28%
11/4/2013,63.69,63.88,63.96,63.39,2.29M,0.44%
11/1/2013,63.41,62.79,63.54,62.76,2.51M,1.18%
10/31/2013,62.67,62.46,63.25,62.36,2.96M,0.29%
10/30/2013,62.49,62.87,63.25,62.33,2.03M,-0.45%
10/29/2013,62.77,62.53,62.79,62.38,2.25M,0.42%
10/28/2013,62.51,63.16,63.25,62.47,3.28M,-1.43%
10/25/2013,63.42,63.06,63.42,62.83,2.73M,0.43%
10/24/2013,63.15,63.32,63.4,62.64,2.65M,0.64%
10/23/2013,62.75,62.64,63.06,62.32,3.40M,0.24%
10/22/2013,62.6,63.48,64.03,61.97,5.83M,-1.39%
10/21/2013,63.48,63.64,63.66,63.08,2.96M,-0.11%
10/18/2013,63.55,63.75,63.96,63.15,2.71M,-0.25%
10/17/2013,63.71,62.51,63.79,62.51,2.07M,1.50%
10/16/2013,62.77,62.82,63.19,62.5,3.25M,0.59%
10/15/2013,62.4,63,63.06,62.38,2.71M,-1.03%
10/14/2013,63.05,62.54,63.15,62.33,2.44M,-0.11%
10/11/2013,63.12,62.33,63.13,62.15,3.20M,1.04%
10/10/2013,62.47,61.56,62.47,61.33,3.42M,2.98%
10/9/2013,60.66,60.75,60.98,60.28,3.55M,0.08%
10/8/2013,60.61,61.35,61.62,60.59,2.20M,-1.22%
10/7/2013,61.36,61.01,61.78,60.75,2.16M,-0.23%
10/4/2013,61.5,61.21,61.71,60.93,2.11M,0.56%
10/3/2013,61.16,61.83,61.92,60.59,4.27M,-1.23%
10/2/2013,61.92,62.96,62.97,61.67,5.61M,-2.23%
10/1/2013,63.33,63.75,63.98,62.73,5.00M,-0.41%
9/30/2013,63.59,64.21,64.3,63.41,3.33M,-1.41%
9/27/2013,64.5,64.28,64.63,63.88,1.85M,-0.28%
9/26/2013,64.68,64.68,65.1,64.35,2.58M,0.37%
9/25/2013,64.44,64.8,65.4,64.43,2.46M,-0.68%
9/24/2013,64.88,64.61,65.23,64.35,2.52M,0.53%
9/23/2013,64.54,64.69,65.38,64.35,3.10M,-0.14%
9/20/2013,64.63,66.06,66.17,64.63,5.77M,-2.16%
9/19/2013,66.06,65.78,66.33,65.67,3.09M,0.89%
9/18/2013,65.48,64.94,65.52,64.24,3.72M,0.57%
9/17/2013,65.11,64.64,65.75,64.58,3.36M,0.63%
9/16/2013,64.7,64.6,64.88,64.32,2.84M,1.20%
9/13/2013,63.93,63.71,63.93,63.35,2.22M,0.52%
9/12/2013,63.6,63.58,64.37,63.49,3.51M,0.00%
9/11/2013,63.6,62.97,63.6,62.77,3.12M,1.48%
9/10/2013,62.67,62.08,62.76,61.93,2.88M,1.70%
9/9/2013,61.62,61.07,61.81,61.07,2.19M,1.20%
9/6/2013,60.89,61.41,61.58,60.27,2.44M,-0.43%
9/5/2013,61.15,60.89,61.42,60.66,1.67M,0.31%
9/4/2013,60.96,60.42,60.99,60.2,2.57M,0.68%
9/3/2013,60.55,59.63,60.83,59.62,4.63M,2.56%
8/30/2013,59.04,59.41,59.45,58.82,2.49M,-0.35%
8/29/2013,59.25,58.82,59.51,58.69,2.32M,0.47%
8/28/2013,58.97,58.86,59.2,58.81,2.40M,0.03%
8/27/2013,58.95,59.7,60.05,58.8,3.09M,-2.30%
8/26/2013,60.34,60.69,61.03,60.34,1.66M,-0.48%
8/23/2013,60.63,60.75,61.19,60.54,2.61M,-0.16%
8/22/2013,60.73,60.21,61.34,59.95,2.70M,1.25%
8/21/2013,59.98,60.28,60.44,59.7,3.08M,-0.70%
8/20/2013,60.4,60.53,60.72,60.1,2.96M,-0.21%
8/19/2013,60.53,60.65,61,60.47,2.23M,-0.44%
8/16/2013,60.8,60.73,61.17,60.59,3.32M,0.08%
8/15/2013,60.75,61.32,61.44,60.56,2.75M,-1.97%
8/14/2013,61.97,62.69,62.9,61.89,2.15M,-1.62%
8/13/2013,62.99,62.41,63.34,62.14,2.63M,1.19%
8/12/2013,62.25,62.01,62.36,61.88,2.25M,-0.08%
8/9/2013,62.3,62.56,62.81,61.92,1.91M,-0.59%
8/8/2013,62.67,62.86,63.2,62.29,2.10M,0.21%
8/7/2013,62.54,61.87,62.64,61.75,2.37M,0.79%
8/6/2013,62.05,62.79,62.79,61.8,3.32M,-1.35%
8/5/2013,62.9,63.31,63.33,62.87,3.00M,-1.04%
8/2/2013,63.56,63.15,63.62,62.87,3.28M,0.54%
8/1/2013,63.22,62.77,63.61,62.77,3.01M,1.53%
7/31/2013,62.27,62.38,62.84,62.13,3.16M,0.00%
7/30/2013,62.27,62.23,62.53,61.91,2.96M,0.48%
7/29/2013,61.97,61.59,62.05,61.54,2.32M,0.10%
7/26/2013,61.91,61.56,61.97,61.33,2.64M,0.16%
7/25/2013,61.81,61.98,61.98,61.28,3.34M,-0.18%
7/24/2013,61.92,62.21,62.23,61.2,4.18M,-0.13%
7/23/2013,62,60.93,62.32,60.77,5.39M,2.94%
7/22/2013,60.23,61.06,61.06,60.17,3.03M,-0.35%
7/19/2013,60.44,59.82,60.46,59.69,3.27M,1.12%
7/18/2013,59.77,59.54,59.85,59.42,2.70M,0.47%
7/17/2013,59.49,59.47,59.57,59.22,2.52M,0.86%
7/16/2013,58.98,59.05,59.37,58.89,2.30M,-0.24%
7/15/2013,59.12,59.03,59.28,58.82,2.89M,0.41%
7/12/2013,58.88,58.75,59.39,58.4,4.73M,0.14%
7/11/2013,58.8,58.35,58.85,58.29,3.74M,1.94%
7/10/2013,57.68,57.81,57.86,57.44,3.14M,-0.22%
7/9/2013,57.81,57.67,58.11,57.54,3.38M,1.07%
7/8/2013,57.2,57.24,57.67,57.09,2.89M,0.47%
7/5/2013,56.93,56.33,56.99,56.28,2.66M,1.90%
7/3/2013,55.87,55.18,56.1,54.92,1.74M,0.99%
7/2/2013,55.32,55.86,56.1,55.14,3.70M,-1.00%
7/1/2013,55.88,55.04,56.17,55.04,3.89M,1.93%
6/28/2013,54.82,54.98,55.35,54.51,4.58M,-0.60%
6/27/2013,55.15,55.07,55.2,54.68,4.42M,0.57%
6/26/2013,54.84,54.63,55.08,54.35,2.55M,1.31%
6/25/2013,54.13,54.34,54.52,53.87,3.18M,0.32%
6/24/2013,53.96,53.83,54.54,53.26,3.86M,-0.75%
6/21/2013,54.37,54.81,54.88,53.89,5.73M,-0.18%
6/20/2013,54.47,54.99,55.13,54.38,3.76M,-1.94%
6/19/2013,55.55,56.65,56.86,55.55,3.41M,-2.06%
6/18/2013,56.72,56,56.87,56,3.08M,1.25%
6/17/2013,56.02,56.01,56.53,55.84,3.01M,1.03%
6/14/2013,55.45,55.64,55.94,55.24,2.24M,-0.29%
6/13/2013,55.61,54.75,55.71,54.38,4.09M,1.74%
6/12/2013,54.66,55.8,55.94,54.54,2.55M,-1.07%
6/11/2013,55.25,55.04,55.81,54.78,2.63M,-0.50%
6/10/2013,55.53,55.79,55.93,55.41,3.48M,-0.38%
6/7/2013,55.74,55.28,55.81,54.13,4.81M,1.88%
6/6/2013,54.71,54.8,54.94,54.17,4.65M,-0.27%
6/5/2013,54.86,55.41,55.46,54.78,3.79M,-1.35%
6/4/2013,55.61,55.99,56.28,55.23,3.43M,-1.00%
6/3/2013,56.17,56.13,56.47,55.45,4.37M,0.36%
5/31/2013,55.97,56.4,56.98,55.97,4.24M,-1.11%
5/30/2013,56.6,56.29,56.92,56.15,3.70M,0.89%
5/29/2013,56.1,56.26,56.4,55.92,3.17M,-0.88%
5/28/2013,56.6,56.59,56.99,56.33,3.43M,0.96%
5/24/2013,56.06,56.03,56.19,55.55,2.62M,-0.46%
5/23/2013,56.32,56.26,56.6,55.99,3.27M,-0.79%
5/22/2013,56.77,57.57,57.91,56.69,4.32M,-1.34%
5/21/2013,57.54,57.54,57.89,57.34,2.79M,0.33%
5/20/2013,57.35,57.24,57.64,57.18,2.63M,-0.12%
5/17/2013,57.42,56.2,57.45,55.96,4.21M,2.30%
5/16/2013,56.13,56.33,56.52,56.06,2.94M,-0.67%
5/15/2013,56.51,56.31,56.55,55.91,3.04M,-0.12%
5/14/2013,56.58,56.01,56.6,56.01,3.57M,1.04%
5/13/2013,56,56.05,56.22,55.9,1.96M,-0.32%
5/10/2013,56.18,55.98,56.18,55.78,2.53M,0.52%
5/9/2013,55.89,55.74,56.38,55.63,3.63M,0.40%
5/8/2013,55.67,55.3,55.67,55.2,2.61M,0.54%
5/7/2013,55.37,55.2,55.38,55.01,2.53M,0.42%
5/6/2013,55.14,54.82,55.34,54.73,2.06M,0.40%
5/3/2013,54.92,54.69,55.14,54.52,3.09M,1.48%
5/2/2013,54.12,53.84,54.38,53.84,2.73M,0.78%
5/1/2013,53.7,53.7,54.06,53.63,3.98M,-0.26%
4/30/2013,53.84,54.32,54.4,53.7,4.18M,-0.37%
4/29/2013,54.04,53.83,54.14,53.45,2.99M,0.52%
4/26/2013,53.76,54.28,54.39,53.75,2.93M,-1.05%
4/25/2013,54.33,54.5,54.96,54.26,3.59M,0.13%
4/24/2013,54.26,54.69,54.89,54.16,4.23M,-0.97%
4/23/2013,54.79,55.03,55.59,53.47,6.51M,-0.78%
4/22/2013,55.22,54.98,55.48,54.58,3.13M,0.44%
4/19/2013,54.98,54.1,55.02,54.1,3.78M,1.81%
4/18/2013,54,54.8,54.92,53.82,4.39M,-1.39%
4/17/2013,54.76,55.32,55.38,54.5,3.53M,-1.76%
4/16/2013,55.74,55.68,55.93,55.28,2.84M,1.05%
4/15/2013,55.16,56.25,56.32,55.15,3.96M,-2.27%
4/12/2013,56.44,56.4,56.44,56.13,2.54M,-0.14%
4/11/2013,56.52,56.34,56.53,56.13,3.91M,0.68%
4/10/2013,56.14,55.87,56.44,55.82,3.78M,0.77%
4/9/2013,55.71,55.41,55.78,55.08,3.18M,0.80%
4/8/2013,55.27,54.76,55.28,54.51,2.39M,1.15%
4/5/2013,54.64,54.26,54.71,54.2,2.56M,-0.56%
4/4/2013,54.95,55.07,55.32,54.83,3.03M,-0.04%
4/3/2013,54.97,54.94,55.42,54.86,4.41M,0.22%
4/2/2013,54.85,54.94,55.17,54.76,2.59M,0.07%
4/1/2013,54.81,54.95,55.09,54.68,2.55M,-0.54%
3/28/2013,55.11,54.91,55.28,54.86,4.05M,0.90%
3/27/2013,54.62,54.46,54.71,53.84,2.44M,-0.05%
3/26/2013,54.65,55.02,55.14,54.58,3.00M,-0.15%
3/25/2013,54.73,55.31,55.44,54.46,2.35M,-0.85%
3/22/2013,55.2,54.73,55.23,54.62,3.21M,1.25%
3/21/2013,54.52,54.86,55.04,54.43,2.22M,-1.09%
3/20/2013,55.12,55.34,55.44,55.06,3.01M,0.36%
3/19/2013,54.92,54.85,55.24,54.55,3.70M,0.37%
3/18/2013,54.72,54.84,55.19,54.63,2.98M,-0.55%
3/15/2013,55.02,55.03,55.15,54.85,5.58M,-0.18%
3/14/2013,55.12,55.08,55.12,54.84,3.27M,0.40%
3/13/2013,54.9,54.96,55.11,54.68,3.83M,-0.07%
3/12/2013,54.94,54.77,54.99,54.41,3.03M,0.26%
3/11/2013,54.8,54.36,54.91,54.21,2.57M,0.92%
3/8/2013,54.3,54.28,54.8,54.2,3.12M,0.39%
3/7/2013,54.09,53.79,54.2,53.78,2.53M,0.71%
3/6/2013,53.71,54.02,54.18,53.61,2.57M,0.06%
3/5/2013,53.68,52.9,53.84,52.79,3.36M,2.11%
3/4/2013,52.57,52.81,52.91,52.19,3.15M,-1.11%
3/1/2013,53.16,53.24,53.53,52.66,2.71M,-0.47%
2/28/2013,53.41,53.52,53.86,53.22,3.84M,-0.02%
2/27/2013,53.42,52.55,53.53,52.15,3.36M,1.54%
2/26/2013,52.61,52.5,52.81,52.3,2.61M,0.94%
2/25/2013,52.12,53.61,53.64,52.12,4.00M,-2.34%
2/22/2013,53.37,53.02,53.37,52.89,3.65M,1.19%
2/21/2013,52.74,52.95,52.97,52.21,3.79M,-0.83%
2/20/2013,53.18,53.68,53.79,53.15,3.02M,-0.93%
2/19/2013,53.68,53.69,53.97,53.45,4.42M,0.26%
2/15/2013,53.54,53.11,53.54,52.99,4.42M,1.21%
2/14/2013,52.9,52.63,53.08,52.38,3.63M,0.21%
2/13/2013,52.79,52.98,52.98,52.49,3.58M,-0.53%
2/12/2013,53.07,52.97,53.13,52.82,3.32M,0.42%
2/11/2013,52.85,53.12,53.27,52.71,3.08M,-0.55%
2/8/2013,53.14,53.14,53.61,52.94,3.85M,0.17%
2/7/2013,53.05,52.81,53.05,52.26,3.78M,0.65%
2/6/2013,52.71,52.29,52.81,52.29,3.34M,0.11%
2/5/2013,52.65,53.24,53.44,52.52,5.11M,-0.30%
2/4/2013,52.81,53.34,53.53,52.6,5.89M,-0.34%
2/1/2013,52.99,51.9,53.15,51.9,6.77M,2.59%
1/31/2013,51.65,52.25,52.55,51.65,5.75M,-1.71%
1/30/2013,52.55,52.86,52.92,52.51,4.48M,-0.74%
1/29/2013,52.94,52.97,53,52.56,4.37M,-0.06%
1/28/2013,52.97,53.04,53.08,52.7,4.45M,0.02%
1/25/2013,52.96,52.41,52.97,52.41,4.55M,0.97%
1/24/2013,52.45,51.91,52.47,51.63,5.35M,0.98%
1/23/2013,51.94,51.48,52.13,51.2,3.96M,0.68%
1/22/2013,51.59,51.1,51.61,50.92,4.12M,0.60%
1/18/2013,51.28,51.14,51.53,50.87,4.22M,0.63%
1/17/2013,50.96,50.77,51.08,50.48,3.43M,0.97%
1/16/2013,50.47,50.45,50.61,50.22,2.45M,-0.45%
1/15/2013,50.7,50.24,50.8,50.08,2.76M,0.18%
1/14/2013,50.61,50.28,50.71,50.28,3.13M,0.74%
1/11/2013,50.24,50.06,50.42,49.93,2.98M,0.24%
1/10/2013,50.12,50.13,50.15,49.76,3.54M,0.50%
1/9/2013,49.87,49.51,50.32,49.44,3.77M,1.20%
1/8/2013,49.28,49.77,49.96,49.1,4.83M,-1.20%
1/7/2013,49.88,49.86,50.13,49.76,3.38M,-0.48%
1/4/2013,50.12,49.82,50.13,49.59,3.86M,0.78%
1/3/2013,49.73,49.4,49.82,49.2,3.79M,0.38%
1/2/2013,49.54,49.21,49.54,49.02,4.49M,2.42%
12/31/2012,48.37,47.49,48.51,47.35,3.68M,1.49%
12/28/2012,47.66,48.08,48.26,47.59,2.21M,-1.55%
12/27/2012,48.41,48.46,48.63,47.85,2.95M,-0.04%
12/26/2012,48.43,48.57,48.62,48.13,2.18M,-0.16%
12/24/2012,48.51,48.71,48.84,48.44,1.21M,-0.35%
12/21/2012,48.68,48.58,48.88,48.01,7.17M,-0.75%
12/20/2012,49.05,49.02,49.33,48.76,4.14M,0.16%
12/19/2012,48.97,48.49,49.29,48.31,7.46M,0.97%
12/18/2012,48.5,47.24,48.64,47.13,6.04M,2.80%
12/17/2012,47.18,47.26,47.34,46.89,5.79M,0.02%
12/14/2012,47.17,47.17,47.63,47.08,4.67M,-0.49%
12/13/2012,47.4,47.9,48,47.3,4.06M,-0.77%
12/12/2012,47.77,48.24,48.31,47.57,3.67M,-0.25%
12/11/2012,47.89,48.04,48.16,47.75,3.74M,0.23%
12/10/2012,47.78,47.77,47.97,47.66,2.84M,0.02%
12/7/2012,47.77,47.8,47.99,47.35,3.77M,0.15%
12/6/2012,47.7,47.36,47.72,47.14,3.16M,0.80%
12/5/2012,47.32,47.39,47.63,46.8,4.16M,0.11%
12/4/2012,47.27,47.17,47.61,46.92,3.91M,0.42%
12/3/2012,47.07,47.62,47.98,47.03,3.31M,-0.38%
11/30/2012,47.25,47.16,47.4,46.96,7.84M,0.45%
11/29/2012,47.04,47.1,47.3,46.66,4.21M,-0.06%
11/28/2012,47.07,46.3,47.19,46.22,4.27M,1.23%
11/27/2012,46.5,46.27,46.6,45.95,5.26M,0.19%
11/26/2012,46.41,45.87,46.45,45.87,2.94M,0.09%
11/23/2012,46.37,45.9,46.39,45.78,1.43M,1.67%
11/21/2012,45.61,45.3,45.91,45.1,2.91M,0.84%
11/20/2012,45.23,44.96,45.31,44.78,2.82M,0.13%
11/19/2012,45.17,44.87,45.26,44.59,3.81M,1.78%
11/16/2012,44.38,44.22,44.64,43.92,4.28M,0.54%
11/15/2012,44.14,44.16,44.43,43.97,3.63M,0.25%
11/14/2012,44.03,45.29,45.3,43.91,4.27M,-3.06%
11/13/2012,45.42,45.05,45.88,44.98,3.73M,0.07%
11/12/2012,45.39,44.93,45.53,44.68,3.06M,1.48%
11/9/2012,44.73,44.83,45.18,44.61,3.86M,-0.42%
11/8/2012,44.92,45.68,45.83,44.91,3.40M,-1.96%
11/7/2012,45.82,46.69,46.69,45.36,5.18M,-2.86%
11/6/2012,47.17,46.04,47.34,45.95,4.60M,2.66%
11/5/2012,45.95,46.01,46.2,45.83,3.51M,-0.22%
11/2/2012,46.05,46.77,47.13,46.02,4.89M,-1.24%
11/1/2012,46.63,46.28,47.42,46.08,6.02M,1.15%
10/31/2012,46.1,46.7,46.7,45.92,4.09M,-0.04%
10/26/2012,46.12,45.68,46.26,45.59,4.32M,1.16%
10/25/2012,45.59,46.15,46.36,45.43,4.53M,-0.78%
10/24/2012,45.95,45.77,46.19,45.29,5.72M,1.08%
10/23/2012,45.46,45.13,46.3,45.03,6.58M,-0.98%
10/22/2012,45.91,45.8,46.51,45.6,3.66M,-0.20%
10/19/2012,46,46.49,46.68,45.79,4.11M,-1.56%
10/18/2012,46.73,46.2,46.81,46.04,3.32M,0.89%
10/17/2012,46.32,45.85,46.46,45.72,3.61M,1.20%
10/16/2012,45.77,45.23,45.83,45.06,2.90M,1.91%
10/15/2012,44.91,44.9,45.15,44.76,2.85M,0.25%
10/12/2012,44.8,44.83,45.02,44.64,4.29M,-0.13%
10/11/2012,44.86,45.13,45.5,44.85,4.41M,0.04%
10/10/2012,44.84,45.53,45.65,44.74,4.99M,-1.69%
10/9/2012,45.61,46.13,46.29,45.61,4.12M,-1.32%
10/8/2012,46.22,46.12,46.32,45.88,1.96M,-0.19%
10/5/2012,46.31,46.65,46.75,46.11,2.72M,-0.02%
10/4/2012,46.32,46.55,46.73,46.27,2.93M,-0.04%
10/3/2012,46.34,46.34,46.45,45.96,3.67M,0.22%
10/2/2012,46.24,46.35,46.59,45.99,3.02M,0.06%
10/1/2012,46.21,46.34,46.81,46.11,3.52M,0.06%
9/28/2012,46.18,45.7,46.25,45.37,6.08M,-0.06%
9/27/2012,46.21,46.51,46.6,45.98,4.81M,-0.24%
9/26/2012,46.32,46.54,46.63,46.19,4.68M,-0.30%
9/25/2012,46.46,47.24,47.33,46.41,5.45M,-1.57%
9/24/2012,47.2,47.44,47.44,46.85,3.64M,-0.90%
9/21/2012,47.63,47.89,47.98,47.31,12.72M,-0.21%
9/20/2012,47.73,48.01,48.07,47.29,5.67M,-0.98%
9/19/2012,48.2,47.99,48.24,47.36,4.08M,0.29%
9/18/2012,48.06,48.12,48.36,47.83,4.10M,-0.80%
9/17/2012,48.45,48.59,48.7,48.25,3.71M,-0.37%
9/14/2012,48.63,47.77,48.66,47.59,7.44M,2.38%
9/13/2012,47.5,46.55,47.71,46.42,4.67M,2.15%
9/12/2012,46.5,46.5,46.81,46.3,3.45M,0.11%
9/11/2012,46.45,46.37,46.81,46.32,3.28M,0.17%
9/10/2012,46.37,46.71,46.94,46.36,3.82M,-1.00%
9/7/2012,46.84,47.24,47.39,46.62,4.62M,0.02%
9/6/2012,46.83,46.44,47.01,46.39,4.58M,1.76%
9/5/2012,46.02,46.19,46.19,45.7,5.56M,-0.41%
9/4/2012,46.21,47.01,47.23,45.96,4.73M,-1.89%
8/31/2012,47.1,47.06,47.47,46.69,3.22M,1.01%
8/30/2012,46.63,46.91,47.11,46.22,3.71M,-1.40%
8/29/2012,47.29,47.64,47.69,47.21,2.46M,-0.57%
8/28/2012,47.56,47.4,47.74,47.16,3.78M,0.08%
8/27/2012,47.52,47.36,47.84,47.08,4.74M,0.61%
8/24/2012,47.23,46.62,47.3,46.6,3.30M,1.11%
8/23/2012,46.71,46.83,46.95,46.47,2.49M,-0.57%
8/22/2012,46.98,46.62,47.16,46.6,3.65M,0.49%
8/21/2012,46.75,47.25,47.5,46.71,3.73M,-1.02%
8/20/2012,47.23,47.35,47.89,47.06,6.14M,-0.36%
8/17/2012,47.4,46.86,47.42,46.6,4.88M,2.02%
8/16/2012,46.46,45.66,46.66,45.66,3.66M,1.00%
8/15/2012,46,45.56,46.11,45.45,3.24M,0.26%
8/14/2012,45.88,45.82,46.16,45.66,3.08M,0.42%
8/13/2012,45.69,45.84,45.93,45.32,2.22M,-0.54%
8/10/2012,45.94,45.25,45.96,45.11,2.73M,1.12%
8/9/2012,45.43,45.69,45.73,45.02,2.56M,-0.59%
8/8/2012,45.7,46.04,46.27,45.56,3.20M,-0.82%
8/7/2012,46.08,45.53,46.31,45.47,4.90M,1.92%
8/6/2012,45.21,45.55,45.82,45.19,3.36M,-0.20%
8/3/2012,45.3,44.19,45.56,44.19,4.25M,3.17%
8/2/2012,43.91,43.8,44.11,43.12,4.49M,-0.45%
8/1/2012,44.11,44.18,44.45,43.89,4.14M,0.46%
7/31/2012,43.91,44.02,44.28,43.82,3.51M,-0.70%
7/30/2012,44.22,43.81,44.58,43.81,4.44M,0.94%
7/27/2012,43.81,43.32,44.22,42.84,4.97M,1.84%
7/26/2012,43.02,43.04,44.42,42.67,6.47M,0.44%
7/25/2012,42.83,42.73,43.2,42.41,4.08M,0.94%
7/24/2012,42.43,43.12,43.25,42.11,3.68M,-1.83%
7/23/2012,43.22,43.5,43.5,42.5,2.90M,-1.28%
7/20/2012,43.78,44.44,44.51,43.71,4.50M,-2.10%
7/19/2012,44.72,44.19,44.83,43.95,3.59M,1.29%
7/18/2012,44.15,43.45,44.34,43.13,3.13M,1.70%
7/17/2012,43.41,43.38,43.82,42.67,3.08M,0.53%
7/16/2012,43.18,43.32,43.39,42.65,2.59M,-0.51%
7/13/2012,43.4,42.43,43.45,42.43,3.09M,2.43%
7/12/2012,42.37,42.27,42.7,41.85,3.79M,-0.94%
7/11/2012,42.77,43.69,43.69,42.62,4.99M,-2.20%
7/10/2012,43.73,44.67,44.81,43.42,4.19M,-0.25%
7/9/2012,43.84,43.65,44.01,43.5,3.22M,0.32%
7/6/2012,43.7,44.07,44.11,43.27,3.62M,-1.73%
7/5/2012,44.47,44.58,44.78,44.32,2.32M,-0.47%
7/3/2012,44.68,44.15,44.8,44.11,1.53M,0.95%
7/2/2012,44.26,44.47,44.9,43.95,3.52M,-0.65%
6/29/2012,44.55,43.61,44.57,43.59,5.13M,4.04%
6/28/2012,42.82,43.34,43.4,42.38,4.82M,-2.10%
6/27/2012,43.74,43.63,43.81,43.5,2.70M,0.71%
6/26/2012,43.43,43.53,43.65,42.95,3.46M,-0.16%
6/25/2012,43.5,44.06,44.06,43.39,2.79M,-1.92%
6/22/2012,44.35,44.32,44.52,44.12,5.06M,0.50%
6/21/2012,44.13,45.16,45.45,44.08,4.14M,-1.43%
6/20/2012,44.77,45.04,45.25,44.5,3.44M,-0.64%
6/19/2012,45.06,44.58,45.42,44.58,4.26M,1.85%
6/18/2012,44.24,43.82,44.38,43.65,3.21M,0.68%
6/15/2012,43.94,43.78,43.94,43.42,6.68M,0.48%
6/14/2012,43.73,43.4,44.08,43.37,7.83M,0.83%
6/13/2012,43.37,43.85,43.91,43.03,8.23M,-1.09%
6/12/2012,43.85,43.43,44,43.43,6.60M,-0.36%
6/11/2012,44.01,44.93,45.05,43.95,2.38M,-1.17%
6/8/2012,44.53,44.33,44.67,44.18,2.96M,0.13%
6/7/2012,44.47,44.19,44.88,44.05,5.74M,2.39%
6/6/2012,43.43,42.19,43.45,42.17,4.21M,3.87%
6/5/2012,41.81,41.85,42.1,41.71,4.45M,-0.78%
6/4/2012,42.14,42.42,42.51,41.76,4.19M,-0.80%
6/1/2012,42.48,42.89,43.22,42.34,4.86M,-2.81%
5/31/2012,43.71,43.79,44.1,43.5,4.02M,0.51%
5/30/2012,43.49,43.84,43.98,43.43,3.54M,-1.81%
5/29/2012,44.29,43.5,44.31,43.32,5.76M,2.83%
5/25/2012,43.07,43.23,43.55,42.93,2.53M,-0.65%
5/24/2012,43.35,43.75,43.77,42.82,3.44M,-0.76%
5/23/2012,43.68,43.26,43.79,42.73,4.23M,0.16%
5/22/2012,43.61,43.73,44.12,43.4,4.97M,0.32%
5/21/2012,43.47,42.81,43.5,42.68,3.91M,1.83%
5/18/2012,42.69,43.39,43.41,42.55,5.76M,-1.29%
5/17/2012,43.25,44.04,44.05,43.22,4.22M,-1.84%
5/16/2012,44.06,44.9,44.96,44.01,4.41M,-1.94%
5/15/2012,44.93,44.73,45.45,44.6,3.98M,0.29%
5/14/2012,44.8,45.03,45.18,44.62,4.39M,-1.58%
5/11/2012,45.52,45.33,46.02,45.25,2.36M,-0.15%
5/10/2012,45.59,45.69,45.96,45.46,2.86M,0.37%
5/9/2012,45.42,45.73,45.95,45.27,5.00M,-2.30%
5/8/2012,46.49,46.31,46.6,45.82,3.03M,-0.11%
5/7/2012,46.54,46.53,46.84,46.49,2.82M,-0.73%
5/4/2012,46.88,47.57,47.61,46.77,2.52M,-1.76%
5/3/2012,47.72,48.04,48.16,47.5,2.31M,-0.79%
5/2/2012,48.1,47.88,48.17,47.68,2.22M,0.15%
5/1/2012,48.03,48.07,48.51,47.58,2.42M,-0.25%
4/30/2012,48.15,48.35,48.64,47.97,2.48M,-0.43%
4/27/2012,48.36,48.15,48.42,48.05,2.51M,0.92%
4/26/2012,47.92,47.11,47.99,46.91,3.09M,1.81%
4/25/2012,47.07,47.56,47.82,46.8,4.13M,-0.06%
4/24/2012,47.1,47.32,47.63,46.75,3.73M,0.13%
4/23/2012,47.04,47.24,47.33,46.83,4.87M,-1.53%
4/20/2012,47.77,47.54,48.09,47.54,3.62M,0.74%
4/19/2012,47.42,47.83,48.12,47.19,2.66M,-0.98%
4/18/2012,47.89,47.75,48.04,47.69,2.60M,-0.06%
4/17/2012,47.92,47.4,48.13,47.25,3.02M,1.72%
4/16/2012,47.11,47.26,47.75,46.96,3.18M,0.08%
4/13/2012,47.07,47.52,47.73,47.03,3.25M,-1.69%
4/12/2012,47.88,46.95,48.05,46.94,2.74M,1.94%
4/11/2012,46.97,46.85,47.2,46.67,3.71M,1.47%
4/10/2012,46.29,47.07,47.23,46.21,5.03M,-2.18%
4/9/2012,47.32,47.67,47.67,47.16,3.20M,-1.68%
4/5/2012,48.13,48.1,48.46,48,2.48M,-0.39%
4/4/2012,48.32,48.21,48.42,48.02,2.97M,-0.33%
4/3/2012,48.48,48.74,49.02,48.23,3.27M,-0.66%
4/2/2012,48.8,48.66,49.29,48.31,3.34M,-0.25%
3/30/2012,48.92,48.93,49.11,48.53,3.50M,0.76%
3/29/2012,48.55,47.85,48.59,47.77,3.75M,0.98%
3/28/2012,48.08,49.11,49.11,47.85,4.87M,-1.92%
3/27/2012,49.02,49.21,49.25,48.87,3.63M,-0.47%
3/26/2012,49.25,48.7,49.26,48.67,3.56M,2.07%
3/23/2012,48.25,48.39,48.54,48.08,3.82M,-0.33%
3/22/2012,48.41,48.48,48.61,48.09,5.16M,-0.78%
3/21/2012,48.79,49.25,49.26,48.61,3.38M,-0.65%
3/20/2012,49.11,49.47,49.6,49,4.56M,-1.60%
3/19/2012,49.91,50.56,50.56,49.87,4.61M,-1.01%
3/16/2012,50.42,51.31,51.53,50.27,8.01M,-1.62%
3/15/2012,51.25,51.25,51.61,50.67,7.20M,0.10%
3/14/2012,51.2,50.93,51.25,50.64,7.00M,0.27%
3/13/2012,51.06,49.85,51.15,49.58,7.59M,3.07%
3/12/2012,49.54,49.45,49.68,49.36,3.59M,0.53%
3/9/2012,49.28,49.24,49.49,49.09,2.51M,0.02%
3/8/2012,49.27,49.26,49.54,48.96,2.74M,1.17%
3/7/2012,48.7,48.31,48.88,48.19,4.27M,1.44%
3/6/2012,48.01,48.72,48.77,47.78,4.84M,-2.28%
3/5/2012,49.13,49.62,49.66,48.87,3.16M,-1.46%
3/2/2012,49.86,49.5,49.92,49.49,3.60M,0.44%
3/1/2012,49.64,49.46,49.8,49.35,4.04M,0.34%
2/29/2012,49.47,49.43,49.73,49.27,4.18M,0.49%
2/28/2012,49.23,49.38,49.42,49.02,2.57M,-0.20%
2/27/2012,49.33,49.14,49.62,48.85,3.05M,-0.40%
2/24/2012,49.53,49.37,49.86,49.29,3.29M,0.59%
2/23/2012,49.24,49.66,49.92,48.96,4.70M,-0.55%
2/22/2012,49.51,49.49,49.72,49.21,3.18M,-0.02%
2/21/2012,49.52,49.72,49.92,49.11,3.60M,0.22%
2/17/2012,49.41,49.44,49.66,49.23,3.82M,0.67%
2/16/2012,49.08,48.69,49.15,48.65,4.17M,0.74%
2/15/2012,48.72,49.92,49.95,48.65,6.47M,-2.40%
2/14/2012,49.92,49.82,49.93,49.53,3.56M,-0.28%
2/13/2012,50.06,49.66,50.25,49.59,5.56M,1.64%
2/10/2012,49.25,48.91,49.25,48.75,4.51M,-0.32%
2/9/2012,49.41,48.8,49.73,48.66,8.91M,2.49%
2/8/2012,48.21,47.5,48.28,47.05,6.91M,1.82%
2/7/2012,47.35,47.39,47.47,46.99,2.80M,-0.36%
2/6/2012,47.52,47.48,47.66,47.26,3.85M,-0.59%
2/3/2012,47.8,47.75,48.07,47.66,5.39M,1.27%
2/2/2012,47.2,47.47,47.56,47.07,5.03M,-0.23%
2/1/2012,47.31,46.58,47.41,46.58,6.78M,2.38%
1/31/2012,46.21,45.79,46.45,45.79,6.01M,0.94%
1/30/2012,45.78,45.39,45.79,45.07,4.77M,0.00%
1/27/2012,45.78,45.51,45.93,45.36,4.07M,0.26%
1/26/2012,45.66,46.51,46.51,45.43,4.92M,-0.31%
1/25/2012,45.8,45.39,46.39,44.61,7.29M,-0.17%
1/24/2012,45.88,45.2,45.89,45.12,5.61M,1.21%
1/23/2012,45.33,45.1,45.73,45.1,4.33M,0.22%
1/20/2012,45.23,45.26,45.87,44.65,6.52M,-0.66%
1/19/2012,45.53,45.8,45.92,45.45,4.49M,-0.52%
1/18/2012,45.77,45.3,45.92,45.16,3.76M,0.73%
1/17/2012,45.44,45.54,46.14,45.41,5.14M,1.27%
1/13/2012,44.87,45.16,45.26,44.71,3.47M,-1.51%
1/12/2012,45.56,45.51,45.72,45.13,3.71M,0.71%
1/11/2012,45.24,44.58,45.4,44.53,4.60M,0.89%
1/10/2012,44.84,44.38,45.03,44.14,4.72M,2.59%
1/9/2012,43.71,43.94,43.94,43.5,4.33M,0.28%
1/6/2012,43.59,43.78,43.95,43.42,3.49M,-0.57%
1/5/2012,43.84,43.92,44.07,43.45,4.61M,-0.97%
1/4/2012,44.27,43.81,44.38,43.7,6.17M,0.52%
1/3/2012,44.04,44.18,44.61,43.9,4.88M,2.16%
12/30/2011,43.11,43.56,43.63,43.1,2.43M,-0.99%
12/29/2011,43.54,42.68,43.57,42.63,2.50M,0.95%
12/28/2011,43.13,43.63,43.69,43.03,2.55M,-1.21%
12/27/2011,43.66,43.63,43.99,43.52,2.54M,-0.21%
12/23/2011,43.75,43.49,43.79,43.2,2.28M,0.90%
12/22/2011,43.36,43.48,43.55,43.02,5.79M,-0.14%
12/21/2011,43.42,44.04,44.18,42.97,6.17M,-1.05%
12/20/2011,43.88,43.19,44.04,42.99,4.78M,3.69%
12/19/2011,42.32,42.83,43.22,42.23,4.30M,-0.89%
12/16/2011,42.7,43.45,43.83,42.38,11.67M,-1.54%
12/15/2011,43.37,43.41,43.66,43.01,3.81M,0.49%
12/14/2011,43.16,43.5,43.76,42.91,5.18M,-1.37%
12/13/2011,43.76,44.24,44.8,43.5,5.40M,-0.39%
12/12/2011,43.93,44.61,44.68,43.73,4.84M,-2.40%
12/9/2011,45.01,44.05,45.17,43.99,3.95M,2.62%
12/8/2011,43.86,44.63,44.9,43.7,4.29M,-2.47%
12/7/2011,44.97,44.77,45.2,44.05,5.18M,-0.09%
12/6/2011,45.01,45.4,45.42,44.9,3.55M,-0.42%
12/5/2011,45.2,45.91,46.07,44.85,4.52M,0.13%
12/2/2011,45.14,45.78,46.19,45.09,4.73M,-0.07%
12/1/2011,45.17,44.94,45.5,44.94,2.74M,-0.02%
11/30/2011,45.18,44.44,45.37,44.44,5.32M,4.97%
11/29/2011,43.04,43.48,43.58,43.03,3.74M,-0.23%
11/28/2011,43.14,42.83,43.4,42.76,4.03M,2.96%
11/25/2011,41.9,41.53,42.47,41.53,1.89M,0.10%
11/23/2011,41.86,42.33,42.72,41.86,4.71M,-2.85%
11/22/2011,43.09,43.55,43.62,42.78,3.82M,-1.37%
11/21/2011,43.69,44.02,44.14,42.96,4.69M,-2.67%
11/18/2011,44.89,44.97,45.07,44.4,3.44M,0.56%
11/17/2011,44.64,45.57,45.66,44.19,4.92M,-2.28%
11/16/2011,45.68,45.95,46.54,45.62,5.75M,-2.37%
11/15/2011,46.79,46.48,47.07,46.09,3.78M,0.36%
11/14/2011,46.62,46.7,47.03,46.41,3.15M,-0.98%
11/11/2011,47.08,46.39,47.4,46.39,4.57M,3.04%
11/10/2011,45.69,45.59,46.08,45.33,3.66M,1.33%
11/9/2011,45.09,45.67,45.8,44.8,4.68M,-3.07%
11/8/2011,46.52,46.38,46.6,45.95,3.76M,0.67%
11/7/2011,46.21,46.05,46.21,45.34,3.45M,0.70%
11/4/2011,45.89,46.1,46.1,45.14,4.13M,-0.82%
11/3/2011,46.27,45.89,46.39,45.5,4.41M,2.01%
11/2/2011,45.36,45.14,45.65,44.92,4.74M,2.28%
11/1/2011,44.35,44.9,44.98,43.86,5.86M,-3.57%
10/31/2011,45.99,46.69,46.7,45.97,3.71M,-1.94%
10/28/2011,46.9,46.6,47.14,46.57,4.12M,0.28%
10/27/2011,46.77,45.93,47.17,45.89,6.13M,4.26%
10/26/2011,44.86,45.06,45.33,44.25,4.97M,1.04%
10/25/2011,44.4,44.33,45.03,44.21,4.19M,-1.79%
10/24/2011,45.21,44.86,45.36,44.7,4.20M,1.44%
10/21/2011,44.57,44.24,44.73,43.96,6.05M,1.78%
10/20/2011,43.79,43.4,44.03,42.8,5.02M,1.34%
10/19/2011,43.21,43.35,44.11,42.76,6.43M,-1.17%
10/18/2011,43.72,42.74,44.19,42.29,5.01M,2.77%
10/17/2011,42.54,43.93,43.98,42.44,4.01M,-3.36%
10/14/2011,44.02,43.91,44.15,43.64,3.16M,1.50%
10/13/2011,43.37,44.14,44.19,42.7,4.75M,-0.96%
10/12/2011,43.79,43.82,44.24,43.55,5.10M,0.69%
10/11/2011,43.49,43.42,43.65,43.03,3.63M,-0.02%
10/10/2011,43.5,42.88,43.5,42.73,3.41M,3.20%
10/7/2011,42.15,42.22,42.69,41.81,5.21M,0.67%
10/6/2011,41.87,41.15,41.89,40.8,5.79M,1.97%
10/5/2011,41.06,41.02,41.25,40.58,9.77M,0.10%
10/4/2011,41.02,40.36,41.1,39.44,8.65M,0.27%
10/3/2011,40.91,41.22,41.83,40.73,6.07M,-1.42%
9/30/2011,41.5,41.71,42.46,41.31,6.90M,-2.83%
9/29/2011,42.71,43.12,43.23,41.83,4.72M,0.78%
9/28/2011,42.38,43.28,43.81,42.26,6.38M,-1.76%
9/27/2011,43.14,43.35,44.15,42.68,6.84M,2.23%
9/26/2011,42.2,41.21,42.3,40.77,7.97M,3.81%
9/23/2011,40.65,40.7,41.13,40.31,8.76M,0.89%
9/22/2011,40.29,41.32,41.58,39.71,13.12M,-8.76%
9/21/2011,44.16,44.8,45.76,44.12,6.97M,-1.49%
9/20/2011,44.83,44.95,45.39,44.21,5.78M,0.61%
9/19/2011,44.56,43.78,44.76,43.56,5.32M,0.07%
9/16/2011,44.53,44.91,44.97,44.07,8.96M,-0.16%
9/15/2011,44.6,43.91,44.65,43.83,5.39M,2.62%
9/14/2011,43.46,42.94,44.09,42.05,4.89M,1.71%
9/13/2011,42.73,42.22,42.9,41.69,4.23M,1.86%
9/12/2011,41.95,41.13,42.01,40.84,5.02M,0.84%
9/9/2011,41.6,42.22,42.43,41.36,5.30M,-2.89%
9/8/2011,42.84,42.72,43.32,42.64,5.35M,-0.44%
9/7/2011,43.03,42.51,43.04,42.16,4.62M,3.49%
9/6/2011,41.58,40.44,41.68,40.4,4.74M,-0.76%
9/2/2011,41.9,42.25,42.4,41.68,4.84M,-2.76%
9/1/2011,43.09,43.84,44.4,43.04,5.05M,-1.60%
8/31/2011,43.79,43.94,44.45,43.53,5.09M,0.67%
8/30/2011,43.5,43.52,43.84,43.25,5.52M,-0.16%
8/29/2011,43.57,42.87,43.66,42.84,4.06M,3.22%
8/26/2011,42.21,41.44,42.49,40.62,5.28M,1.15%
8/25/2011,41.73,42.2,42.84,41.53,7.49M,-0.93%
8/24/2011,42.12,41.1,42.22,40.99,5.12M,2.11%
8/23/2011,41.25,40.24,41.25,40,6.59M,3.33%
8/22/2011,39.92,40.71,40.79,39.62,5.95M,0.35%
8/19/2011,39.78,39.62,40.73,39.61,8.69M,-1.00%
8/18/2011,40.18,41.2,41.3,39.78,9.63M,-5.46%
8/17/2011,42.5,42.91,43.02,42.17,4.73M,-0.68%
8/16/2011,42.79,42.86,43.58,42.46,6.01M,-1.34%
8/15/2011,43.37,43.18,43.47,42.58,7.18M,1.50%
8/12/2011,42.73,41.22,42.8,41.18,9.45M,3.89%
8/11/2011,41.13,39.84,41.67,39.64,8.84M,3.39%
8/10/2011,39.78,41.17,41.42,39.64,10.41M,-5.76%
8/9/2011,42.21,40.08,42.27,39.59,11.74M,2.63%
8/8/2011,41.13,42.43,43.26,41.12,12.14M,-5.95%
8/5/2011,43.73,44.41,44.86,42.86,10.41M,-0.30%
8/4/2011,43.86,46.08,46.26,43.78,9.82M,-6.24%
8/3/2011,46.78,46.56,46.89,45.8,7.42M,0.49%
8/2/2011,46.55,48.17,48.45,46.55,6.72M,-4.16%
8/1/2011,48.57,49.14,49.44,47.92,4.45M,-0.59%
7/29/2011,48.86,48.48,49.39,48.07,4.87M,-0.10%
7/28/2011,48.91,49.6,49.76,48.85,4.66M,-0.97%
7/27/2011,49.39,50.44,50.49,49.26,6.10M,-2.83%
7/26/2011,50.83,51.33,51.46,50.49,4.62M,-1.30%
7/25/2011,51.5,51.11,51.83,50.9,3.32M,-0.44%
7/22/2011,51.73,52.38,52.44,51.71,3.65M,-0.58%
7/21/2011,52.03,52.19,52.49,51.79,4.95M,1.15%
7/20/2011,51.44,51.7,51.7,50.53,6.25M,-1.81%
7/19/2011,52.39,51.89,52.82,51.87,5.01M,1.37%
7/18/2011,51.68,51.91,51.98,51.2,3.69M,-0.79%
7/15/2011,52.09,51.97,52.26,51.68,4.15M,0.56%
7/14/2011,51.8,51.85,52.59,51.67,3.15M,-0.38%
7/13/2011,52,52.32,52.69,51.9,3.73M,-0.33%
7/12/2011,52.17,52.75,52.76,52.1,5.02M,-0.76%
7/11/2011,52.57,52.7,53.04,52.39,4.91M,-1.35%
7/8/2011,53.29,53.38,53.66,53.05,4.52M,-1.13%
7/7/2011,53.9,53.68,54.16,53.53,6.31M,1.07%
7/6/2011,53.33,52.87,53.44,52.7,4.33M,1.02%
7/5/2011,52.79,53,53.42,52.62,4.05M,-0.70%
7/1/2011,53.16,52.33,53.4,52.12,4.48M,1.84%
6/30/2011,52.2,51.14,52.88,51.1,4.60M,2.35%
6/29/2011,51,51.46,51.46,50.72,4.22M,-0.10%
6/28/2011,51.05,50.65,51.07,50.41,4.32M,1.43%
6/27/2011,50.33,49.55,50.59,49.39,3.19M,1.19%
6/24/2011,49.74,50.19,50.29,49.45,4.41M,-0.94%
6/23/2011,50.21,49.73,50.25,49.36,5.00M,-0.36%
6/22/2011,50.39,50.29,50.85,50.23,3.40M,-0.14%
6/21/2011,50.46,50.6,50.78,50.22,4.39M,0.02%
6/20/2011,50.45,49.76,50.65,49.66,3.58M,1.14%
6/17/2011,49.88,50.13,50.29,49.83,6.20M,0.26%
6/16/2011,49.75,49.16,49.92,49.01,4.92M,1.30%
6/15/2011,49.11,49.07,49.51,48.85,3.54M,-0.91%
6/14/2011,49.56,49.17,49.79,49.16,4.02M,1.52%
6/13/2011,48.82,48.91,49.09,48.67,3.39M,0.08%
6/10/2011,48.78,49.31,49.46,48.72,4.28M,-1.65%
6/9/2011,49.6,49.15,49.85,48.94,3.89M,1.27%
6/8/2011,48.98,49.33,49.33,48.77,3.13M,-0.24%
6/7/2011,49.1,49.51,49.63,49.1,3.34M,-0.55%
6/6/2011,49.37,48.91,49.57,48.81,5.47M,0.55%
6/3/2011,49.1,49.02,49.32,48.62,5.07M,-1.25%
6/2/2011,49.72,49.73,49.87,49.37,4.39M,0.00%
6/1/2011,49.72,51.47,51.63,49.69,6.96M,-3.96%
5/31/2011,51.77,51.31,51.78,51.07,4.75M,1.67%
5/27/2011,50.92,51.06,51.17,50.77,2.91M,-0.06%
5/26/2011,50.95,50.76,51.07,50.38,3.53M,0.14%
5/25/2011,50.88,50.35,51.15,50.26,4.04M,0.75%
5/24/2011,50.5,50.78,50.91,50.46,3.41M,-0.55%
5/23/2011,50.78,50.97,51.03,50.59,4.12M,-1.61%
5/20/2011,51.61,51.96,51.97,51.31,3.94M,-0.67%
5/19/2011,51.96,51.69,52.29,51.64,3.77M,1.09%
5/18/2011,51.4,51.34,51.59,51.11,5.74M,-0.77%
5/17/2011,51.8,52.26,52.43,51.37,5.21M,-1.18%
5/16/2011,52.42,52.17,52.64,51.96,3.36M,-0.11%
5/13/2011,52.48,53.03,53.1,52.11,3.41M,-0.66%
5/12/2011,52.83,52.58,52.91,52.35,3.81M,0.06%
5/11/2011,52.8,53.02,53.19,52.68,4.18M,-0.32%
5/10/2011,52.97,52.97,53.15,52.89,3.43M,0.32%
5/9/2011,52.8,52.42,53.19,52.42,2.59M,0.34%
5/6/2011,52.62,52.87,53.41,52.46,5.02M,0.77%
5/5/2011,52.22,52.55,52.81,51.84,4.94M,-0.95%
5/4/2011,52.72,53.05,53.28,52.31,4.47M,-0.51%
5/3/2011,52.99,52.91,53.37,52.78,3.58M,-0.17%
5/2/2011,53.08,53.1,53.48,52.78,3.78M,0.45%
4/29/2011,52.84,52.59,52.97,52.49,3.64M,0.65%
4/28/2011,52.5,51.85,52.75,51.7,4.13M,1.31%
4/27/2011,51.82,51.89,51.97,51.51,3.48M,0.00%
4/26/2011,51.82,51.18,52.17,51.1,6.05M,1.53%
4/25/2011,51.04,51.31,51.37,50.9,3.50M,-0.64%
4/21/2011,51.37,50.81,51.47,50.52,5.85M,1.38%
4/20/2011,50.67,50.03,51.23,49.54,7.96M,4.30%
4/19/2011,48.58,48.2,48.64,48.2,3.41M,0.81%
4/18/2011,48.19,48.73,48.74,47.89,5.49M,-2.09%
4/15/2011,49.22,49.59,49.66,49.05,4.46M,-0.63%
4/14/2011,49.53,49.39,49.56,48.78,3.05M,-0.28%
4/13/2011,49.67,49.83,50,49.16,3.75M,0.28%
4/12/2011,49.53,49.85,50,49.25,3.34M,-1.18%
4/11/2011,50.12,50.13,50.46,50.01,2.42M,0.20%
4/8/2011,50.02,50.51,50.71,49.65,2.59M,-0.66%
4/7/2011,50.35,50.4,50.72,49.93,2.59M,-0.34%
4/6/2011,50.52,50.61,50.72,50.25,2.01M,0.30%
4/5/2011,50.37,50.13,50.49,49.89,2.42M,0.20%
4/4/2011,50.27,50.53,50.55,50.09,2.08M,-0.10%
4/1/2011,50.32,50.19,50.69,50.08,3.30M,0.78%
3/31/2011,49.93,49.53,50.2,49.52,3.58M,0.50%
3/30/2011,49.68,49.79,49.88,49.53,2.44M,0.12%
3/29/2011,49.62,49.29,49.69,49.11,3.44M,0.79%
3/28/2011,49.23,49.4,49.6,49.16,3.56M,-0.06%
3/25/2011,49.26,48.96,49.3,48.83,4.02M,0.92%
3/24/2011,48.81,48.36,48.9,48.23,3.26M,1.10%
3/23/2011,48.28,47.69,48.52,47.66,3.93M,1.22%
3/22/2011,47.7,48.08,48.09,47.52,4.56M,-0.73%
3/21/2011,48.05,47.95,48.38,47.73,3.26M,1.63%
3/18/2011,47.28,47.48,47.72,47.08,6.06M,0.85%
3/17/2011,46.88,46.82,47.13,46.6,4.55M,1.47%
3/16/2011,46.2,46.78,46.95,46.12,6.17M,-1.49%
3/15/2011,46.9,46.29,47.19,45.45,5.73M,-1.51%
3/14/2011,47.62,47.62,47.91,47.37,3.73M,-0.67%
3/11/2011,47.94,47.56,48.14,47.34,4.19M,0.44%
3/10/2011,47.73,48.47,48.52,47.52,6.70M,-2.37%
3/9/2011,48.89,49.03,49.07,48.38,3.81M,-0.45%
3/8/2011,49.11,48.71,49.57,48.45,3.46M,1.20%
3/7/2011,48.53,48.97,49.37,48.31,3.85M,-0.70%
3/4/2011,48.87,49.36,49.43,48.48,3.99M,-1.19%
3/3/2011,49.46,48.62,49.69,48.57,4.09M,2.21%
3/2/2011,48.39,48.53,48.68,48.02,3.87M,-0.04%
3/1/2011,48.41,49.39,49.56,48.32,4.01M,-1.75%
2/28/2011,49.27,49.3,49.66,49.14,3.21M,0.20%
2/25/2011,49.17,49.15,49.28,48.9,2.61M,0.78%
2/24/2011,48.79,48.73,49.18,48.25,3.53M,-0.08%
2/23/2011,48.83,49.4,49.69,48.51,5.24M,-0.91%
2/22/2011,49.28,49.86,49.95,49.06,4.17M,-1.72%
2/18/2011,50.14,49.98,50.15,49.89,3.81M,0.56%
2/17/2011,49.86,49.94,50.13,49.69,3.32M,-0.62%
2/16/2011,50.17,50.05,50.21,49.79,3.00M,0.16%
2/15/2011,50.09,50.2,50.2,49.83,2.82M,-0.34%
2/14/2011,50.26,50.18,50.39,50.08,2.79M,0.02%
2/11/2011,50.25,49.92,50.41,49.82,2.98M,0.52%
2/10/2011,49.99,49.76,50.22,49.74,4.43M,0.93%
2/9/2011,49.53,49.38,49.54,49.08,3.09M,0.12%
2/8/2011,49.47,49.02,49.51,49.01,2.58M,0.26%
2/7/2011,49.34,48.87,49.44,48.8,3.57M,1.38%
2/4/2011,48.67,48.56,48.72,48.37,2.83M,0.37%
2/3/2011,48.49,48.46,48.55,48.12,2.28M,0.06%
2/2/2011,48.46,48.27,48.68,48.18,2.76M,0.41%
2/1/2011,48.26,48.15,48.4,48.03,3.52M,0.65%
1/31/2011,47.95,48.25,48.36,47.57,4.29M,-0.17%
1/28/2011,48.03,48.88,49,47.6,4.56M,-1.40%
1/27/2011,48.71,48.33,48.95,48.25,4.45M,1.44%
1/26/2011,48.02,48.18,48.34,47.63,5.31M,-0.39%
1/25/2011,48.21,48.05,48.21,47.7,4.50M,0.27%
1/24/2011,48.08,47.34,48.09,47.34,4.74M,1.65%
1/21/2011,47.3,47.13,47.48,47.04,4.62M,0.81%
1/20/2011,46.92,46.96,47.13,46.58,3.94M,-0.45%
1/19/2011,47.13,46.99,47.19,46.7,4.11M,0.43%
1/18/2011,46.93,46.76,47.04,46.71,3.79M,0.62%
1/14/2011,46.64,46.71,46.78,46.41,4.63M,-0.53%
1/13/2011,46.89,46.88,47.04,46.68,2.69M,0.09%
1/12/2011,46.85,46.93,47.13,46.74,3.24M,0.64%
1/11/2011,46.55,46.36,46.7,46.28,3.48M,0.58%
1/10/2011,46.28,46.16,46.41,45.89,3.30M,-0.77%
1/7/2011,46.64,46.68,47,46.38,2.77M,-0.09%
1/6/2011,46.68,46.84,47.04,46.62,3.49M,-0.11%
1/5/2011,46.73,46.35,46.92,46.35,2.82M,0.13%
1/4/2011,46.67,46.35,46.88,46.24,3.66M,0.17%
1/3/2011,46.59,46.71,46.84,46.57,3.06M,0.34%
12/31/2010,46.43,46.48,46.49,46.15,1.78M,-0.17%
12/30/2010,46.51,46.55,46.67,46.37,1.50M,-0.30%
12/29/2010,46.65,46.87,46.99,46.65,1.56M,-0.26%
12/28/2010,46.77,46.93,46.93,46.62,2.07M,0.04%
12/27/2010,46.75,46.81,46.83,46.58,1.39M,-0.30%
12/23/2010,46.89,46.88,46.95,46.71,1.86M,-0.02%
12/22/2010,46.9,46.82,47.01,46.64,2.12M,0.21%
12/21/2010,46.8,46.61,46.87,46.34,2.84M,0.56%
12/20/2010,46.54,46.82,46.89,46.47,2.80M,0.13%
12/17/2010,46.48,46.5,46.64,46.23,5.39M,-0.28%
12/16/2010,46.61,46.5,46.74,46.35,3.05M,0.09%
12/15/2010,46.57,46.42,46.84,46.35,3.97M,0.13%
12/14/2010,46.51,45.9,46.6,45.9,3.55M,0.91%
12/13/2010,46.09,46.5,46.5,46.07,3.76M,-0.32%
12/10/2010,46.24,46.29,46.5,46.05,3.82M,0.98%
12/9/2010,45.79,46.09,46.13,45.66,3.86M,-0.07%
12/8/2010,45.82,46.39,46.61,45.62,5.38M,-1.08%
12/7/2010,46.32,46.84,46.84,46.22,4.48M,0.15%
12/6/2010,46.25,46.35,46.48,46.14,2.70M,-0.41%
12/3/2010,46.44,46.25,46.48,46.18,3.23M,0.04%
12/2/2010,46.42,46.24,46.81,46.06,4.85M,0.56%
12/1/2010,46.16,45.14,46.29,45.14,7.95M,3.96%
11/30/2010,44.4,43.71,44.64,43.67,5.55M,0.63%
11/29/2010,44.12,44.07,44.28,43.58,4.36M,-0.63%
11/26/2010,44.4,44.6,44.64,44.35,1.96M,-1.07%
11/24/2010,44.88,44.09,44.95,43.98,3.94M,2.58%
11/23/2010,43.75,43.86,43.93,43.47,4.12M,-1.24%
11/22/2010,44.3,44.18,44.53,43.8,3.44M,-0.27%
11/19/2010,44.42,44.29,44.48,44.03,4.02M,0.38%
11/18/2010,44.25,43.85,44.53,43.78,3.65M,1.89%
11/17/2010,43.43,43.49,43.69,43.31,3.90M,-0.71%
11/16/2010,43.74,44.12,44.2,43.51,6.00M,-1.53%
11/15/2010,44.42,44.25,44.67,44.16,4.72M,0.57%
11/12/2010,44.17,44.2,44.37,43.89,4.77M,-0.67%
11/11/2010,44.47,44.75,44.8,44.26,3.51M,-0.98%
11/10/2010,44.91,45.14,45.19,44.71,4.02M,-0.71%
11/9/2010,45.23,45.23,45.29,45.03,3.81M,0.07%
11/8/2010,45.2,45.13,45.36,45.02,3.15M,-0.15%
11/5/2010,45.27,45.11,45.35,44.91,4.71M,0.67%
11/4/2010,44.97,44.83,45.36,44.51,5.50M,1.58%
11/3/2010,44.27,44.38,44.55,43.83,3.59M,-0.25%
11/2/2010,44.38,44.36,44.6,44.28,2.81M,0.82%
11/1/2010,44.02,44.4,44.69,43.71,3.40M,-0.18%
10/29/2010,44.1,43.84,44.17,43.71,2.65M,0.09%
10/28/2010,44.06,44.24,44.46,43.63,3.14M,0.32%
10/27/2010,43.92,43.78,43.96,43.23,3.32M,-0.27%
10/26/2010,44.04,43.92,44.13,43.66,3.53M,-0.45%
10/25/2010,44.24,44.51,44.57,44.12,4.07M,0.09%
10/22/2010,44.2,44.38,44.38,43.94,3.17M,-0.05%
10/21/2010,44.22,43.84,44.58,43.79,8.87M,1.42%
10/20/2010,43.6,42.47,43.81,42.42,8.76M,0.41%
10/19/2010,43.42,43.53,43.75,42.97,5.81M,-1.27%
10/18/2010,43.98,43.81,44.18,43.63,3.83M,0.62%
10/15/2010,43.71,43.85,44.16,43.29,4.67M,-0.05%
10/14/2010,43.73,43.76,43.76,43.29,4.85M,-0.05%
10/13/2010,43.75,43.36,44,43.27,4.99M,1.65%
10/12/2010,43.04,42.82,43.22,42.35,3.94M,0.05%
10/11/2010,43.02,43.12,43.12,42.83,2.46M,0.05%
10/8/2010,43,43.05,43.17,42.64,3.51M,0.16%
10/7/2010,42.93,42.95,43.09,42.71,3.02M,-0.12%
10/6/2010,42.98,42.69,43.03,42.69,3.95M,0.49%
10/5/2010,42.77,42.06,42.95,42.02,5.54M,2.81%
10/4/2010,41.6,42.43,42.48,41.42,4.44M,-0.83%
10/1/2010,41.95,42.28,42.48,41.87,5.00M,-0.14%
9/30/2010,42.01,42.36,43.02,41.88,5.02M,-0.38%
9/29/2010,42.17,42.05,42.34,41.98,2.93M,-0.14%
9/28/2010,42.23,41.97,42.35,41.31,3.50M,0.98%
9/27/2010,41.82,42.08,42.15,41.79,3.73M,-0.83%
9/24/2010,42.17,41.55,42.28,41.55,2.99M,2.43%
9/23/2010,41.17,41.26,41.62,41.06,3.41M,-1.10%
9/22/2010,41.63,41.54,42,41.54,3.06M,-0.02%
9/21/2010,41.64,41.6,42.01,41.45,4.47M,0.31%
9/20/2010,41.51,41.11,41.65,40.84,2.98M,1.22%
9/17/2010,41.01,40.66,41.07,40.44,5.20M,1.46%
9/16/2010,40.42,40.2,40.51,40.11,2.81M,0.37%
9/15/2010,40.27,40.52,40.52,40.14,3.69M,-0.64%
9/14/2010,40.53,40.53,40.88,40.32,3.47M,-0.10%
9/13/2010,40.57,40.89,41.17,40.27,4.48M,-0.15%
9/10/2010,40.63,40.64,40.79,40.39,3.03M,0.40%
9/9/2010,40.47,40.9,40.96,40.25,2.69M,0.22%
9/8/2010,40.38,40.14,40.66,40.13,3.08M,0.70%
9/7/2010,40.1,40.11,40.35,39.91,3.76M,-0.40%
9/3/2010,40.26,40.13,40.44,39.8,4.32M,1.21%
9/2/2010,39.78,39.58,39.78,39.46,3.84M,0.10%
9/1/2010,39.74,38.95,39.86,38.74,5.23M,3.33%
8/31/2010,38.46,38.41,38.77,38.14,5.20M,-0.29%
8/30/2010,38.57,39.2,39.2,38.57,3.37M,-1.76%
8/27/2010,39.26,38.92,39.33,38.33,5.07M,2.32%
8/26/2010,38.37,38.64,38.83,38.31,5.60M,-0.31%
8/25/2010,38.49,38.42,38.78,38.08,6.61M,-0.62%
8/24/2010,38.73,39.12,39.26,38.57,5.29M,-2.32%
8/23/2010,39.65,40.43,40.68,39.64,3.95M,-1.32%
8/20/2010,40.18,39.84,40.52,39.76,3.82M,-0.57%
8/19/2010,40.41,41.06,41.37,40.12,6.07M,-2.04%
8/18/2010,41.25,41.49,41.64,40.87,4.94M,-0.82%
8/17/2010,41.59,41.79,42.07,41.23,6.49M,0.24%
8/16/2010,41.49,41.4,41.75,40.99,2.60M,-0.50%
8/13/2010,41.7,41.45,41.87,41.36,2.47M,0.17%
8/12/2010,41.63,41.49,41.84,41.46,2.87M,-0.98%
8/11/2010,42.04,42.56,42.66,41.74,4.84M,-2.89%
8/10/2010,43.29,42.95,43.53,42.43,4.10M,0.07%
8/9/2010,43.26,43.26,43.41,42.99,2.67M,0.84%
8/6/2010,42.9,42.7,43.18,42.28,3.21M,-0.63%
8/5/2010,43.17,42.69,43.26,42.53,3.07M,0.72%
8/4/2010,42.86,42.59,43.02,42.5,2.81M,0.89%
8/3/2010,42.48,42.61,42.93,42.45,3.56M,-0.82%
8/2/2010,42.83,42.49,42.97,42.33,3.80M,2.12%
7/30/2010,41.94,41.62,42.17,41.16,4.73M,-0.07%
7/29/2010,41.97,42.16,42.47,41.58,5.16M,0.07%
7/28/2010,41.94,41.92,42.15,41.75,3.67M,0.02%
7/27/2010,41.93,42.44,42.45,41.73,4.62M,-0.69%
7/26/2010,42.22,41.65,42.34,41.49,4.54M,0.96%
7/23/2010,41.82,40.98,41.96,40.79,4.67M,1.98%
7/22/2010,41.01,40.11,41.23,40.11,5.20M,3.72%
7/21/2010,39.54,39.91,40.54,39.24,6.60M,-0.75%
7/20/2010,39.84,38.78,39.95,38.78,5.26M,1.74%
7/19/2010,39.16,39.18,39.46,39,4.73M,0.54%
7/16/2010,38.95,40.08,40.12,38.86,4.50M,-3.11%
7/15/2010,40.2,40.08,40.32,39.62,4.33M,0.22%
7/14/2010,40.11,39.89,40.31,39.74,3.44M,0.35%
7/13/2010,39.97,39.62,40.3,39.62,5.04M,1.63%
7/12/2010,39.33,39.62,39.87,39.09,3.79M,-1.23%
7/9/2010,39.82,39.68,39.93,39.45,2.92M,0.43%
7/8/2010,39.65,39.56,39.66,39.1,3.64M,1.02%
7/7/2010,39.25,38.1,39.28,38.08,5.26M,3.02%
7/6/2010,38.1,38.23,38.47,37.7,5.78M,0.47%
7/2/2010,37.92,38.01,38.3,37.65,3.99M,-0.16%
7/1/2010,37.98,38.25,38.28,37.52,5.68M,-0.78%
6/30/2010,38.28,38.33,38.84,38,6.56M,-0.10%
6/29/2010,38.32,38.98,39.38,37.94,7.03M,-3.18%
6/28/2010,39.58,40.05,40.08,39.41,3.32M,-1.10%
6/25/2010,40.02,39.77,40.04,39.41,7.92M,0.76%
6/24/2010,39.72,40.04,40.41,39.61,5.51M,-0.95%
6/23/2010,40.1,40.21,40.51,39.79,5.07M,0.00%
6/22/2010,40.1,40.87,41.09,40.02,4.20M,-2.00%
6/21/2010,40.92,41.49,41.65,40.72,4.52M,0.29%
6/18/2010,40.8,40.49,40.84,40.41,6.19M,0.89%
6/17/2010,40.44,40.49,40.52,39.94,4.35M,-0.05%
6/16/2010,40.46,40.21,40.52,40.14,4.06M,0.00%
6/15/2010,40.46,39.53,40.5,39.49,4.94M,2.53%
6/14/2010,39.46,39.22,40.01,39.19,6.66M,1.02%
6/11/2010,39.06,38.3,39.1,38.07,4.58M,1.11%
6/10/2010,38.63,38.06,38.7,37.67,5.87M,3.26%
6/9/2010,37.41,38.01,38.23,37.32,8.00M,-1.21%
6/8/2010,37.87,37.31,37.91,37.09,7.43M,1.56%
6/7/2010,37.29,38.49,38.6,37.25,8.31M,-2.94%
6/4/2010,38.42,39.29,39.41,38.27,6.46M,-4.00%
6/3/2010,40.02,39.97,40.25,39.68,3.91M,0.58%
6/2/2010,39.79,39.2,39.83,38.91,4.30M,2.13%
6/1/2010,38.96,39.28,39.79,38.89,5.13M,-1.96%
5/28/2010,39.74,40.25,40.35,39.54,4.81M,-1.07%
5/27/2010,40.17,39.72,40.17,39.51,5.08M,2.95%
5/26/2010,39.02,39.41,39.96,38.93,6.56M,0.00%
5/25/2010,39.02,37.95,39.11,37.62,7.86M,0.05%
5/24/2010,39,39.32,39.39,38.82,5.35M,-0.48%
5/21/2010,39.19,38.09,39.58,38.09,10.63M,0.03%
5/20/2010,39.18,39.99,40.44,39.14,10.90M,-4.21%
5/19/2010,40.9,41.38,41.73,40.5,8.50M,-1.89%
5/18/2010,41.69,42.21,42.43,41.57,6.04M,-0.48%
5/17/2010,41.89,42.3,42.47,41.24,5.98M,-0.78%
5/14/2010,42.22,42.67,42.83,41.69,6.65M,-1.75%
5/13/2010,42.97,43.12,43.71,42.9,5.28M,-0.39%
5/12/2010,43.14,43.09,43.31,42.81,5.07M,0.02%
5/11/2010,43.13,42.67,43.79,42.66,5.97M,0.12%
5/10/2010,43.08,42.79,43.26,42.47,7.69M,5.15%
5/7/2010,40.97,41.79,42.15,40.61,10.29M,-2.50%
5/6/2010,42.02,43.09,43.65,38.44,9.27M,-3.18%
5/5/2010,43.4,43.4,43.83,42.96,6.18M,-0.78%
5/4/2010,43.74,44.6,44.6,43.32,5.43M,-2.78%
5/3/2010,44.99,44.39,45.05,44.32,4.12M,1.76%
4/30/2010,44.21,44.84,45.11,44.18,5.07M,-1.40%
4/29/2010,44.84,44.42,45.03,44.33,4.97M,1.82%
4/28/2010,44.04,44.02,44.18,43.39,6.12M,0.46%
4/27/2010,43.84,44.95,45.03,43.69,6.24M,-2.71%
4/26/2010,45.06,45.16,45.46,44.98,3.46M,-0.09%
4/23/2010,45.1,45.13,45.29,44.7,4.71M,0.04%
4/22/2010,45.08,45.2,45.27,44.79,8.61M,-0.64%
4/21/2010,45.37,43.43,45.47,43.43,10.71M,3.68%
4/20/2010,43.76,43.72,44.05,43.22,4.98M,0.60%
4/19/2010,43.5,43.33,43.53,43.06,5.12M,0.09%
4/16/2010,43.46,44.04,44.11,43.18,7.57M,-1.25%
4/15/2010,44.01,43.58,44.07,43.5,3.36M,0.82%
4/14/2010,43.65,43.25,43.68,43.13,3.38M,0.74%
4/13/2010,43.33,43.4,43.48,43.02,4.42M,-0.39%
4/12/2010,43.5,43.86,43.86,43.4,3.79M,-0.32%
4/9/2010,43.64,43.48,43.65,43.3,2.82M,0.39%
4/8/2010,43.47,43.46,43.59,43.22,3.35M,-0.39%
4/7/2010,43.64,43.97,44.02,43.37,5.23M,-0.91%
4/6/2010,44.04,43.96,44.22,43.89,3.69M,-0.25%
4/5/2010,44.15,43.84,44.21,43.78,4.50M,0.98%
4/1/2010,43.72,43.57,43.93,43.37,3.46M,0.69%
3/31/2010,43.42,43.6,43.84,43.3,3.76M,-0.69%
3/30/2010,43.72,43.78,44.15,43.62,2.88M,0.16%
3/29/2010,43.65,43.52,43.84,43.43,3.03M,0.53%
3/26/2010,43.42,43.33,43.69,43.33,4.79M,0.46%
3/25/2010,43.22,43.3,43.54,43.16,3.94M,0.32%
3/24/2010,43.08,43.04,43.37,42.91,4.18M,-0.07%
3/23/2010,43.11,42.89,43.16,42.81,4.96M,0.65%
3/22/2010,42.83,42.86,43.07,42.8,5.18M,-0.86%
3/19/2010,43.2,42.91,43.49,42.89,9.20M,1.03%
3/18/2010,42.76,42.51,42.79,42.5,3.17M,0.42%
3/17/2010,42.58,42.84,42.94,42.5,4.49M,-0.28%
3/16/2010,42.7,42.45,42.76,42.22,5.15M,0.78%
3/15/2010,42.37,42.18,42.53,42.07,5.46M,0.43%
3/12/2010,42.19,42.34,42.73,41.96,5.81M,-0.71%
3/11/2010,42.49,42.44,42.49,42.03,4.98M,0.35%
3/10/2010,42.34,42.45,42.6,42.1,4.90M,0.00%
3/9/2010,42.34,42.18,42.61,41.97,5.56M,1.44%
3/8/2010,41.74,41.99,42.12,41.74,4.02M,-0.67%
3/5/2010,42.02,41.62,42.06,41.62,4.06M,1.23%
3/4/2010,41.51,41.09,41.75,41.07,5.65M,1.12%
3/3/2010,41.05,41.19,41.51,40.95,4.84M,-0.22%
3/2/2010,41.14,41.22,41.29,41.07,5.96M,0.17%
3/1/2010,41.07,40.6,41.17,40.6,3.70M,1.43%
2/26/2010,40.49,40.5,40.69,40.19,3.97M,-0.02%
2/25/2010,40.5,39.85,40.52,39.55,5.92M,0.07%
2/24/2010,40.47,40.22,40.52,39.98,4.84M,1.23%
2/23/2010,39.98,40.33,40.55,39.94,4.15M,-0.89%
2/22/2010,40.34,40.6,40.65,40.18,3.31M,-0.17%
2/19/2010,40.41,40.25,40.64,40.17,5.30M,0.60%
2/18/2010,40.17,39.83,40.28,39.77,4.12M,1.13%
2/17/2010,39.72,39.1,39.83,38.82,5.99M,1.53%
2/16/2010,39.12,38.96,39.18,38.67,6.29M,0.98%
2/12/2010,38.74,38.87,39.08,38.34,7.96M,-1.55%
2/11/2010,39.35,39.14,39.43,38.85,5.50M,0.10%
2/10/2010,39.31,39.23,39.48,38.99,4.93M,0.20%
2/9/2010,39.23,39.05,39.58,38.76,5.28M,1.71%
2/8/2010,38.57,39.09,39.12,38.52,5.26M,-1.66%
2/5/2010,39.22,39.15,39.52,38.37,7.83M,0.18%
2/4/2010,39.15,40.03,40.08,39.13,5.98M,-2.73%
2/3/2010,40.25,40,40.36,39.93,4.15M,0.30%
2/2/2010,40.13,40.04,40.36,39.92,6.13M,0.73%
2/1/2010,39.84,39.97,40.09,39.64,4.92M,0.10%
1/29/2010,39.8,39.75,40.4,39.31,7.23M,0.15%
1/28/2010,39.74,39.92,40.01,39.25,5.58M,-0.35%
1/27/2010,39.88,39.67,40.02,39.22,7.69M,-1.24%
1/26/2010,40.38,40.11,40.61,39.99,5.00M,-0.20%
1/25/2010,40.46,41,41,40.44,5.00M,-0.69%
1/22/2010,40.74,41.21,41.46,40.7,5.81M,-1.50%
1/21/2010,41.36,42.14,42.38,41.14,5.11M,-1.83%
